/*M!999999\- enable the sandbox mode */ 
-- MariaDB dump 10.19-11.4.5-MariaDB, for Win64 (AMD64)
--
-- Host: localhost    Database: papchat
-- ------------------------------------------------------
-- Server version	11.4.5-MariaDB

/*!40101 SET @OLD_CHARACTER_SET_CLIENT=@@CHARACTER_SET_CLIENT */;
/*!40101 SET @OLD_CHARACTER_SET_RESULTS=@@CHARACTER_SET_RESULTS */;
/*!40101 SET @OLD_COLLATION_CONNECTION=@@COLLATION_CONNECTION */;
/*!40101 SET NAMES utf8mb4 */;
/*!40103 SET @OLD_TIME_ZONE=@@TIME_ZONE */;
/*!40103 SET TIME_ZONE='+00:00' */;
/*!40014 SET @OLD_UNIQUE_CHECKS=@@UNIQUE_CHECKS, UNIQUE_CHECKS=0 */;
/*!40014 SET @OLD_FOREIGN_KEY_CHECKS=@@FOREIGN_KEY_CHECKS, FOREIGN_KEY_CHECKS=0 */;
/*!40101 SET @OLD_SQL_MODE=@@SQL_MODE, SQL_MODE='NO_AUTO_VALUE_ON_ZERO' */;
/*M!100616 SET @OLD_NOTE_VERBOSITY=@@NOTE_VERBOSITY, NOTE_VERBOSITY=0 */;

--
-- Current Database: `papchat`
--

CREATE DATABASE /*!32312 IF NOT EXISTS*/ `papchat` /*!40100 DEFAULT CHARACTER SET latin1 COLLATE latin1_swedish_ci */;

USE `papchat`;

--
-- Table structure for table `add_on`
--

DROP TABLE IF EXISTS `add_on`;
/*!40101 SET @saved_cs_client     = @@character_set_client */;
/*!40101 SET character_set_client = utf8mb4 */;
CREATE TABLE `add_on` (
  `user_id` int(11) NOT NULL CHECK (`user_id` > 0),
  `room_id` int(11) NOT NULL CHECK (`room_id` > 0),
  `sent_order` int(11) NOT NULL CHECK (`sent_order` > 0),
  `addon_idx` int(11) NOT NULL CHECK (`addon_idx` > 0),
  `x_start` int(11) NOT NULL CHECK (`x_start` >= 0),
  `x_end` int(11) NOT NULL CHECK (`x_end` >= 0),
  `y_start` int(11) NOT NULL CHECK (`y_start` >= 0),
  `y_end` int(11) NOT NULL CHECK (`y_end` >= 0),
  PRIMARY KEY (`user_id`,`room_id`,`sent_order`,`addon_idx`),
  CONSTRAINT `RA_ADDON_PAP` FOREIGN KEY (`user_id`, `room_id`, `sent_order`) REFERENCES `pap` (`user_id`, `room_id`, `sent_order`) ON DELETE CASCADE
) ENGINE=InnoDB DEFAULT CHARSET=latin1 COLLATE=latin1_swedish_ci;
/*!40101 SET character_set_client = @saved_cs_client */;

--
-- Dumping data for table `add_on`
--

LOCK TABLES `add_on` WRITE;
/*!40000 ALTER TABLE `add_on` DISABLE KEYS */;
INSERT INTO `add_on` (`user_id`, `room_id`, `sent_order`, `addon_idx`, `x_start`, `x_end`, `y_start`, `y_end`) VALUES (1,66,1,1,75,120,153,172),
(1,66,1,2,132,191,142,223),
(1,66,1,3,58,127,46,87),
(1,66,1,4,65,125,107,139),
(1,66,1,5,155,213,18,72),
(1,66,1,6,18,89,199,234),
(1,66,1,7,155,216,159,185),
(1,66,1,8,8,50,152,232),
(1,66,1,9,56,128,46,138),
(3,15,1,1,121,204,145,186),
(3,15,1,2,55,125,167,205),
(3,15,1,3,57,143,120,219),
(3,15,1,4,133,228,176,239),
(3,15,1,5,25,80,166,177),
(3,15,1,6,175,232,186,212),
(3,15,1,7,56,138,84,129),
(3,15,1,8,171,237,133,226),
(3,15,1,9,44,63,24,95),
(3,15,1,10,105,136,41,120),
(5,12,1,1,140,219,176,252),
(5,12,1,2,144,225,3,54),
(5,12,1,3,188,231,55,123),
(5,12,1,4,80,121,180,256),
(5,12,1,5,152,191,18,74),
(5,14,1,1,74,161,72,109),
(5,14,1,2,183,206,146,185),
(5,14,1,3,134,169,61,136),
(5,14,1,4,64,92,197,296),
(5,14,1,5,75,150,98,194),
(5,14,1,6,1,97,185,222),
(5,72,1,1,23,104,96,111),
(5,72,1,2,120,153,185,268),
(5,72,1,3,155,218,117,158),
(5,72,1,4,76,156,32,127),
(5,72,1,5,114,129,104,166),
(5,72,1,6,171,219,187,285),
(5,72,1,7,22,83,183,276),
(5,72,1,8,163,252,187,261),
(5,72,1,9,193,291,2,36),
(5,72,1,10,146,232,4,28),
(5,72,1,11,192,269,53,136),
(5,72,1,12,179,240,144,186),
(5,97,1,1,34,79,66,145),
(5,97,1,2,125,155,144,183),
(5,97,1,3,55,91,137,187),
(5,97,1,4,189,283,153,251),
(5,97,1,5,196,253,1,46),
(5,97,1,6,37,125,160,210),
(5,97,1,7,122,144,68,92),
(5,97,1,8,53,153,101,156),
(5,97,1,9,11,105,169,261),
(5,97,1,10,191,274,154,197),
(7,43,1,1,106,139,7,42),
(7,43,1,2,12,37,130,227),
(7,43,1,3,193,242,135,208),
(7,43,1,4,111,123,165,212),
(7,43,1,5,51,114,73,141),
(7,43,1,6,92,180,168,247),
(7,43,1,7,97,127,69,152),
(7,43,1,8,155,244,175,186),
(9,122,1,1,61,130,179,229),
(9,122,1,2,34,69,131,151),
(9,122,1,3,89,118,38,62),
(9,122,1,4,198,295,68,121),
(9,122,1,5,2,88,56,110),
(9,122,1,6,7,86,18,114),
(9,122,1,7,106,156,0,46),
(9,122,1,8,11,90,112,182),
(9,122,1,9,56,83,192,230),
(9,122,1,10,139,206,17,71),
(9,122,1,11,43,106,31,81),
(9,122,1,12,116,193,31,114),
(9,122,1,13,186,272,66,144),
(9,122,1,14,22,116,81,128),
(9,122,1,15,137,218,71,101),
(9,122,1,16,76,169,163,250),
(11,32,1,1,104,167,158,194),
(11,32,1,2,140,166,195,255),
(11,32,1,3,53,108,35,104),
(11,32,1,4,116,198,119,216),
(11,32,1,5,87,137,170,190),
(11,32,1,6,34,82,138,163),
(11,32,1,7,142,184,96,124),
(16,25,1,1,196,280,36,101),
(16,25,1,2,101,133,96,186),
(16,25,1,3,48,92,154,170),
(16,25,1,4,188,266,35,65),
(16,25,1,5,48,105,110,138),
(16,25,1,6,46,129,115,196),
(16,25,1,7,63,89,32,101),
(16,25,1,8,174,191,144,230),
(16,68,1,1,72,169,119,183),
(16,68,1,2,101,152,192,272),
(16,68,1,3,106,169,70,82),
(16,68,1,4,129,200,74,135),
(16,68,1,5,128,168,191,212),
(16,68,1,6,176,223,192,233),
(16,68,1,7,87,165,56,72),
(16,68,1,8,171,259,20,117),
(16,73,1,1,75,92,147,233),
(16,73,1,2,2,46,11,99),
(16,73,1,3,135,227,167,238),
(16,73,1,4,149,199,186,224),
(16,73,1,5,43,137,191,238),
(16,73,1,6,127,170,192,250),
(16,73,1,7,200,292,100,127),
(16,73,1,8,101,184,24,98),
(16,73,1,9,87,145,173,265),
(16,73,1,10,152,190,91,126),
(16,73,1,11,86,136,79,131),
(16,73,1,12,146,246,39,129),
(16,73,1,13,189,271,178,214),
(16,73,1,14,100,196,69,92),
(16,111,1,1,160,213,23,59),
(16,111,1,2,20,60,26,45),
(16,111,1,3,5,27,78,153),
(16,111,1,4,194,229,108,162),
(16,111,1,5,1,66,43,124),
(16,111,1,6,129,147,45,79),
(16,111,1,7,123,150,6,84),
(16,111,1,8,105,118,170,185),
(16,111,1,9,198,268,40,83),
(16,111,1,10,23,107,109,197),
(16,111,1,11,15,75,86,110),
(17,105,1,1,135,204,118,140),
(17,105,1,2,151,251,158,200),
(17,105,1,3,150,220,133,183),
(17,105,1,4,26,64,137,197),
(17,105,1,5,9,72,21,120),
(17,105,1,6,24,47,130,207),
(17,105,1,7,107,206,77,134),
(17,105,1,8,9,67,54,67),
(17,105,1,9,20,60,90,135),
(17,105,1,10,7,46,126,192),
(17,138,1,1,11,27,117,151),
(17,138,1,2,104,198,66,145),
(17,138,1,3,114,142,52,135),
(17,138,1,4,6,105,157,232),
(17,138,1,5,51,124,96,133),
(17,138,1,6,185,226,81,174),
(17,138,1,7,188,274,25,61),
(17,138,1,8,140,171,43,136),
(17,138,1,9,14,60,82,93),
(17,138,1,10,135,200,70,110),
(18,130,1,1,158,234,189,267),
(18,130,1,2,2,56,131,220),
(18,130,1,3,147,186,46,109),
(18,130,1,4,120,178,198,269),
(18,130,1,5,42,64,59,138),
(18,130,1,6,163,181,88,116),
(18,130,1,7,71,85,168,264),
(18,130,1,8,73,172,45,73),
(18,130,1,9,184,220,17,86),
(18,130,1,10,109,134,161,253),
(18,130,1,11,12,94,141,182),
(18,130,1,12,93,183,68,158),
(20,88,1,1,151,217,140,225),
(20,88,1,2,74,130,165,210),
(20,88,1,3,162,216,159,196),
(20,88,1,4,175,214,104,160),
(22,90,1,1,38,90,60,88),
(22,90,1,2,77,107,59,137),
(22,90,1,3,187,208,73,85),
(22,90,1,4,130,187,140,205),
(22,90,1,5,78,142,122,216),
(22,90,1,6,135,217,1,81),
(22,90,1,7,0,94,116,193),
(22,90,1,8,52,139,72,107),
(22,90,1,9,195,252,162,217),
(22,90,1,10,73,162,22,35),
(22,90,1,11,17,27,64,109),
(22,90,1,12,38,91,184,212),
(22,90,1,13,161,261,34,66),
(22,90,1,14,159,239,139,206),
(22,90,1,15,195,226,61,112),
(22,90,1,16,197,257,23,73),
(22,90,1,17,162,198,104,155),
(22,90,1,18,38,109,164,193),
(22,90,1,19,116,155,23,120),
(22,90,1,20,138,160,168,217),
(23,95,1,1,18,83,24,58),
(23,95,1,2,37,86,106,173),
(23,95,1,3,37,117,53,111),
(23,95,1,4,182,197,66,96),
(23,95,1,5,19,56,161,195),
(23,95,1,6,12,42,168,196),
(25,94,1,1,31,91,120,173),
(25,94,1,2,13,52,51,113),
(25,94,1,3,156,220,194,204),
(25,94,1,4,163,200,108,155),
(25,94,1,5,52,111,7,88),
(25,94,1,6,170,255,68,161),
(25,94,1,7,185,245,130,189),
(25,94,1,8,160,181,188,263),
(25,94,1,9,157,214,159,207),
(25,94,1,10,66,126,9,101),
(26,17,1,1,170,201,200,241),
(26,17,1,2,66,77,132,176),
(26,17,1,3,177,267,140,178),
(26,17,1,4,106,161,27,122),
(26,17,1,5,200,227,99,114),
(26,17,1,6,160,208,28,71),
(26,17,1,7,84,180,199,238),
(26,17,1,8,158,234,183,248),
(26,17,1,9,129,148,80,152),
(28,42,1,1,155,231,162,223),
(28,42,1,2,154,247,13,61),
(28,42,1,3,154,228,113,206),
(28,42,1,4,167,225,12,91),
(28,42,1,5,85,131,44,84),
(28,42,1,6,175,187,86,159),
(28,42,1,7,96,188,90,134),
(28,42,1,8,22,99,164,245),
(28,42,1,9,36,118,183,227),
(28,42,1,10,47,141,5,67),
(28,42,1,11,198,243,104,183),
(30,76,1,1,142,156,0,80),
(30,76,1,2,5,36,196,259),
(30,76,1,3,49,138,79,109),
(31,61,1,1,115,166,176,187),
(31,61,1,2,163,216,146,241),
(31,61,1,3,104,162,189,237),
(31,61,1,4,104,183,62,147),
(31,61,1,5,117,139,126,218),
(31,61,1,6,90,169,154,190),
(31,61,1,7,107,198,12,109),
(31,61,1,8,183,211,173,198),
(31,61,1,9,0,48,198,255),
(31,61,1,10,174,256,180,197),
(31,61,1,11,59,137,39,103),
(31,61,1,12,125,172,18,108),
(32,20,1,1,51,104,180,230),
(32,20,1,2,94,152,169,242),
(32,20,1,3,120,147,117,205),
(32,20,1,4,100,173,50,105),
(32,20,1,5,112,152,168,264),
(32,20,1,6,157,220,198,289),
(32,20,1,7,12,104,14,98),
(32,20,1,8,77,107,30,93),
(32,20,1,9,129,217,179,260),
(32,20,1,10,78,137,80,98),
(32,20,1,11,185,204,27,84),
(32,20,1,12,49,80,182,256),
(32,20,1,13,164,243,105,117),
(32,20,1,14,189,248,22,98),
(32,20,1,15,2,35,141,223),
(32,20,1,16,131,217,101,166),
(32,20,1,17,13,85,169,262),
(32,20,1,18,28,97,88,151),
(32,20,1,19,168,223,148,241),
(32,20,1,20,44,142,137,157),
(33,28,1,1,32,43,39,133),
(33,28,1,2,183,251,29,46),
(33,28,1,3,47,76,100,129),
(33,28,1,4,122,165,194,274),
(33,28,1,5,116,155,148,212),
(33,28,1,6,166,237,89,189),
(33,28,1,7,186,271,184,239),
(33,28,1,8,93,155,81,133),
(33,28,1,9,131,171,104,131),
(33,28,1,10,118,153,32,93),
(33,28,1,11,55,135,57,79),
(33,28,1,12,121,156,92,134),
(34,92,1,1,179,255,138,224),
(34,92,1,2,98,153,151,172),
(34,92,1,3,16,113,181,221),
(34,92,1,4,84,131,4,90),
(34,92,1,5,169,222,191,245),
(34,92,1,6,20,78,29,64),
(34,92,1,7,177,210,136,183),
(34,92,1,8,84,163,1,80),
(34,92,1,9,151,190,162,257),
(34,92,1,10,65,108,60,113),
(34,92,1,11,148,168,173,198),
(35,62,1,1,107,153,59,139),
(35,62,1,2,76,111,179,274),
(35,62,1,3,41,118,44,134),
(35,62,1,4,113,170,150,167),
(35,62,1,5,170,249,10,101),
(35,62,1,6,131,228,10,82),
(35,62,1,7,98,173,95,168),
(35,62,1,8,7,40,122,204),
(35,62,1,9,6,25,168,261),
(35,62,1,10,187,200,127,215),
(35,62,1,11,153,185,16,80),
(35,62,1,12,146,156,163,237),
(36,19,1,1,56,148,78,160),
(36,19,1,2,126,169,122,173),
(41,79,1,1,2,27,92,186),
(41,79,1,2,140,163,130,175),
(41,79,1,3,183,242,174,188),
(41,79,1,4,16,75,46,102),
(41,79,1,5,180,240,114,147),
(43,48,1,1,166,199,200,290),
(43,48,1,2,20,47,75,167),
(43,48,1,3,107,157,165,179),
(43,48,1,4,127,175,10,91),
(43,48,1,5,70,160,116,202),
(43,48,1,6,36,96,174,195),
(43,48,1,7,147,201,22,96),
(45,61,1,1,93,143,80,119),
(45,61,1,2,139,238,10,71),
(45,61,1,3,0,23,101,199),
(45,61,1,4,136,211,155,206),
(45,61,1,5,187,216,161,209),
(45,61,1,6,46,128,173,226),
(45,61,1,7,57,83,200,267),
(45,61,1,8,86,106,16,81),
(45,61,1,9,148,170,0,16),
(45,61,1,10,78,176,151,173),
(45,61,1,11,59,147,135,164),
(46,3,1,1,46,101,8,73),
(46,3,1,2,120,192,151,209),
(46,3,1,3,165,194,120,134),
(46,3,1,4,47,66,191,284),
(46,3,1,5,48,137,74,148),
(46,3,1,6,1,93,200,297),
(46,3,1,7,74,150,9,93),
(46,3,1,8,74,113,158,168),
(46,3,1,9,114,204,1,54),
(46,3,1,10,90,182,70,114),
(47,18,1,1,176,190,184,283),
(47,18,1,2,14,29,192,272),
(47,18,1,3,189,242,43,63),
(47,18,1,4,31,109,157,189),
(47,18,1,5,81,99,42,112),
(47,18,1,6,53,69,125,161),
(47,18,1,7,41,101,23,78),
(47,18,1,8,160,200,43,80),
(47,18,1,9,2,102,173,258),
(47,18,1,10,92,104,181,248),
(47,18,1,11,134,157,42,100),
(47,18,1,12,143,185,44,100),
(47,18,1,13,100,190,169,213),
(50,24,1,1,66,88,37,59),
(50,24,1,2,43,82,59,137),
(50,24,1,3,110,161,49,92),
(50,24,1,4,170,210,82,179),
(51,18,1,1,21,104,164,197),
(51,18,1,2,66,146,82,145),
(51,18,1,3,54,118,61,131),
(51,18,1,4,97,151,133,146),
(51,18,1,5,103,180,86,127),
(51,18,1,6,23,102,120,148),
(51,18,1,7,197,228,120,132),
(51,18,1,8,73,152,76,173),
(51,18,1,9,104,178,21,82),
(51,18,1,10,127,180,2,41),
(51,18,1,11,190,279,113,138),
(52,128,1,1,80,122,169,217),
(52,128,1,2,64,97,130,164),
(52,128,1,3,83,123,134,193),
(52,128,1,4,42,131,18,69),
(52,128,1,5,102,195,82,127),
(52,128,1,6,151,237,178,252),
(52,128,1,7,26,87,145,172),
(52,128,1,8,94,187,2,17),
(52,128,1,9,116,154,109,169),
(52,128,1,10,107,153,174,228),
(57,86,1,1,186,262,121,146),
(57,86,1,2,87,162,181,236),
(57,86,1,3,83,171,135,158),
(57,86,1,4,24,123,110,164),
(57,86,1,5,25,36,123,203),
(57,86,1,6,38,98,96,110),
(57,86,1,7,13,102,9,34),
(57,86,1,8,31,110,39,82),
(57,86,1,9,190,228,59,75),
(57,86,1,10,56,126,134,179),
(57,86,1,11,91,165,102,191),
(57,86,1,12,23,47,137,224),
(57,86,1,13,134,230,106,153),
(57,86,1,14,52,101,42,71),
(57,86,1,15,37,76,91,177),
(57,86,1,16,91,116,2,44),
(59,7,1,1,114,208,187,251),
(59,7,1,2,17,57,93,189),
(59,7,1,3,126,140,84,120),
(59,7,1,4,54,127,20,56),
(59,7,1,5,167,203,43,69),
(59,7,1,6,131,183,28,60),
(59,7,1,7,196,285,83,139),
(59,7,1,8,55,120,74,158),
(59,7,1,9,19,60,189,232),
(59,7,1,10,120,218,132,215),
(60,129,1,1,147,167,168,227),
(60,129,1,2,95,115,80,113),
(60,129,1,3,24,96,89,157),
(60,129,1,4,194,276,143,219),
(60,129,1,5,200,239,80,95),
(60,129,1,6,71,128,194,265),
(60,129,1,7,119,211,153,196),
(60,129,1,8,199,245,23,96),
(60,129,1,9,193,252,36,86),
(60,129,1,10,179,206,122,183),
(60,129,1,11,108,185,128,201),
(60,129,1,12,183,229,186,201),
(60,129,1,13,129,173,81,132),
(60,129,1,14,24,51,42,138),
(61,4,1,1,154,237,26,107),
(61,4,1,2,128,217,101,164),
(61,4,1,3,169,216,7,24),
(61,4,1,4,65,130,119,162),
(61,4,1,5,86,105,112,142),
(61,117,1,1,74,102,30,114),
(61,117,1,2,123,175,156,177),
(61,117,1,3,189,239,20,52),
(61,117,1,4,56,75,9,90),
(61,117,1,5,170,236,115,144),
(62,44,1,1,97,137,86,113),
(62,44,1,2,106,146,41,62),
(62,44,1,3,165,252,187,227),
(62,44,1,4,155,199,117,158),
(62,44,1,5,127,155,196,252),
(62,44,1,6,77,172,151,247),
(63,73,1,1,90,107,62,134),
(63,73,1,2,171,262,179,249),
(63,73,1,3,62,157,90,137),
(63,73,1,4,17,46,150,219),
(63,73,1,5,65,79,148,175),
(63,73,1,6,177,271,21,74),
(63,73,1,7,185,225,3,15),
(63,73,1,8,31,78,25,70),
(63,73,1,9,196,230,95,112),
(63,73,1,10,145,157,63,75),
(63,73,1,11,67,157,145,157),
(64,143,1,1,68,138,159,193),
(64,143,1,2,92,154,8,45),
(64,143,1,3,116,174,29,78),
(64,143,1,4,84,139,176,255),
(64,143,1,5,168,257,125,164),
(64,143,1,6,82,152,46,131),
(64,143,1,7,4,84,183,196),
(64,143,1,8,33,53,56,135),
(68,14,1,1,198,287,171,249),
(68,14,1,2,152,168,133,166),
(68,14,1,3,109,148,42,84),
(68,14,1,4,166,214,191,287),
(68,14,1,5,191,214,122,205),
(68,14,1,6,54,131,133,174),
(68,14,1,7,26,106,75,103),
(68,14,1,8,179,223,112,183),
(68,14,1,9,135,145,171,231),
(68,14,1,10,140,227,198,273),
(68,14,1,11,91,154,88,183),
(68,14,1,12,18,38,180,197),
(68,14,1,13,56,104,31,90),
(68,85,1,1,167,194,104,157),
(68,85,1,2,123,144,35,75),
(68,85,1,3,155,220,147,237),
(68,85,1,4,97,130,127,188),
(68,85,1,5,183,207,182,223),
(68,85,1,6,200,288,25,53),
(68,85,1,7,104,123,14,25),
(68,85,1,8,65,125,146,196),
(68,85,1,9,178,207,130,151),
(68,85,1,10,119,177,143,236),
(68,85,1,11,197,245,110,187),
(68,85,1,12,4,60,154,237),
(68,85,1,13,67,114,97,159),
(68,85,1,14,21,33,117,136),
(68,85,1,15,165,219,45,63),
(68,85,1,16,2,83,72,131),
(68,85,1,17,2,30,30,61),
(68,85,1,18,88,188,99,130),
(69,142,1,1,9,32,184,224),
(69,142,1,2,49,82,148,227),
(70,30,1,1,65,75,200,297),
(70,30,1,2,150,173,115,213),
(70,30,1,3,4,49,116,139),
(70,30,1,4,22,69,167,229),
(70,49,1,1,191,253,196,246),
(70,49,1,2,54,75,139,155),
(70,49,1,3,2,44,69,110),
(70,49,1,4,62,101,168,206),
(70,49,1,5,78,128,22,119),
(70,49,1,6,104,158,32,68),
(70,49,1,7,50,117,194,244),
(70,49,1,8,67,99,9,34),
(70,49,1,9,161,221,15,110),
(70,49,1,10,164,233,102,164),
(70,49,1,11,186,262,73,110),
(74,62,1,1,139,184,99,186),
(74,62,1,2,198,258,64,77),
(74,62,1,3,64,116,110,140),
(74,62,1,4,120,173,132,211),
(74,62,1,5,161,226,43,128),
(74,62,1,6,171,217,96,125),
(74,62,1,7,101,194,129,202),
(74,62,1,8,158,217,174,231),
(74,62,1,9,72,102,62,110),
(74,62,1,10,6,24,161,178),
(74,62,1,11,42,92,196,256),
(74,62,1,12,30,125,142,189),
(74,62,1,13,137,210,71,154),
(74,62,1,14,130,170,162,255),
(76,106,1,1,108,146,37,118),
(76,106,1,2,71,155,122,195),
(76,106,1,3,156,195,167,243),
(76,106,1,4,162,188,109,164),
(76,106,1,5,58,110,172,239),
(76,106,1,6,30,118,5,17),
(76,106,1,7,130,171,114,171),
(76,106,1,8,73,170,187,259),
(76,106,1,9,31,87,8,98),
(76,106,1,10,123,156,32,60),
(80,118,1,1,191,219,197,250),
(80,118,1,2,33,117,197,262),
(80,118,1,3,115,168,39,116),
(80,118,1,4,91,111,36,46),
(80,118,1,5,198,270,104,137),
(80,118,1,6,81,135,76,173),
(80,118,1,7,121,202,131,179),
(80,118,1,8,174,184,53,63),
(80,118,1,9,43,71,192,230),
(80,118,1,10,13,25,70,133),
(80,118,1,11,190,256,186,219),
(80,118,1,12,60,149,92,162),
(80,118,1,13,14,63,80,164),
(85,48,1,1,52,147,93,138),
(85,48,1,2,153,237,5,100),
(86,74,1,1,42,68,41,129),
(86,74,1,2,77,129,74,94),
(86,74,1,3,192,240,25,54),
(86,74,1,4,78,157,107,187),
(86,74,1,5,50,86,143,218),
(86,74,1,6,3,40,90,136),
(86,74,1,7,34,95,73,171),
(86,74,1,8,173,259,26,49),
(86,74,1,9,20,60,162,243),
(86,74,1,10,130,219,139,169),
(86,74,1,11,96,127,137,210),
(86,74,1,12,78,163,36,109),
(86,74,1,13,68,154,96,131),
(86,74,1,14,107,159,154,172),
(86,74,1,15,156,196,102,114),
(86,74,1,16,104,155,140,206),
(86,74,1,17,52,94,75,128),
(86,74,1,18,126,197,194,285),
(86,74,1,19,45,124,123,140),
(88,7,1,1,1,65,185,205),
(88,7,1,2,49,123,187,218),
(88,7,1,3,12,83,49,136),
(88,7,1,4,37,50,84,149),
(88,7,1,5,38,74,120,217),
(88,7,1,6,108,180,107,148),
(88,7,1,7,36,113,166,227),
(88,53,1,1,158,199,6,94),
(88,53,1,2,96,163,162,261),
(88,53,1,3,156,179,4,73),
(88,53,1,4,134,192,31,49),
(88,53,1,5,162,193,166,227),
(88,53,1,6,18,99,40,111),
(88,53,1,7,198,255,32,49),
(88,53,1,8,148,189,176,194),
(88,53,1,9,60,92,65,164),
(88,53,1,10,71,113,173,213),
(90,36,1,1,177,257,183,204),
(90,36,1,2,183,209,81,102),
(90,36,1,3,199,264,184,205),
(90,36,1,4,92,112,115,187),
(90,36,1,5,73,171,185,222),
(90,36,1,6,130,152,174,214),
(90,36,1,7,160,259,27,42),
(90,75,1,1,77,131,157,243),
(90,75,1,2,99,186,147,202),
(90,75,1,3,40,133,189,278),
(91,1,1,1,126,172,136,193),
(91,1,1,2,144,216,64,74),
(91,1,1,3,42,115,129,210),
(91,1,1,4,51,123,13,86),
(91,1,1,5,125,220,188,239),
(91,1,1,6,6,53,171,205),
(91,1,1,7,134,205,93,153),
(91,1,1,8,29,127,178,264),
(91,1,1,9,49,116,175,257),
(93,106,1,1,191,239,107,131),
(93,106,1,2,45,76,182,212),
(93,106,1,3,75,168,131,146),
(93,106,1,4,101,152,94,193),
(93,106,1,5,46,95,30,72),
(93,106,1,6,119,200,129,229),
(93,106,1,7,0,33,92,125),
(93,106,1,8,2,35,177,224),
(95,69,1,1,57,108,82,171),
(95,69,1,2,192,284,121,188),
(95,69,1,3,193,215,77,138),
(95,69,1,4,93,124,151,221),
(95,69,1,5,158,247,0,30),
(95,69,1,6,106,118,87,128),
(95,69,1,7,105,122,141,153),
(95,69,1,8,49,66,175,215),
(95,69,1,9,124,155,85,141),
(95,104,1,1,155,208,74,98),
(95,104,1,2,155,199,23,86),
(95,104,1,3,199,271,122,142),
(95,104,1,4,200,257,147,194),
(95,104,1,5,106,122,40,84),
(95,104,1,6,101,141,91,172),
(95,104,1,7,183,202,138,191),
(95,104,1,8,11,47,99,196),
(95,104,1,9,40,57,181,240),
(95,104,1,10,174,193,141,168),
(95,104,1,11,194,294,159,198),
(95,104,1,12,147,225,99,136),
(95,104,1,13,46,121,127,149),
(97,10,1,1,23,121,166,237),
(97,10,1,2,157,239,63,89),
(97,10,1,3,82,161,155,192),
(97,10,1,4,179,206,111,210),
(97,10,1,5,107,162,170,268),
(97,10,1,6,94,120,10,68),
(98,48,1,1,189,275,186,284),
(98,48,1,2,91,111,52,89),
(98,48,1,3,96,156,155,204),
(98,48,1,4,16,114,200,299),
(98,48,1,5,185,254,56,75),
(98,48,1,6,189,209,80,129),
(98,48,1,7,32,54,175,225),
(98,48,1,8,141,237,177,264),
(98,48,1,9,92,129,175,203),
(99,39,1,1,158,196,129,178),
(99,39,1,2,93,158,32,100),
(99,39,1,3,124,139,69,121),
(99,39,1,4,185,198,10,93),
(105,71,1,1,27,76,16,99),
(105,71,1,2,93,193,54,73),
(105,71,1,3,70,148,103,149),
(105,71,1,4,115,148,124,155),
(105,71,1,5,158,169,62,101),
(105,71,1,6,156,187,81,137),
(105,71,1,7,12,50,15,97),
(105,71,1,8,4,61,126,161),
(105,71,1,9,112,208,154,194),
(105,71,1,10,52,132,32,62),
(108,57,1,1,149,240,6,103),
(108,57,1,2,37,130,155,195),
(108,57,1,3,21,49,55,69),
(108,134,1,1,166,244,97,109),
(108,134,1,2,39,100,78,146),
(108,134,1,3,63,142,127,148),
(108,134,1,4,199,225,163,192),
(108,134,1,5,157,193,18,30),
(109,16,1,1,95,128,32,110),
(114,119,1,1,31,130,57,142),
(114,119,1,2,192,249,148,220),
(114,119,1,3,87,105,76,117),
(114,119,1,4,12,30,20,119),
(114,119,1,5,185,239,178,270),
(114,119,1,6,0,73,133,177),
(114,119,1,7,155,195,29,84),
(114,119,1,8,24,56,54,95),
(114,119,1,9,28,69,32,97),
(114,119,1,10,25,62,112,129),
(116,103,1,1,139,175,194,229),
(116,103,1,2,33,71,40,120),
(116,103,1,3,141,158,162,251),
(116,103,1,4,162,214,194,249),
(116,103,1,5,120,134,42,77),
(116,103,1,6,174,247,111,140),
(116,103,1,7,42,55,18,104),
(116,103,1,8,47,108,84,137),
(116,103,1,9,79,149,6,41),
(116,103,1,10,162,233,18,69),
(116,103,1,11,60,79,197,248),
(116,103,1,12,93,141,0,21),
(116,103,1,13,17,49,95,112),
(116,103,1,14,110,194,24,73),
(116,103,1,15,36,102,19,74),
(117,139,1,1,166,202,189,208),
(117,139,1,2,120,137,64,100),
(117,139,1,3,36,95,26,51),
(117,139,1,4,82,137,82,94),
(117,139,1,5,55,78,21,96),
(117,139,1,6,37,70,58,143),
(117,139,1,7,64,141,74,171),
(117,139,1,8,10,73,78,161),
(117,139,1,9,61,110,71,127),
(117,139,1,10,123,191,83,163),
(117,139,1,11,15,28,186,216),
(117,139,1,12,159,194,57,114),
(117,139,1,13,98,178,161,192),
(117,139,1,14,155,187,18,42),
(117,139,1,15,5,71,182,277),
(117,139,1,16,41,107,46,136),
(117,139,1,17,94,134,74,139),
(117,139,1,18,74,150,89,188),
(118,25,1,1,1,99,47,82),
(118,25,1,2,131,194,27,125),
(118,25,1,3,44,114,34,50),
(118,25,1,4,47,146,67,157),
(118,25,1,5,165,229,140,207),
(118,25,1,6,132,196,163,243),
(118,25,1,7,7,80,197,235),
(118,25,1,8,88,145,182,273),
(118,25,1,9,67,93,81,135),
(118,25,1,10,84,150,47,64),
(118,25,1,11,50,96,158,254),
(118,25,1,12,72,147,96,123),
(118,106,1,1,34,69,39,75),
(118,106,1,2,137,190,116,175),
(118,106,1,3,40,101,61,93),
(118,106,1,4,28,93,52,104),
(118,106,1,5,146,163,142,228),
(118,106,1,6,55,144,13,26),
(118,106,1,7,75,135,142,193),
(118,106,1,8,82,134,131,207),
(118,106,1,9,97,165,12,56),
(118,106,1,10,92,162,122,150),
(118,106,1,11,156,211,123,149),
(118,106,1,12,87,98,167,260),
(118,106,1,13,64,154,10,23),
(118,106,1,14,27,57,155,220),
(118,106,1,15,174,262,121,183),
(118,106,1,16,64,125,125,169),
(118,106,1,17,68,108,195,237),
(118,106,1,18,137,228,165,178),
(120,67,1,1,8,65,115,143),
(120,67,1,2,46,102,86,125),
(120,67,1,3,53,123,123,213),
(120,67,1,4,48,148,125,149),
(120,67,1,5,19,49,117,175),
(120,67,1,6,199,288,71,130),
(120,67,1,7,56,148,194,268),
(120,67,1,8,178,200,30,83),
(120,67,1,9,79,99,6,75),
(120,67,1,10,157,174,75,87),
(120,67,1,11,73,171,18,76),
(120,67,1,12,187,225,117,193),
(120,106,1,1,178,258,21,72),
(120,106,1,2,26,37,180,212),
(120,106,1,3,115,152,109,137),
(120,106,1,4,36,67,109,125),
(120,106,1,5,110,206,197,288),
(120,106,1,6,37,52,124,163),
(120,106,1,7,182,228,122,160),
(120,106,1,8,175,255,133,186),
(120,106,1,9,82,123,138,148),
(120,106,1,10,155,246,198,294),
(120,106,1,11,125,212,34,114),
(123,107,1,1,155,168,28,121),
(123,107,1,2,73,171,54,70),
(123,107,1,3,54,117,150,216),
(123,107,1,4,29,128,154,183),
(123,107,1,5,39,66,163,234),
(123,107,1,6,57,93,84,145),
(123,107,1,7,6,83,174,192),
(123,107,1,8,68,103,108,180),
(123,107,1,9,191,285,133,174),
(123,107,1,10,182,219,131,230),
(124,125,1,1,169,262,44,142),
(124,125,1,2,3,60,21,80),
(124,125,1,3,31,69,129,175),
(124,125,1,4,42,85,86,186),
(124,125,1,5,96,138,160,182),
(126,144,1,1,134,158,16,64),
(126,144,1,2,5,18,57,152),
(126,144,1,3,29,104,154,166),
(126,144,1,4,65,164,3,96),
(126,144,1,5,173,208,144,207),
(126,144,1,6,66,107,84,168),
(129,25,1,1,135,214,21,104),
(129,25,1,2,42,87,156,168),
(129,25,1,3,41,81,106,136),
(129,25,1,4,162,239,65,89),
(129,25,1,5,61,109,162,209),
(129,25,1,6,48,127,159,251),
(129,25,1,7,149,167,156,243),
(129,25,1,8,132,180,194,239),
(129,25,1,9,93,156,1,34),
(129,143,1,1,177,217,45,125),
(129,143,1,2,147,210,109,209),
(129,143,1,3,29,110,65,159),
(129,143,1,4,157,197,126,140),
(129,143,1,5,51,141,108,183),
(129,143,1,6,0,34,33,128),
(129,143,1,7,120,134,112,174),
(129,143,1,8,3,40,7,90),
(129,143,1,9,160,171,32,60),
(129,143,1,10,178,204,148,245),
(129,143,1,11,174,257,165,257),
(129,143,1,12,29,57,1,67),
(129,143,1,13,93,120,3,100),
(129,143,1,14,96,174,11,66),
(130,122,1,1,36,124,114,134),
(130,122,1,2,170,260,13,63),
(130,122,1,3,57,119,2,46),
(130,122,1,4,77,173,181,269),
(130,122,1,5,0,71,29,98),
(130,122,1,6,104,155,8,85),
(130,122,1,7,31,128,16,100),
(130,122,1,8,192,229,135,221),
(130,122,1,9,154,219,183,210),
(130,122,1,10,106,123,153,231),
(130,122,1,11,34,134,40,121),
(130,122,1,12,142,213,195,269),
(130,122,1,13,42,91,124,216),
(130,122,1,14,29,99,47,63),
(130,122,1,15,157,203,127,154),
(130,122,1,16,42,72,194,205),
(130,122,1,17,148,194,188,210),
(130,122,1,18,60,152,172,217),
(130,131,1,1,67,88,34,60),
(130,131,1,2,104,160,159,179),
(130,131,1,3,181,231,111,195),
(130,131,1,4,51,133,64,83),
(130,131,1,5,181,227,9,79),
(130,131,1,6,36,111,111,195),
(130,131,1,7,140,181,187,266),
(130,131,1,8,17,86,133,175),
(130,131,1,9,128,226,16,63),
(130,131,1,10,154,187,28,68),
(130,131,1,11,33,55,56,72),
(130,131,1,12,128,144,32,103),
(130,131,1,13,4,104,152,243),
(130,131,1,14,26,107,2,89),
(130,131,1,15,31,82,106,135),
(130,131,1,16,91,184,10,59),
(130,131,1,17,166,210,63,95),
(130,147,1,1,106,117,17,40),
(130,147,1,2,99,110,189,251),
(130,147,1,3,179,265,186,215),
(130,147,1,4,146,165,63,119),
(131,98,1,1,99,181,175,268),
(131,98,1,2,154,219,57,98),
(131,98,1,3,108,189,51,127),
(131,98,1,4,175,268,149,186),
(133,18,1,1,147,177,137,236),
(133,18,1,2,116,207,96,165),
(133,18,1,3,153,163,188,239),
(134,148,1,1,177,209,5,30),
(134,148,1,2,186,272,98,133),
(134,148,1,3,3,84,104,179),
(134,148,1,4,127,169,148,167),
(134,148,1,5,69,105,27,80),
(134,148,1,6,38,80,45,87),
(134,148,1,7,197,285,114,160),
(134,148,1,8,179,252,64,106),
(134,148,1,9,192,252,147,171),
(134,148,1,10,112,150,33,127),
(134,148,1,11,152,201,191,244),
(134,148,1,12,33,102,42,96),
(134,148,1,13,54,143,44,87),
(134,148,1,14,71,100,72,99),
(135,124,1,1,107,123,150,164),
(135,124,1,2,28,42,75,120),
(135,124,1,3,100,117,41,88),
(135,124,1,4,142,165,124,153),
(135,124,1,5,94,133,72,156),
(136,137,1,1,39,86,45,112),
(136,137,1,2,84,133,3,83),
(136,137,1,3,183,229,132,152),
(136,137,1,4,182,206,142,196),
(136,137,1,5,2,57,155,246),
(136,137,1,6,107,167,135,183),
(136,137,1,7,34,64,157,177),
(136,137,1,8,121,167,127,153),
(136,137,1,9,113,152,144,192),
(136,137,1,10,7,59,82,170),
(136,137,1,11,83,167,73,87),
(136,137,1,12,139,231,113,162),
(136,137,1,13,3,36,44,107),
(137,59,1,1,56,98,195,241),
(137,59,1,2,29,63,107,182),
(137,59,1,3,114,155,57,129),
(137,59,1,4,193,257,168,241),
(137,59,1,5,92,116,15,82),
(137,59,1,6,69,105,165,175),
(137,59,1,7,159,202,32,110),
(137,59,1,8,79,105,0,48),
(137,59,1,9,151,167,48,137),
(138,129,1,1,86,98,152,224),
(138,129,1,2,180,195,19,111),
(138,129,1,3,186,245,198,245),
(138,129,1,4,38,127,98,178),
(138,129,1,5,186,198,120,159),
(138,129,1,6,50,60,139,170),
(138,129,1,7,117,196,174,245),
(138,129,1,8,96,160,75,98),
(138,129,1,9,24,47,41,112),
(138,129,1,10,166,260,130,153),
(138,129,1,11,44,105,172,226),
(138,129,1,12,51,135,33,68),
(140,48,1,1,165,217,67,163),
(140,48,1,2,19,82,128,190),
(140,48,1,3,14,32,156,248),
(140,48,1,4,70,144,150,204),
(140,48,1,5,131,160,134,209),
(140,48,1,6,87,157,81,161),
(140,48,1,7,186,277,103,203),
(140,48,1,8,133,146,4,101),
(140,48,1,9,108,147,191,287),
(140,48,1,10,182,240,18,47),
(140,48,1,11,34,54,95,118),
(140,48,1,12,112,193,55,132),
(140,48,1,13,114,124,102,188),
(140,48,1,14,24,57,148,219),
(141,26,1,1,47,94,140,181),
(141,26,1,2,59,133,97,151),
(141,26,1,3,164,262,189,249),
(141,26,1,4,29,99,99,124),
(141,26,1,5,87,127,76,157),
(141,26,1,6,28,84,101,195),
(141,26,1,7,133,166,145,180),
(141,26,1,8,175,209,44,108),
(141,26,1,9,28,74,90,185),
(141,26,1,10,4,38,42,61),
(141,26,1,11,55,149,14,97),
(141,26,1,12,177,246,33,77),
(142,4,1,1,183,223,86,166),
(142,4,1,2,168,207,182,216),
(142,4,1,3,35,79,10,70),
(142,4,1,4,51,99,15,66),
(142,4,1,5,192,249,138,202),
(142,4,1,6,109,164,63,163),
(142,4,1,7,88,164,75,94),
(142,4,1,8,3,29,82,111),
(142,4,1,9,116,139,83,147),
(142,4,1,10,101,189,29,101),
(143,119,1,1,71,114,104,172),
(143,119,1,2,82,171,191,286),
(143,119,1,3,131,199,168,264),
(143,119,1,4,48,98,163,240),
(143,119,1,5,196,220,0,87),
(143,119,1,6,31,54,104,126),
(143,119,1,7,194,236,161,190),
(143,119,1,8,195,268,29,113),
(143,119,1,9,124,184,72,98),
(143,119,1,10,182,210,191,219),
(143,119,1,11,35,132,27,78),
(143,119,1,12,193,254,161,226),
(143,119,1,13,63,136,162,226),
(143,119,1,14,63,144,146,191),
(143,119,1,15,10,34,73,83),
(143,119,1,16,52,130,186,210),
(144,90,1,1,134,201,197,258),
(144,90,1,2,70,114,69,152),
(144,90,1,3,166,222,189,248),
(144,90,1,4,71,87,78,139),
(144,90,1,5,97,166,175,251),
(144,90,1,6,97,143,52,97),
(144,90,1,7,179,216,19,70),
(144,90,1,8,185,246,122,132),
(144,90,1,9,193,286,137,205),
(144,90,1,10,59,144,14,106),
(144,90,1,11,86,160,163,187),
(144,90,1,12,81,109,116,169),
(146,2,1,1,12,91,54,72),
(146,2,1,2,98,170,164,205),
(146,2,1,3,131,162,154,208),
(146,2,1,4,162,248,67,107),
(146,2,1,5,33,125,92,156),
(146,2,1,6,48,119,127,190),
(146,2,1,7,75,139,148,165),
(146,2,1,8,66,108,94,161),
(146,2,1,9,125,158,160,218),
(146,2,1,10,45,61,39,54),
(146,2,1,11,26,114,191,212),
(146,2,1,12,60,81,71,92),
(146,2,1,13,195,268,25,81),
(146,2,1,14,168,183,93,117),
(146,2,1,15,160,249,133,224),
(146,2,1,16,101,156,139,234),
(146,2,1,17,47,93,45,108),
(147,2,1,1,19,62,96,125),
(147,2,1,2,134,234,35,72),
(147,2,1,3,17,105,119,170),
(147,2,1,4,26,63,1,51),
(147,2,1,5,129,181,131,220),
(147,2,1,6,162,227,96,180),
(147,2,1,7,140,194,59,93),
(147,2,1,8,110,179,65,163),
(147,2,1,9,199,213,95,124),
(147,2,1,10,130,216,159,222),
(147,2,1,11,142,167,181,248),
(147,2,1,12,57,155,19,105),
(147,2,1,13,120,167,106,148),
(147,2,1,14,155,203,40,124),
(147,2,1,15,112,176,138,205),
(147,2,1,16,171,269,94,114);
/*!40000 ALTER TABLE `add_on` ENABLE KEYS */;
UNLOCK TABLES;

--
-- Table structure for table `caption`
--

DROP TABLE IF EXISTS `caption`;
/*!40101 SET @saved_cs_client     = @@character_set_client */;
/*!40101 SET character_set_client = utf8mb4 */;
CREATE TABLE `caption` (
  `user_id` int(11) NOT NULL CHECK (`user_id` > 0),
  `room_id` int(11) NOT NULL CHECK (`room_id` > 0),
  `sent_order` int(11) NOT NULL CHECK (`sent_order` > 0),
  `addon_idx` int(11) NOT NULL CHECK (`addon_idx` > 0),
  `font_style` varchar(50) NOT NULL CHECK (`font_style` <> ''),
  `text` text NOT NULL CHECK (`text` <> ''),
  PRIMARY KEY (`user_id`,`room_id`,`sent_order`,`addon_idx`),
  CONSTRAINT `RA_CAPTION_ADDON` FOREIGN KEY (`user_id`, `room_id`, `sent_order`, `addon_idx`) REFERENCES `add_on` (`user_id`, `room_id`, `sent_order`, `addon_idx`) ON DELETE CASCADE
) ENGINE=InnoDB DEFAULT CHARSET=latin1 COLLATE=latin1_swedish_ci;
/*!40101 SET character_set_client = @saved_cs_client */;

--
-- Dumping data for table `caption`
--

LOCK TABLES `caption` WRITE;
/*!40000 ALTER TABLE `caption` DISABLE KEYS */;
INSERT INTO `caption` (`user_id`, `room_id`, `sent_order`, `addon_idx`, `font_style`, `text`) VALUES (1,66,1,9,'Arial','Away often shoulder poor sea lead think.'),
(3,15,1,1,'Comic Sans','Food table situation bring floor several.'),
(3,15,1,2,'Comic Sans','Each any two several case last.'),
(3,15,1,3,'Verdana','Read history evening hold yeah.'),
(3,15,1,4,'Comic Sans','Office suggest try.'),
(3,15,1,5,'Arial','Whatever that inside measure.'),
(3,15,1,6,'Arial','Exist chair heart red.'),
(3,15,1,7,'Arial','Put yes laugh spend project clear age.'),
(3,15,1,8,'Comic Sans','Good eat financial interesting.'),
(3,15,1,9,'Comic Sans','Religious free material ago process recent his arrive.'),
(3,15,1,10,'Arial','My simple loss worker every local.'),
(5,12,1,4,'Verdana','Easy natural probably instead doctor.'),
(5,12,1,5,'Verdana','Go success money nearly red group weight.'),
(5,14,1,6,'Verdana','Spring sea key government high site.'),
(5,72,1,8,'Arial','Full reduce from animal message open.'),
(5,72,1,9,'Verdana','Thousand sing magazine peace prove must.'),
(5,72,1,10,'Verdana','Pick benefit man ready.'),
(5,72,1,11,'Comic Sans','Most report record.'),
(5,72,1,12,'Verdana','Live bring brother about three magazine sometimes ahead.'),
(5,97,1,7,'Arial','At can resource baby together business model.'),
(5,97,1,8,'Arial','Manager care home number despite will structure.'),
(5,97,1,9,'Arial','Or marriage old area.'),
(5,97,1,10,'Verdana','Traditional ready indicate control list article.'),
(7,43,1,5,'Comic Sans','Help say suggest mission ask.'),
(7,43,1,6,'Verdana','Today heart senior.'),
(7,43,1,7,'Verdana','Outside left TV although.'),
(7,43,1,8,'Verdana','Social itself so include analysis image laugh.'),
(9,122,1,10,'Verdana','Level try find can foreign behavior.'),
(9,122,1,11,'Verdana','Water member tax build thought mind be.'),
(9,122,1,12,'Verdana','War drive clear anyone know lot.'),
(9,122,1,13,'Comic Sans','Not myself billion dark book.'),
(9,122,1,14,'Arial','Us point other sea class moment.'),
(9,122,1,15,'Verdana','Color sure because nothing civil north market.'),
(9,122,1,16,'Comic Sans','Less effort simply commercial wish score.'),
(11,32,1,5,'Arial','Paper area join attack successful anyone husband.'),
(11,32,1,6,'Comic Sans','Huge special result rock would whatever guy.'),
(11,32,1,7,'Verdana','Drive feeling medical view almost smile environmental.'),
(16,25,1,2,'Comic Sans','Describe suggest personal do not environment.'),
(16,25,1,3,'Verdana','Move recent business trial card case religious.'),
(16,25,1,4,'Comic Sans','Station notice number determine.'),
(16,25,1,5,'Comic Sans','Sister total do outside.'),
(16,25,1,6,'Arial','Next anything federal allow southern one focus.'),
(16,25,1,7,'Verdana','Beat region standard argue pattern recognize.'),
(16,25,1,8,'Arial','Never beautiful which try half job.'),
(16,68,1,6,'Arial','Other agreement less again simple choice.'),
(16,68,1,7,'Verdana','Answer house table much itself idea find.'),
(16,68,1,8,'Verdana','Bad much quite prepare.'),
(16,73,1,5,'Verdana','Conference sell serve significant.'),
(16,73,1,6,'Verdana','Television wrong nearly father involve.'),
(16,73,1,7,'Comic Sans','Wish education place discover democratic.'),
(16,73,1,8,'Verdana','Apply member fast might painting.'),
(16,73,1,9,'Arial','Others reveal development evidence season.'),
(16,73,1,10,'Comic Sans','Cultural eye seven others last site.'),
(16,73,1,11,'Arial','Certain machine theory traditional fact.'),
(16,73,1,12,'Comic Sans','Fear college middle center wall government kid.'),
(16,73,1,13,'Verdana','Church me Mrs certain prove.'),
(16,73,1,14,'Comic Sans','Three economic generation trade movie quickly compare.'),
(16,111,1,4,'Verdana','Cell marriage blood experience against help garden.'),
(16,111,1,5,'Comic Sans','Board skin scientist visit character.'),
(16,111,1,6,'Arial','Conference eat commercial practice.'),
(16,111,1,7,'Comic Sans','Threat word century camera data inside trip note.'),
(16,111,1,8,'Verdana','Choose computer successful region professional cell.'),
(16,111,1,9,'Arial','Market reveal charge laugh research station.'),
(16,111,1,10,'Comic Sans','Police place free great wear a.'),
(16,111,1,11,'Verdana','Media answer get lose they.'),
(17,105,1,10,'Arial','Social environmental worry part yet across.'),
(17,138,1,8,'Verdana','Leave either of determine car she customer threat.'),
(17,138,1,9,'Arial','Mr wonder likely maybe half past.'),
(17,138,1,10,'Arial','Eye adult recently bed pattern east will.'),
(18,130,1,7,'Verdana','Himself system ever provide realize new economy.'),
(18,130,1,8,'Comic Sans','Face beyond less even she.'),
(18,130,1,9,'Arial','Whole three central source market floor popular.'),
(18,130,1,10,'Arial','Scene let even whom war.'),
(18,130,1,11,'Comic Sans','Say mouth behind article network administration.'),
(18,130,1,12,'Arial','Catch research special summer arrive feel.'),
(20,88,1,1,'Arial','Test learn fund together something.'),
(20,88,1,2,'Comic Sans','Degree possible world then all institution director.'),
(20,88,1,3,'Comic Sans','Line buy laugh quickly hundred.'),
(20,88,1,4,'Comic Sans','Key challenge through speech gun opportunity eight science.'),
(22,90,1,11,'Comic Sans','Best carry morning security summer.'),
(22,90,1,12,'Verdana','Front participant about off.'),
(22,90,1,13,'Verdana','To wonder tell upon evening.'),
(22,90,1,14,'Comic Sans','Child thus develop window lose whom.'),
(22,90,1,15,'Comic Sans','Institution student whose something sell see data.'),
(22,90,1,16,'Arial','Yourself present off.'),
(22,90,1,17,'Arial','Either effort others within above employee agreement parent.'),
(22,90,1,18,'Verdana','Night teach all customer interest land important.'),
(22,90,1,19,'Comic Sans','Policy specific official who.'),
(22,90,1,20,'Arial','Road we should nice any PM.'),
(23,95,1,2,'Comic Sans','Sister wind cover page white put school.'),
(23,95,1,3,'Comic Sans','Parent ahead around pay effect name.'),
(23,95,1,4,'Comic Sans','Tough instead it.'),
(23,95,1,5,'Comic Sans','Again owner deal letter add under.'),
(23,95,1,6,'Verdana','Difference serious four.'),
(25,94,1,7,'Arial','End describe here yeah ability watch close success.'),
(25,94,1,8,'Comic Sans','Oil yeah poor drop.'),
(25,94,1,9,'Verdana','Main mention less early someone participant her.'),
(25,94,1,10,'Verdana','Region boy spring Mrs out air.'),
(26,17,1,2,'Comic Sans','Sometimes indicate statement scene certain dinner.'),
(26,17,1,3,'Verdana','Color identify watch center by.'),
(26,17,1,4,'Arial','Teach up religious art article.'),
(26,17,1,5,'Arial','Face range family best response.'),
(26,17,1,6,'Verdana','Weight member one recent.'),
(26,17,1,7,'Arial','To meeting night stand TV.'),
(26,17,1,8,'Comic Sans','Involve find course today.'),
(26,17,1,9,'Arial','Whatever agency return similar walk pass.'),
(28,42,1,4,'Comic Sans','Development issue population if.'),
(28,42,1,5,'Comic Sans','Card knowledge law wait as environmental travel class.'),
(28,42,1,6,'Comic Sans','Fire form share improve family lay prevent.'),
(28,42,1,7,'Verdana','Executive discussion culture story.'),
(28,42,1,8,'Arial','Front include during take none evidence.'),
(28,42,1,9,'Verdana','Property impact within she.'),
(28,42,1,10,'Comic Sans','Situation share their letter talk about simple.'),
(28,42,1,11,'Comic Sans','Character space ever low director develop year yourself.'),
(31,61,1,5,'Verdana','Operation event occur end fine several.'),
(31,61,1,6,'Verdana','Nearly avoid forget director development.'),
(31,61,1,7,'Verdana','Lot west amount.'),
(31,61,1,8,'Arial','Really thought hard entire leg create home.'),
(31,61,1,9,'Verdana','Enjoy machine employee word lead throw under.'),
(31,61,1,10,'Arial','Kind better raise story bag former product begin.'),
(31,61,1,11,'Verdana','Begin floor sport clear yeah crime his.'),
(31,61,1,12,'Arial','Huge state market discover whatever open.'),
(32,20,1,11,'Arial','Part mean ever American development thus two.'),
(32,20,1,12,'Arial','Institution window country affect bank.'),
(32,20,1,13,'Arial','Able billion dinner certain buy Republican.'),
(32,20,1,14,'Verdana','Sign early before serve family step science.'),
(32,20,1,15,'Arial','Environment loss single next.'),
(32,20,1,16,'Verdana','Summer or human cover rule investment decide.'),
(32,20,1,17,'Comic Sans','Near order behavior fund true to.'),
(32,20,1,18,'Arial','Industry contain tough sit personal.'),
(32,20,1,19,'Verdana','Career hospital everybody fall.'),
(32,20,1,20,'Arial','A art action first lose.'),
(33,28,1,11,'Arial','Hear human ask range.'),
(33,28,1,12,'Arial','Ok product respond discuss structure require cover would.'),
(34,92,1,4,'Verdana','Wait draw kind.'),
(34,92,1,5,'Verdana','Among any region.'),
(34,92,1,6,'Comic Sans','Alone finally stuff ahead price.'),
(34,92,1,7,'Comic Sans','Gas dog share history.'),
(34,92,1,8,'Verdana','Skin the senior employee.'),
(34,92,1,9,'Arial','Heart speech improve truth week.'),
(34,92,1,10,'Comic Sans','Expert production kind run development score.'),
(34,92,1,11,'Comic Sans','Country statement prevent treatment better.'),
(35,62,1,7,'Comic Sans','Station by list Mr raise.'),
(35,62,1,8,'Arial','Likely reality party water cup by dinner.'),
(35,62,1,9,'Verdana','Walk customer analysis easy remain very over hundred.'),
(35,62,1,10,'Verdana','First begin environment contain management.'),
(35,62,1,11,'Comic Sans','Main human develop pay stuff indicate.'),
(35,62,1,12,'Comic Sans','Research war age such walk partner any.'),
(41,79,1,3,'Verdana','She bring art race subject economy first.'),
(41,79,1,4,'Comic Sans','Determine key single talk.'),
(41,79,1,5,'Verdana','Reflect field responsibility discussion move.'),
(43,48,1,1,'Comic Sans','It four buy defense couple wide network.'),
(43,48,1,2,'Comic Sans','Section student health before.'),
(43,48,1,3,'Verdana','Put goal health risk.'),
(43,48,1,4,'Comic Sans','Employee church red writer.'),
(43,48,1,5,'Comic Sans','Guy medical defense among.'),
(43,48,1,6,'Verdana','Miss turn father great.'),
(43,48,1,7,'Arial','As TV most.'),
(45,61,1,10,'Comic Sans','Television allow early tonight.'),
(45,61,1,11,'Arial','Know me cold threat million.'),
(46,3,1,7,'Comic Sans','Staff new onto work identify wide drug.'),
(46,3,1,8,'Arial','If several really nature.'),
(46,3,1,9,'Comic Sans','Choice rock prove pattern we more true.'),
(46,3,1,10,'Arial','Color song nice avoid if response with.'),
(47,18,1,8,'Comic Sans','Important fall policy recently four.'),
(47,18,1,9,'Arial','Particularly simple character rest produce.'),
(47,18,1,10,'Comic Sans','Nothing out force hair explain charge every often.'),
(47,18,1,11,'Verdana','Parent when great board.'),
(47,18,1,12,'Verdana','Movie debate lot strategy lead level.'),
(47,18,1,13,'Arial','Trip several hotel senior action hard.'),
(51,18,1,10,'Verdana','Image enjoy member outside base various.'),
(51,18,1,11,'Verdana','Enough who evening store street maybe half.'),
(52,128,1,9,'Verdana','Hair light structure prevent however building investment.'),
(52,128,1,10,'Verdana','Car staff talk else.'),
(57,86,1,8,'Arial','Special color often.'),
(57,86,1,9,'Verdana','Race possible surface place mean pay lose.'),
(57,86,1,10,'Verdana','Cause response here former painting.'),
(57,86,1,11,'Verdana','Tell information letter answer hope simply.'),
(57,86,1,12,'Verdana','Next audience herself relate.'),
(57,86,1,13,'Verdana','Toward catch there coach stay.'),
(57,86,1,14,'Comic Sans','Plan safe establish program focus.'),
(57,86,1,15,'Verdana','Generation name brother pretty check.'),
(57,86,1,16,'Arial','Well big father whom necessary.'),
(59,7,1,6,'Verdana','Police image head way story church lose.'),
(59,7,1,7,'Comic Sans','However treatment amount everybody.'),
(59,7,1,8,'Verdana','Actually discussion yet somebody fly.'),
(59,7,1,9,'Arial','Ask people heart scene structure third either follow.'),
(59,7,1,10,'Arial','Bring data old describe doctor mission cultural attention.'),
(60,129,1,5,'Comic Sans','General view budget country one analysis focus.'),
(60,129,1,6,'Verdana','Same address use drug huge good maintain.'),
(60,129,1,7,'Verdana','Around throw tough about.'),
(60,129,1,8,'Comic Sans','Have sell pressure player.'),
(60,129,1,9,'Arial','Market be research walk long base occur.'),
(60,129,1,10,'Comic Sans','Let tough quality say.'),
(60,129,1,11,'Comic Sans','Peace current cost good discussion her.'),
(60,129,1,12,'Arial','Per must guess family bill important bill one.'),
(60,129,1,13,'Verdana','Pattern officer social.'),
(60,129,1,14,'Arial','What face provide wear war by reveal.'),
(61,4,1,5,'Verdana','Wonder current somebody compare tonight boy thank join.'),
(61,117,1,4,'Verdana','Until number feeling project along set.'),
(61,117,1,5,'Arial','Pattern wide against interview.'),
(62,44,1,6,'Arial','Majority police buy benefit tree sort.'),
(63,73,1,3,'Arial','Measure big though.'),
(63,73,1,4,'Arial','From brother large lawyer.'),
(63,73,1,5,'Verdana','Security see audience state.'),
(63,73,1,6,'Arial','Recognize first design enjoy college become.'),
(63,73,1,7,'Comic Sans','Police laugh drop business when as people.'),
(63,73,1,8,'Comic Sans','Tv me despite some environment.'),
(63,73,1,9,'Verdana','Ago process two produce may help drive.'),
(63,73,1,10,'Arial','Live ground street grow possible those own.'),
(63,73,1,11,'Verdana','Continue down avoid.'),
(64,143,1,1,'Comic Sans','Raise simply travel meeting citizen hit.'),
(64,143,1,2,'Comic Sans','Police arrive body ball accept.'),
(64,143,1,3,'Comic Sans','Myself little notice thus blood will watch.'),
(64,143,1,4,'Arial','Lay parent kitchen.'),
(64,143,1,5,'Comic Sans','Appear pick where wall.'),
(64,143,1,6,'Verdana','Particular television mean.'),
(64,143,1,7,'Verdana','Hard beyond color hotel Republican everything future.'),
(64,143,1,8,'Verdana','Series black middle recognize perhaps.'),
(68,14,1,4,'Comic Sans','Make performance which.'),
(68,14,1,5,'Arial','Term evidence heart guy data.'),
(68,14,1,6,'Verdana','Leg effort two.'),
(68,14,1,7,'Arial','Food every its pass second free in.'),
(68,14,1,8,'Verdana','Say recently second than less single site.'),
(68,14,1,9,'Comic Sans','Approach there citizen financial.'),
(68,14,1,10,'Arial','Into water bank.'),
(68,14,1,11,'Verdana','Industry anything close.'),
(68,14,1,12,'Verdana','Truth tough voice wrong opportunity cause.'),
(68,14,1,13,'Verdana','Physical three late maybe learn.'),
(68,85,1,9,'Comic Sans','Keep while have institution interest he claim foot.'),
(68,85,1,10,'Arial','Decision ball development stay young performance treat.'),
(68,85,1,11,'Comic Sans','Talk heart teacher executive property.'),
(68,85,1,12,'Comic Sans','Continue everyone authority student conference full drive ball.'),
(68,85,1,13,'Comic Sans','Focus only security race.'),
(68,85,1,14,'Verdana','Become itself picture partner hair place whether another.'),
(68,85,1,15,'Arial','Together view including which relate cell realize.'),
(68,85,1,16,'Arial','Send team enough resource clearly official with tend.'),
(68,85,1,17,'Verdana','Off type whatever now girl shoulder.'),
(68,85,1,18,'Comic Sans','Town improve hair decade type weight.'),
(69,142,1,2,'Arial','Plant size statement plant account go phone.'),
(70,30,1,4,'Verdana','Similar rich set matter team hundred now.'),
(70,49,1,4,'Arial','Again sport own challenge office certain general.'),
(70,49,1,5,'Verdana','Successful poor nature vote central.'),
(70,49,1,6,'Arial','Western enter school western real.'),
(70,49,1,7,'Comic Sans','Throughout treat reveal bag positive skill information.'),
(70,49,1,8,'Comic Sans','Receive attorney service.'),
(70,49,1,9,'Comic Sans','Outside across pick participant us.'),
(70,49,1,10,'Comic Sans','Radio question give through they trip strong enter.'),
(70,49,1,11,'Verdana','Bank night toward least.'),
(74,62,1,6,'Comic Sans','Responsibility level off.'),
(74,62,1,7,'Verdana','Board assume set buy represent.'),
(74,62,1,8,'Verdana','Half approach yeah black alone.'),
(74,62,1,9,'Verdana','As focus pass say product.'),
(74,62,1,10,'Verdana','Usually fly water trade short.'),
(74,62,1,11,'Arial','Leader article beyond girl culture.'),
(74,62,1,12,'Arial','She kid check.'),
(74,62,1,13,'Arial','Have despite protect enjoy teach paper.'),
(74,62,1,14,'Comic Sans','Seem apply themselves note under program.'),
(76,106,1,4,'Comic Sans','Require hot green fill.'),
(76,106,1,5,'Comic Sans','Decision wife office report.'),
(76,106,1,6,'Verdana','Dream onto this.'),
(76,106,1,7,'Arial','Less common alone likely need group tough.'),
(76,106,1,8,'Arial','Girl identify drug through.'),
(76,106,1,9,'Arial','Bar him across candidate.'),
(76,106,1,10,'Arial','Forget water among season write.'),
(80,118,1,11,'Arial','State what move evidence care.'),
(80,118,1,12,'Arial','Field fine modern.'),
(80,118,1,13,'Arial','My economic base since.'),
(86,74,1,10,'Comic Sans','Instead impact food serve information more appear traditional.'),
(86,74,1,11,'Arial','Perhaps population method customer for specific.'),
(86,74,1,12,'Verdana','Smile collection manage walk itself.'),
(86,74,1,13,'Comic Sans','Son night outside evening.'),
(86,74,1,14,'Arial','Expert three something next hit stop power.'),
(86,74,1,15,'Verdana','Save back success should none democratic read.'),
(86,74,1,16,'Arial','Sea me finally song read everybody since.'),
(86,74,1,17,'Arial','Concern network argue maybe world.'),
(86,74,1,18,'Comic Sans','Security today house blue enjoy guess see.'),
(86,74,1,19,'Verdana','Late next her between today take foot man.'),
(88,7,1,7,'Arial','Lawyer add southern catch ready model.'),
(88,53,1,4,'Comic Sans','Democratic at method loss security American fast.'),
(88,53,1,5,'Arial','Unit century spring shake two goal candidate.'),
(88,53,1,6,'Verdana','Customer stand world those poor thing up.'),
(88,53,1,7,'Arial','Like area list let.'),
(88,53,1,8,'Comic Sans','Sit contain rate product.'),
(88,53,1,9,'Verdana','Structure shoulder instead eat position music short.'),
(88,53,1,10,'Comic Sans','Big reason word begin believe.'),
(90,36,1,1,'Comic Sans','Health last lot goal give young.'),
(90,36,1,2,'Arial','Strong plan world describe low grow sister red.'),
(90,36,1,3,'Verdana','Next election beyond go bed deal generation.'),
(90,36,1,4,'Arial','Most house local chair.'),
(90,36,1,5,'Comic Sans','Sport fish anything do.'),
(90,36,1,6,'Verdana','Anything consider young focus art foreign.'),
(90,36,1,7,'Arial','Point role that common movement suggest to.'),
(90,75,1,1,'Arial','Authority animal stuff enjoy.'),
(90,75,1,2,'Verdana','Run fear take article win.'),
(90,75,1,3,'Verdana','Through want wall simply.'),
(91,1,1,4,'Arial','Computer black cut wall service dark car.'),
(91,1,1,5,'Comic Sans','Soon form operation dog.'),
(91,1,1,6,'Verdana','Nothing green fight life quality occur increase.'),
(91,1,1,7,'Arial','Its compare road audience no what.'),
(91,1,1,8,'Arial','Million save against floor.'),
(91,1,1,9,'Arial','Always measure dog why.'),
(93,106,1,3,'Verdana','Along government bit rock rich region.'),
(93,106,1,4,'Comic Sans','Threat choice option professor officer if believe finally.'),
(93,106,1,5,'Verdana','Accept trial final performance federal travel.'),
(93,106,1,6,'Arial','Teacher statement opportunity organization offer structure network magazine.'),
(93,106,1,7,'Verdana','Garden about nor popular almost his.'),
(93,106,1,8,'Verdana','Open investment environment they.'),
(95,69,1,8,'Verdana','Evidence green phone.'),
(95,69,1,9,'Verdana','Those avoid bed choice despite.'),
(95,104,1,5,'Comic Sans','Official account anyone.'),
(95,104,1,6,'Comic Sans','Federal above detail risk whom page wall American.'),
(95,104,1,7,'Verdana','Soldier near under conference choice offer reduce list.'),
(95,104,1,8,'Arial','Reach require name student real pretty.'),
(95,104,1,9,'Verdana','Western whole image age language.'),
(95,104,1,10,'Verdana','Style sound billion American weight very.'),
(95,104,1,11,'Arial','Wish myself name first head city.'),
(95,104,1,12,'Arial','Usually president kid throughout key statement.'),
(95,104,1,13,'Comic Sans','Difficult manager knowledge health.'),
(97,10,1,6,'Arial','Main produce financial foreign general yet thus.'),
(98,48,1,9,'Verdana','Us glass particular three different million behavior leader.'),
(105,71,1,7,'Comic Sans','Entire those pass ahead turn in anything think.'),
(105,71,1,8,'Comic Sans','Finish heavy chance too fish democratic.'),
(105,71,1,9,'Arial','Which toward walk series three act natural.'),
(105,71,1,10,'Verdana','Certainly loss interesting main respond think happen cover.'),
(108,57,1,1,'Comic Sans','Moment purpose wide boy no.'),
(108,57,1,2,'Comic Sans','Require usually near most woman enter.'),
(108,57,1,3,'Arial','Time federal size raise man.'),
(108,134,1,3,'Arial','Now mother prevent style really suffer.'),
(108,134,1,4,'Comic Sans','Control small meet.'),
(108,134,1,5,'Verdana','Republican themselves effort us avoid seem.'),
(114,119,1,5,'Verdana','Quite important toward per until development.'),
(114,119,1,6,'Verdana','Change knowledge decision national.'),
(114,119,1,7,'Arial','Commercial different woman impact reason board.'),
(114,119,1,8,'Comic Sans','When doctor use computer culture blue exist.'),
(114,119,1,9,'Arial','Tv campaign minute effect thus.'),
(114,119,1,10,'Arial','Clearly family hot cover if or anything.'),
(116,103,1,8,'Comic Sans','Woman knowledge enough far.'),
(116,103,1,9,'Comic Sans','Chair far quite would us.'),
(116,103,1,10,'Verdana','Prevent guy us site fund thought.'),
(116,103,1,11,'Arial','Case program letter knowledge officer.'),
(116,103,1,12,'Comic Sans','Hotel laugh well amount behavior.'),
(116,103,1,13,'Comic Sans','Crime pull consider student front.'),
(116,103,1,14,'Verdana','Situation doctor next.'),
(116,103,1,15,'Arial','Possible close own a country seek.'),
(117,139,1,11,'Comic Sans','Health community myself event reason.'),
(117,139,1,12,'Arial','Small player she sea.'),
(117,139,1,13,'Verdana','His concern join goal sign they she under.'),
(117,139,1,14,'Arial','Appear usually ball past expert long today.'),
(117,139,1,15,'Verdana','Data board rock society recognize war three.'),
(117,139,1,16,'Verdana','General choice glass free that establish.'),
(117,139,1,17,'Verdana','Budget sport campaign building attorney bring agent.'),
(117,139,1,18,'Comic Sans','Despite forget hold.'),
(118,25,1,9,'Verdana','Teach model board place able kind improve.'),
(118,25,1,10,'Verdana','Son imagine author avoid a small.'),
(118,25,1,11,'Verdana','Someone executive strong situation of drive reflect.'),
(118,25,1,12,'Arial','Water election reflect.'),
(118,106,1,11,'Arial','Develop information build amount theory natural.'),
(118,106,1,12,'Comic Sans','Likely from southern green discover magazine rather Democrat.'),
(118,106,1,13,'Verdana','Head term form two American.'),
(118,106,1,14,'Verdana','Surface not few six.'),
(118,106,1,15,'Verdana','Today where stop mission population election.'),
(118,106,1,16,'Comic Sans','Choice seek past assume successful.'),
(118,106,1,17,'Comic Sans','Song poor eight change.'),
(118,106,1,18,'Verdana','Degree east everyone sense nothing car.'),
(120,67,1,10,'Verdana','Note minute live artist last nor.'),
(120,67,1,11,'Verdana','Old sport great day week.'),
(120,67,1,12,'Verdana','Message food plan here during.'),
(120,106,1,8,'Arial','Guess himself left TV study structure news.'),
(120,106,1,9,'Arial','Case make use what program appear.'),
(120,106,1,10,'Comic Sans','Someone lose from area bad campaign.'),
(120,106,1,11,'Comic Sans','You time option threat let black.'),
(123,107,1,1,'Verdana','Be onto population wide seek song.'),
(123,107,1,2,'Verdana','Public skin tree society truth their public.'),
(123,107,1,3,'Verdana','Team grow million say person market write.'),
(123,107,1,4,'Verdana','Far stock real notice together note smile apply.'),
(123,107,1,5,'Verdana','Table result sell research indicate difference baby.'),
(123,107,1,6,'Verdana','Theory add those opportunity.'),
(123,107,1,7,'Arial','Process data Congress democratic news always rather.'),
(123,107,1,8,'Arial','Represent true firm those buy force sea.'),
(123,107,1,9,'Comic Sans','Nothing national look federal hot true.'),
(123,107,1,10,'Verdana','Thousand maybe level reveal close late.'),
(129,25,1,7,'Comic Sans','Country week source quickly onto.'),
(129,25,1,8,'Verdana','Five standard open thing.'),
(129,25,1,9,'Arial','Way argue reveal stage live there.'),
(129,143,1,5,'Arial','When never behind hit.'),
(129,143,1,6,'Comic Sans','Produce light would seven seven camera also.'),
(129,143,1,7,'Comic Sans','Upon rock soon society.'),
(129,143,1,8,'Verdana','Bag tonight wish property.'),
(129,143,1,9,'Comic Sans','Sense teacher if argue detail.'),
(129,143,1,10,'Arial','Purpose both save role true decade top support.'),
(129,143,1,11,'Verdana','Summer argue coach again.'),
(129,143,1,12,'Arial','Avoid this through peace seem.'),
(129,143,1,13,'Arial','Leave north anything.'),
(129,143,1,14,'Comic Sans','Generation major newspaper collection station doctor cup house.'),
(130,122,1,11,'Arial','Friend young the magazine skin.'),
(130,122,1,12,'Verdana','Probably account according day parent marriage kid.'),
(130,122,1,13,'Verdana','Spend media usually community.'),
(130,122,1,14,'Arial','For class off simply accept generation.'),
(130,122,1,15,'Comic Sans','Exactly response yet local no.'),
(130,122,1,16,'Arial','Institution program fight especially area media four.'),
(130,122,1,17,'Verdana','Will enough identify yard.'),
(130,122,1,18,'Verdana','Point report country especially.'),
(130,131,1,8,'Verdana','School point beyond peace wall anything suggest.'),
(130,131,1,9,'Arial','Individual suffer more collection benefit white everybody.'),
(130,131,1,10,'Verdana','General whom fish suggest.'),
(130,131,1,11,'Arial','Citizen agreement whether note discover water involve rise.'),
(130,131,1,12,'Comic Sans','Out glass view pass.'),
(130,131,1,13,'Verdana','Training assume seek Republican play whom tough or.'),
(130,131,1,14,'Arial','Throw soldier include none theory.'),
(130,131,1,15,'Verdana','Body protect game thousand state a.'),
(130,131,1,16,'Comic Sans','Choose listen father development something.'),
(130,131,1,17,'Verdana','Dark avoid none institution road.'),
(130,147,1,4,'Verdana','Office never there amount.'),
(131,98,1,4,'Verdana','Social choose tree carry training single ever.'),
(133,18,1,1,'Verdana','Artist close live summer candidate.'),
(133,18,1,2,'Comic Sans','Out south war role weight deal.'),
(133,18,1,3,'Comic Sans','More manage successful quite onto sister.'),
(134,148,1,5,'Arial','Finally president single great almost establish you.'),
(134,148,1,6,'Comic Sans','Hear one laugh support early.'),
(134,148,1,7,'Comic Sans','Every thus grow show lawyer view.'),
(134,148,1,8,'Comic Sans','Much agreement life plant suddenly red.'),
(134,148,1,9,'Arial','Chair officer experience raise walk.'),
(134,148,1,10,'Verdana','Year prevent yourself continue.'),
(134,148,1,11,'Comic Sans','Hear leave above reach condition.'),
(134,148,1,12,'Comic Sans','Against charge raise might player local glass.'),
(134,148,1,13,'Arial','Interesting another church beautiful decide.'),
(134,148,1,14,'Verdana','Couple something new call wind none not argue.'),
(135,124,1,2,'Arial','Visit capital single necessary body.'),
(135,124,1,3,'Comic Sans','Six learn party someone sense.'),
(135,124,1,4,'Arial','Blue maybe nor expect performance report.'),
(135,124,1,5,'Comic Sans','Should travel less.'),
(136,137,1,10,'Verdana','Wall police with.'),
(136,137,1,11,'Comic Sans','Generation enter size article character stage instead.'),
(136,137,1,12,'Arial','He serve power.'),
(136,137,1,13,'Verdana','Answer never white force ball shoulder.'),
(137,59,1,7,'Comic Sans','Focus material send school.'),
(137,59,1,8,'Verdana','Part age arm guess paper service should.'),
(137,59,1,9,'Arial','Past while issue himself.'),
(138,129,1,5,'Comic Sans','Tv before pay best resource mother.'),
(138,129,1,6,'Verdana','Service wife present certain much benefit or.'),
(138,129,1,7,'Arial','News out more social meeting require.'),
(138,129,1,8,'Comic Sans','Lay business fear thank production.'),
(138,129,1,9,'Comic Sans','Right customer everything actually particularly shoulder.'),
(138,129,1,10,'Arial','Big whole discussion.'),
(138,129,1,11,'Arial','Brother marriage space character affect second enough.'),
(138,129,1,12,'Verdana','Enjoy father kind seem campaign play.'),
(140,48,1,11,'Arial','Glass form form attack single receive leave perform.'),
(140,48,1,12,'Verdana','Plan future author social understand test.'),
(140,48,1,13,'Verdana','Relate message late someone receive structure stay husband.'),
(140,48,1,14,'Verdana','Recent pressure cut break fund.'),
(141,26,1,8,'Comic Sans','Possible case could data officer.'),
(141,26,1,9,'Comic Sans','Within sometimes industry free.'),
(141,26,1,10,'Arial','Compare process pressure wind.'),
(141,26,1,11,'Arial','Eight second key authority start rise authority year.'),
(141,26,1,12,'Arial','Detail end listen thing stay country.'),
(142,4,1,7,'Verdana','Paper trial fear theory policy.'),
(142,4,1,8,'Arial','Support assume suddenly kitchen.'),
(142,4,1,9,'Arial','Why give evidence paper.'),
(142,4,1,10,'Comic Sans','Practice million run color myself.'),
(143,119,1,8,'Verdana','Hospital hotel again.'),
(143,119,1,9,'Arial','Station quickly herself least grow free.'),
(143,119,1,10,'Comic Sans','Of charge opportunity young.'),
(143,119,1,11,'Comic Sans','Size tend would describe.'),
(143,119,1,12,'Verdana','Water foreign thank all cell.'),
(143,119,1,13,'Verdana','Several catch her bad may.'),
(143,119,1,14,'Comic Sans','Wish fall laugh stock hot front budget mean.'),
(143,119,1,15,'Arial','Government practice own build PM list.'),
(143,119,1,16,'Verdana','At policy everyone head.'),
(144,90,1,9,'Verdana','Heavy nearly part.'),
(144,90,1,10,'Comic Sans','Need major hope perform chance size.'),
(144,90,1,11,'Verdana','Daughter pull though follow phone.'),
(144,90,1,12,'Arial','Will treat store wear three later then maybe.'),
(146,2,1,8,'Arial','Around quickly level ok result man.'),
(146,2,1,9,'Comic Sans','Recognize almost man data wear word live debate.'),
(146,2,1,10,'Arial','Down cut both crime final matter.'),
(146,2,1,11,'Arial','Attorney evening wait tonight.'),
(146,2,1,12,'Verdana','Her bag safe very.'),
(146,2,1,13,'Arial','Send service answer determine.'),
(146,2,1,14,'Arial','Writer no know event my attack growth.'),
(146,2,1,15,'Arial','Produce tell strong force piece occur expect rise.'),
(146,2,1,16,'Arial','Successful draw something fact rich eight.'),
(146,2,1,17,'Verdana','Understand rate themselves sort likely tonight.'),
(147,2,1,9,'Arial','Truth together recent seat strategy race bed change.'),
(147,2,1,10,'Arial','Writer message truth challenge attention party fill.'),
(147,2,1,11,'Comic Sans','Federal study suffer.'),
(147,2,1,12,'Arial','Though collection reflect century sit strong.'),
(147,2,1,13,'Comic Sans','After kitchen receive another.'),
(147,2,1,14,'Comic Sans','Already exactly heavy bit.'),
(147,2,1,15,'Arial','Arm teach kind audience more according.'),
(147,2,1,16,'Comic Sans','Yes mouth own rather magazine century.');
/*!40000 ALTER TABLE `caption` ENABLE KEYS */;
UNLOCK TABLES;

--
-- Table structure for table `chat`
--

DROP TABLE IF EXISTS `chat`;
/*!40101 SET @saved_cs_client     = @@character_set_client */;
/*!40101 SET character_set_client = utf8mb4 */;
CREATE TABLE `chat` (
  `user_id` int(11) NOT NULL CHECK (`user_id` > 0),
  `room_id` int(11) NOT NULL CHECK (`room_id` > 0),
  `sent_order` int(11) NOT NULL CHECK (`sent_order` > 0),
  `message` text NOT NULL CHECK (`message` <> ''),
  PRIMARY KEY (`user_id`,`room_id`,`sent_order`),
  CONSTRAINT `RA_CHAT_CONTENT` FOREIGN KEY (`user_id`, `room_id`, `sent_order`) REFERENCES `content` (`user_id`, `room_id`, `sent_order`) ON DELETE CASCADE
) ENGINE=InnoDB DEFAULT CHARSET=latin1 COLLATE=latin1_swedish_ci;
/*!40101 SET character_set_client = @saved_cs_client */;

--
-- Dumping data for table `chat`
--

LOCK TABLES `chat` WRITE;
/*!40000 ALTER TABLE `chat` DISABLE KEYS */;
INSERT INTO `chat` (`user_id`, `room_id`, `sent_order`, `message`) VALUES (1,19,1,'Fill own black me.'),
(2,132,1,'Identify perform despite upon far measure what.'),
(3,18,1,'Alone thing let step never activity.'),
(3,79,1,'Could appear get major important.'),
(3,100,1,'Both attention within wind only weight.'),
(4,43,1,'Wide believe collection race minute.'),
(5,119,1,'Modern hair feel material say partner carry.'),
(6,41,1,'Whole no least full produce.'),
(6,150,1,'And woman daughter believe including hit garden.'),
(8,29,1,'Field expert north section same to time.'),
(8,73,1,'Throughout about police cause field.'),
(8,147,1,'Strategy manage draw common.'),
(10,111,1,'Program sit stay eye.'),
(11,115,1,'Republican series final simply concern.'),
(12,19,1,'Leader result high glass fire.'),
(12,26,1,'Art realize better lawyer along.'),
(12,52,1,'Talk language floor practice national likely.'),
(12,130,1,'Eight finally represent ahead plan view fly.'),
(13,24,1,'Stand same heart Mrs stage.'),
(15,42,1,'Fill book property nothing pressure here take.'),
(15,84,1,'Size upon skin including ever suddenly significant.'),
(15,93,1,'Reason mention five town.'),
(15,102,1,'Figure record performance benefit.'),
(19,96,1,'Professor long recent.'),
(19,132,1,'Painting expect top.'),
(21,55,1,'Hair record adult rich.'),
(21,132,1,'Wait small happy benefit.'),
(22,116,1,'Win economy form wide.'),
(23,21,1,'House Mr walk bar trip gun.'),
(23,73,1,'Our score fact prepare maybe do.'),
(24,56,1,'Question partner generation little quite able direction anyone.'),
(25,82,1,'Old experience speech certain wish.'),
(25,103,1,'Light sense career decide find.'),
(26,6,1,'Arm blue adult major concern store.'),
(26,56,1,'Record occur here area population vote.'),
(26,104,1,'Feel very production less charge.'),
(28,8,1,'Level person blue thank learn which process.'),
(28,47,1,'Professor director reach second study.'),
(29,72,1,'Movie within sometimes.'),
(30,36,1,'Spend staff raise guess themselves.'),
(30,142,1,'Name people attorney although.'),
(31,57,1,'Contain people body not wide.'),
(33,30,1,'Sign process choice weight each find able actually.'),
(34,15,1,'Fish car certainly long well whatever.'),
(35,51,1,'Role sense role truth best matter pull.'),
(35,59,1,'Probably particular check child majority.'),
(36,16,1,'Prove set message instead TV close.'),
(37,137,1,'Carry challenge agent minute share.'),
(38,14,1,'Visit blue low party mission shoulder power.'),
(39,12,1,'Yet work southern exactly turn business.'),
(39,60,1,'Religious face toward television manager.'),
(39,66,1,'Member positive family film arm participant sister.'),
(41,143,1,'Just quality property never class raise yet.'),
(42,1,1,'Bring store cultural.'),
(42,34,1,'Entire interest support.'),
(42,89,1,'Tough fear and short fear control.'),
(43,55,1,'Feeling friend party wind life.'),
(43,143,1,'Break choice threat.'),
(44,25,1,'This another health.'),
(44,125,1,'Magazine position time exist.'),
(45,41,1,'Create ahead option strategy summer practice beat.'),
(46,32,1,'Herself ahead foot sense baby or lead.'),
(46,133,1,'Magazine language hotel fly.'),
(47,58,1,'House candidate pattern wind federal north.'),
(47,150,1,'Whether whole ground.'),
(49,22,1,'Time far hold college rest.'),
(50,54,1,'Wife machine think lot she sort.'),
(51,100,1,'Organization than plan its ready.'),
(52,99,1,'Mean possible more him maintain phone program.'),
(52,139,1,'Change fear Democrat why morning table second in.'),
(53,66,1,'Never she main item prepare debate.'),
(54,122,1,'Raise direction man rule reflect environmental suggest.'),
(54,126,1,'Law investment him trip gas main for likely.'),
(55,33,1,'Expect road score social project provide miss be.'),
(55,87,1,'Young I leg seek successful father name.'),
(56,59,1,'Run something summer box.'),
(58,62,1,'Top term whole recently through.'),
(58,117,1,'High vote too these culture.'),
(59,21,1,'Billion situation law late.'),
(59,33,1,'Soldier your chair about behind.'),
(60,23,1,'Respond management town wear.'),
(60,52,1,'Sort police throughout method try exactly strong.'),
(60,95,1,'Determine gas forget support power ok.'),
(62,86,1,'Job human Mr tax.'),
(62,104,1,'A skill hit movie help.'),
(63,79,1,'Reality avoid good capital my whom production.'),
(65,64,1,'Inside page structure old.'),
(65,117,1,'Product eye program country military career.'),
(67,64,1,'Series truth surface mind.'),
(67,131,1,'Middle hand such place sell security stage majority.'),
(69,66,1,'Meeting bag four such.'),
(70,53,1,'Pay few tell line environmental.'),
(71,29,1,'Ask thousand over party board idea opportunity.'),
(72,114,1,'Eat operation poor which.'),
(73,19,1,'Only new eight black old result exactly sit.'),
(73,62,1,'Growth question such modern in sport.'),
(74,79,1,'People sit certain side.'),
(75,5,1,'It west it our whatever during cut action.'),
(75,24,1,'Interview letter tough arrive choice very one.'),
(75,123,1,'Record soldier own.'),
(75,144,1,'Catch firm drug audience moment.'),
(76,10,1,'Set fall hospital everyone agent age.'),
(76,115,1,'Accept protect them raise cultural improve.'),
(76,125,1,'Money worry three power woman.'),
(77,9,1,'Few continue city official.'),
(77,114,1,'Owner away energy hard room three into.'),
(80,24,1,'Research gun response tough long agreement down.'),
(80,120,1,'Itself college rule blood.'),
(83,14,1,'Trial face call government baby research.'),
(86,34,1,'Event if these case message reach land thousand.'),
(86,125,1,'Raise catch perform his their meet.'),
(86,139,1,'Road number activity court blue.'),
(87,69,1,'Grow better them whether hear service.'),
(88,67,1,'At card especially peace with respond.'),
(88,76,1,'Get story whose husband situation ok.'),
(89,25,1,'Story ago player pass court.'),
(89,111,1,'Decade almost movie process know me.'),
(90,11,1,'Amount tough condition out.'),
(90,119,1,'National ten good particularly ten image.'),
(92,62,1,'Political the about poor.'),
(95,79,1,'Carry pull who perform.'),
(95,81,1,'Sell range answer really.'),
(96,5,1,'Increase traditional benefit everyone.'),
(96,9,1,'Government kitchen road open second together team fact.'),
(96,70,1,'Wait party whatever pattern president.'),
(96,97,1,'Base major believe join various.'),
(97,55,1,'Effort clear film future.'),
(97,146,1,'Most vote more success.'),
(98,64,1,'Find seek performance whom team.'),
(98,98,1,'Right bag guy.'),
(99,54,1,'Guy between look fact item himself.'),
(100,141,1,'Whole over spring fear across president beautiful.'),
(102,105,1,'Person ahead box occur.'),
(103,43,1,'Table high several product plant.'),
(103,81,1,'Way financial to sport.'),
(103,140,1,'Bring economy hand board prepare big country.'),
(104,73,1,'Deep security investment power name.'),
(105,63,1,'Security political property.'),
(106,63,1,'Wall growth young computer large carry.'),
(106,147,1,'Theory adult end certain east.'),
(107,67,1,'Hundred state technology agency machine.'),
(107,74,1,'Science service news yet break authority.'),
(108,97,1,'Bit support practice day strategy fine treatment.'),
(108,117,1,'Piece make lose know side say citizen.'),
(108,134,2,'West reflect paper huge tough herself.'),
(108,144,1,'Discussion picture not attorney money south seven public.'),
(109,6,1,'Fight heavy mind.'),
(109,45,1,'Administration any not year.'),
(109,126,1,'Try former relate military large.'),
(109,144,1,'One statement success executive design time.'),
(110,33,1,'Including choice contain three choose.'),
(111,111,1,'Yet would skill begin.'),
(112,91,1,'Enter fill recognize bring but.'),
(114,32,1,'Least morning action its decade avoid.'),
(114,57,1,'Another serious strong group name responsibility.'),
(115,48,1,'Citizen particularly support choice effect collection oil.'),
(116,80,1,'Base course require movement go possible generation.'),
(116,118,1,'Everyone cell sound late north.'),
(117,9,1,'Future four idea store force.'),
(118,18,1,'Again drop power large.'),
(118,92,1,'Others consider standard situation speech though.'),
(119,95,1,'Challenge future not rise surface their condition.'),
(119,119,1,'Probably citizen various arrive throw see music data.'),
(119,143,1,'Data garden land.'),
(119,144,1,'Ever upon there protect local agree wait.'),
(120,17,1,'Opportunity including her thought red increase report.'),
(120,26,1,'New century only third radio enjoy range.'),
(121,100,1,'Popular truth professional indicate bring sister often.'),
(121,116,1,'Trip bar the cost drug.'),
(121,143,1,'Late machine expert present.'),
(122,11,1,'Purpose alone them general land.'),
(123,147,1,'Simple sister dog paper.'),
(124,108,1,'Experience approach morning property.'),
(125,67,1,'Produce adult challenge money teach the skill.'),
(129,80,1,'Safe other clearly that.'),
(129,148,1,'Write deal quality party Mr message.'),
(130,5,1,'Time message land.'),
(130,95,1,'Impact ever care boy.'),
(130,142,1,'Light light represent move agreement often hold.'),
(131,24,1,'Management keep near husband such.'),
(131,131,1,'Like product network.'),
(132,6,1,'Summer produce cultural face behavior.'),
(132,91,1,'Actually sing nice fast account level.'),
(134,72,1,'Will their measure thing indeed former.'),
(135,138,1,'Become manager boy history receive around.'),
(137,114,1,'Charge create level bed since could.'),
(137,145,1,'Note answer adult little candidate cold.'),
(138,69,1,'Region physical all.'),
(140,68,1,'Guess possible fall society similar white attack.'),
(140,118,1,'Common authority short former through cost choose law.'),
(141,84,1,'Mouth own specific fast.'),
(142,15,1,'People use then ever.'),
(143,10,1,'Offer four suggest short early.'),
(143,42,1,'Happy quality open every.'),
(143,47,1,'Blood southern again continue note.'),
(144,24,1,'Arm thing option environmental analysis positive remember.'),
(144,146,1,'At number TV example hand seem.'),
(146,9,1,'Never around discover organization.'),
(146,41,1,'Century focus although main.'),
(147,137,1,'Available four hard face focus.'),
(148,39,1,'Current work board large husband.'),
(149,57,1,'While computer form high.'),
(150,81,1,'Bill investment risk situation bring customer.');
/*!40000 ALTER TABLE `chat` ENABLE KEYS */;
UNLOCK TABLES;

--
-- Table structure for table `content`
--

DROP TABLE IF EXISTS `content`;
/*!40101 SET @saved_cs_client     = @@character_set_client */;
/*!40101 SET character_set_client = utf8mb4 */;
CREATE TABLE `content` (
  `user_id` int(11) NOT NULL CHECK (`user_id` > 0),
  `room_id` int(11) NOT NULL CHECK (`room_id` > 0),
  `sent_order` int(11) NOT NULL CHECK (`sent_order` > 0),
  `send_time` datetime DEFAULT NULL,
  `is_exists` enum('0','1') NOT NULL DEFAULT '1',
  PRIMARY KEY (`user_id`,`room_id`,`sent_order`),
  CONSTRAINT `RA_CONTENT_ROOMJOIN` FOREIGN KEY (`user_id`, `room_id`) REFERENCES `room_join` (`user_id`, `room_id`) ON DELETE CASCADE
) ENGINE=InnoDB DEFAULT CHARSET=latin1 COLLATE=latin1_swedish_ci;
/*!40101 SET character_set_client = @saved_cs_client */;

--
-- Dumping data for table `content`
--

LOCK TABLES `content` WRITE;
/*!40000 ALTER TABLE `content` DISABLE KEYS */;
INSERT INTO `content` (`user_id`, `room_id`, `sent_order`, `send_time`, `is_exists`) VALUES (1,19,1,'2025-05-13 01:57:37','0'),
(1,66,1,'2025-04-09 04:19:10','0'),
(2,132,1,'2025-03-26 21:51:18','0'),
(3,15,1,'2025-01-19 10:04:16','0'),
(3,18,1,'2025-04-22 01:03:09','0'),
(3,48,1,'2025-01-27 13:14:05','0'),
(3,79,1,'2025-01-20 03:12:12','0'),
(3,100,1,'2025-05-04 11:21:24','0'),
(4,43,1,'2025-01-10 08:38:53','0'),
(5,12,1,'2025-04-14 13:42:34','0'),
(5,14,1,'2025-02-08 23:22:36','0'),
(5,72,1,'2025-01-25 07:20:10','0'),
(5,97,1,'2025-03-07 05:55:11','0'),
(5,119,1,'2025-03-12 14:15:26','0'),
(6,41,1,'2025-01-05 05:06:16','0'),
(6,150,1,'2025-03-28 02:15:05','0'),
(7,43,1,'2025-01-06 23:43:03','0'),
(7,56,1,'2025-02-06 05:47:51','0'),
(8,29,1,'2025-02-19 15:36:16','0'),
(8,29,2,'2025-04-26 10:11:14','0'),
(8,73,1,'2025-01-03 22:07:57','0'),
(8,147,1,'2025-03-20 18:12:54','0'),
(9,55,1,'2025-01-08 08:29:41','0'),
(9,122,1,'2025-02-22 01:04:43','0'),
(10,72,1,'2025-04-27 03:44:56','0'),
(10,111,1,'2025-02-26 14:59:08','0'),
(11,16,1,'2025-04-10 22:38:38','0'),
(11,26,1,'2025-05-02 10:33:50','0'),
(11,32,1,'2025-05-04 07:22:12','0'),
(11,115,1,'2025-03-10 21:52:53','0'),
(12,19,1,'2025-01-23 04:09:02','0'),
(12,26,1,'2025-02-11 21:57:45','0'),
(12,52,1,'2025-03-11 06:38:08','0'),
(12,120,1,'2025-01-23 20:10:13','0'),
(12,130,1,'2025-03-01 07:05:34','0'),
(13,24,1,'2025-01-25 20:47:46','0'),
(13,45,1,'2025-03-08 18:42:57','0'),
(14,106,1,'2025-01-11 12:15:31','0'),
(15,42,1,'2025-03-28 10:25:53','0'),
(15,84,1,'2025-05-06 17:25:09','0'),
(15,93,1,'2025-03-21 02:11:45','0'),
(15,102,1,'2025-01-27 08:38:57','0'),
(16,15,1,'2025-01-11 23:58:57','0'),
(16,25,1,'2025-03-31 00:26:15','0'),
(16,68,1,'2025-03-30 12:44:44','0'),
(16,73,1,'2025-01-10 23:09:39','0'),
(16,104,1,'2025-01-09 18:41:56','0'),
(16,111,1,'2025-04-04 03:08:50','0'),
(17,105,1,'2025-04-01 02:03:31','0'),
(17,138,1,'2025-04-09 20:05:59','0'),
(18,32,1,'2025-03-03 09:38:08','0'),
(18,130,1,'2025-01-10 04:45:11','0'),
(19,96,1,'2025-04-03 22:11:59','0'),
(19,132,1,'2025-01-31 12:02:28','0'),
(20,88,1,'2025-05-12 10:48:56','0'),
(20,91,1,'2025-05-01 23:44:05','0'),
(20,97,1,'2025-03-27 23:57:48','0'),
(21,50,1,'2025-03-25 21:01:04','0'),
(21,52,1,'2025-01-28 22:40:28','0'),
(21,55,1,'2025-01-23 14:30:59','0'),
(21,132,1,'2025-02-02 12:22:00','0'),
(22,90,1,'2025-04-26 11:22:42','0'),
(22,116,1,'2025-04-21 19:49:20','0'),
(23,21,1,'2025-04-08 09:35:47','0'),
(23,73,1,'2025-03-23 13:21:39','0'),
(23,95,1,'2025-02-25 12:22:46','0'),
(24,56,1,'2025-03-14 17:00:39','0'),
(25,39,1,'2025-03-13 21:51:56','0'),
(25,82,1,'2025-04-16 14:09:19','0'),
(25,94,1,'2025-03-16 08:17:48','0'),
(25,103,1,'2025-02-01 14:45:28','0'),
(26,6,1,'2025-05-09 22:39:03','0'),
(26,17,1,'2025-01-06 07:09:32','0'),
(26,33,1,'2025-03-05 11:51:43','0'),
(26,56,1,'2025-03-27 12:55:47','0'),
(26,104,1,'2025-05-04 17:42:16','0'),
(27,14,1,'2025-02-25 03:44:34','0'),
(28,8,1,'2025-03-25 23:18:21','0'),
(28,42,1,'2025-03-11 21:07:17','0'),
(28,47,1,'2025-05-07 16:23:04','0'),
(28,87,1,'2025-03-19 21:30:56','0'),
(28,143,1,'2025-01-30 05:29:07','0'),
(29,72,1,'2025-04-22 15:17:22','0'),
(30,36,1,'2025-02-11 20:58:35','0'),
(30,76,1,'2025-03-09 14:53:34','0'),
(30,142,1,'2025-02-11 17:57:08','0'),
(30,147,1,'2025-01-07 07:44:18','0'),
(31,57,1,'2025-02-15 23:32:48','0'),
(31,61,1,'2025-02-20 05:26:56','0'),
(32,20,1,'2025-03-07 01:27:34','0'),
(33,28,1,'2025-03-06 16:22:24','0'),
(33,30,1,'2025-03-02 05:43:59','0'),
(34,15,1,'2025-04-01 05:31:39','0'),
(34,92,1,'2025-04-08 00:40:40','0'),
(34,125,1,'2025-01-31 01:52:43','0'),
(35,51,1,'2025-01-08 09:53:36','0'),
(35,59,1,'2025-04-29 04:52:06','0'),
(35,62,1,'2025-05-07 09:49:28','0'),
(35,109,1,'2025-01-24 04:27:50','0'),
(35,116,1,'2025-02-11 07:03:19','0'),
(36,16,1,'2025-02-01 09:13:35','0'),
(36,19,1,'2025-02-23 10:24:42','0'),
(37,5,1,'2025-03-09 13:18:55','0'),
(37,137,1,'2025-03-06 05:56:28','0'),
(38,14,1,'2025-04-05 08:47:58','0'),
(38,106,1,'2025-01-30 03:58:27','0'),
(39,12,1,'2025-03-18 09:51:23','0'),
(39,60,1,'2025-04-10 00:29:51','0'),
(39,66,1,'2025-03-26 09:06:41','0'),
(41,16,1,'2025-01-28 07:05:05','0'),
(41,56,1,'2025-01-28 14:30:33','0'),
(41,79,1,'2025-03-15 10:16:45','0'),
(41,143,1,'2025-03-26 08:10:47','0'),
(42,1,1,'2025-01-06 22:39:20','0'),
(42,34,1,'2025-03-05 17:05:56','0'),
(42,89,1,'2025-02-01 19:26:24','0'),
(43,45,1,'2025-05-11 01:24:37','0'),
(43,48,1,'2025-03-29 10:28:21','0'),
(43,55,1,'2025-01-28 05:26:20','0'),
(43,143,1,'2025-01-14 02:10:51','0'),
(44,25,1,'2025-05-03 14:50:35','0'),
(44,104,1,'2025-01-04 00:53:11','0'),
(44,125,1,'2025-05-05 14:15:32','0'),
(45,41,1,'2025-02-26 10:22:45','0'),
(45,61,1,'2025-04-28 19:32:54','0'),
(46,3,1,'2025-04-09 14:11:04','0'),
(46,32,1,'2025-03-29 22:42:49','0'),
(46,51,1,'2025-01-01 05:13:10','0'),
(46,133,1,'2025-03-30 05:44:09','0'),
(47,18,1,'2025-02-13 20:34:31','0'),
(47,58,1,'2025-03-11 19:02:06','0'),
(47,150,1,'2025-02-01 10:31:51','0'),
(48,56,1,'2025-05-09 04:44:38','0'),
(48,64,1,'2025-04-26 02:06:39','0'),
(48,104,1,'2025-04-27 21:20:32','0'),
(49,22,1,'2025-02-28 14:46:57','0'),
(49,131,1,'2025-03-09 08:45:00','0'),
(50,24,1,'2025-04-17 00:25:51','0'),
(50,52,1,'2025-02-07 17:44:55','0'),
(50,54,1,'2025-04-22 20:41:29','0'),
(51,7,1,'2025-02-01 12:32:08','0'),
(51,18,1,'2025-03-08 00:19:47','0'),
(51,100,1,'2025-01-25 23:32:56','0'),
(51,102,1,'2025-05-08 18:56:05','0'),
(52,43,1,'2025-05-14 22:43:24','0'),
(52,99,1,'2025-04-20 16:54:15','0'),
(52,128,1,'2025-02-10 04:23:56','0'),
(52,139,1,'2025-01-31 13:51:00','0'),
(53,66,1,'2025-04-05 12:10:59','0'),
(54,122,1,'2025-05-15 14:01:04','0'),
(54,126,1,'2025-05-13 00:45:28','0'),
(54,143,1,'2025-01-08 02:40:27','0'),
(55,33,1,'2025-02-03 04:12:02','0'),
(55,87,1,'2025-04-21 07:11:18','0'),
(56,59,1,'2025-01-09 01:08:59','0'),
(57,31,1,'2025-02-14 03:15:34','0'),
(57,86,1,'2025-05-14 21:52:01','0'),
(58,62,1,'2025-04-25 08:09:17','0'),
(58,112,1,'2025-04-18 17:46:55','0'),
(58,117,1,'2025-05-11 19:26:38','0'),
(59,7,1,'2025-05-03 14:50:12','0'),
(59,21,1,'2025-02-19 05:11:27','0'),
(59,33,1,'2025-03-08 14:03:35','0'),
(60,20,1,'2025-04-14 04:23:09','0'),
(60,23,1,'2025-04-27 22:34:46','0'),
(60,52,1,'2025-04-30 18:38:46','0'),
(60,95,1,'2025-02-28 10:30:10','0'),
(60,129,1,'2025-03-26 23:06:37','0'),
(61,4,1,'2025-04-03 20:03:42','0'),
(61,117,1,'2025-02-16 22:10:59','0'),
(61,122,1,'2025-01-17 18:30:52','0'),
(62,44,1,'2025-04-27 20:33:00','0'),
(62,86,1,'2025-03-02 13:09:46','0'),
(62,94,1,'2025-04-30 00:40:43','0'),
(62,104,1,'2025-04-14 13:32:35','0'),
(63,73,1,'2025-05-03 13:14:02','0'),
(63,79,1,'2025-03-28 14:57:22','0'),
(64,76,1,'2025-04-18 23:06:22','0'),
(64,99,1,'2025-01-04 23:35:48','0'),
(64,143,1,'2025-02-02 04:42:55','0'),
(65,64,1,'2025-02-19 01:03:31','0'),
(65,117,1,'2025-02-12 04:32:25','0'),
(67,15,1,'2025-01-15 18:34:27','0'),
(67,64,1,'2025-01-19 13:37:55','0'),
(67,131,1,'2025-03-01 06:15:57','0'),
(68,14,1,'2025-05-08 04:59:01','0'),
(68,85,1,'2025-05-15 17:36:14','0'),
(68,147,1,'2025-05-04 09:21:37','0'),
(69,66,1,'2025-03-09 17:02:45','0'),
(69,142,1,'2025-02-04 02:21:04','0'),
(70,6,1,'2025-05-13 20:46:09','0'),
(70,30,1,'2025-04-05 03:22:25','0'),
(70,49,1,'2025-04-13 02:46:42','0'),
(70,53,1,'2025-03-25 23:04:58','0'),
(70,111,1,'2025-04-08 05:33:35','0'),
(71,29,1,'2025-05-02 20:50:33','0'),
(72,114,1,'2025-01-16 08:23:58','0'),
(73,19,1,'2025-01-10 08:41:34','0'),
(73,62,1,'2025-03-24 07:36:16','0'),
(74,5,1,'2025-03-07 06:07:56','0'),
(74,62,1,'2025-03-21 11:58:20','0'),
(74,79,1,'2025-02-14 21:02:07','0'),
(75,5,1,'2025-05-15 22:34:54','0'),
(75,24,1,'2025-01-13 02:51:29','0'),
(75,123,1,'2025-02-20 05:55:44','0'),
(75,141,1,'2025-01-28 23:09:20','0'),
(75,144,1,'2025-05-04 06:49:53','0'),
(76,3,1,'2025-01-13 11:52:28','0'),
(76,10,1,'2025-02-20 04:30:49','0'),
(76,106,1,'2025-04-30 12:30:42','0'),
(76,115,1,'2025-05-03 19:27:18','0'),
(76,116,1,'2025-04-18 10:57:06','0'),
(76,125,1,'2025-05-02 04:35:44','0'),
(77,9,1,'2025-04-26 22:11:05','0'),
(77,114,1,'2025-01-24 04:50:01','0'),
(80,24,1,'2025-01-28 05:08:50','0'),
(80,118,1,'2025-02-10 00:34:57','0'),
(80,120,1,'2025-04-20 00:32:07','0'),
(83,14,1,'2025-01-01 16:21:11','0'),
(83,59,1,'2025-03-17 11:55:05','0'),
(83,137,1,'2025-02-24 01:04:19','0'),
(84,137,1,'2025-03-02 05:22:39','0'),
(85,48,1,'2025-01-19 19:16:07','0'),
(85,50,1,'2025-04-17 20:45:41','0'),
(86,34,1,'2025-03-22 12:15:06','0'),
(86,74,1,'2025-02-27 20:17:48','0'),
(86,125,1,'2025-01-24 04:46:13','0'),
(86,139,1,'2025-01-07 17:37:03','0'),
(87,69,1,'2025-03-26 00:33:39','0'),
(88,7,1,'2025-01-05 02:25:14','0'),
(88,53,1,'2025-01-10 18:41:44','0'),
(88,67,1,'2025-03-31 03:38:17','0'),
(88,76,1,'2025-05-01 18:09:21','0'),
(89,25,1,'2025-03-06 17:22:40','0'),
(89,109,1,'2025-02-24 06:15:53','0'),
(89,111,1,'2025-04-25 22:46:01','0'),
(90,11,1,'2025-05-03 03:35:33','0'),
(90,36,1,'2025-03-05 03:07:01','0'),
(90,75,1,'2025-01-11 07:10:25','0'),
(90,119,1,'2025-04-12 02:58:55','0'),
(90,130,1,'2025-03-08 05:49:15','0'),
(91,1,1,'2025-03-31 18:39:11','0'),
(91,61,1,'2025-05-08 06:49:17','0'),
(92,60,1,'2025-03-29 10:37:29','0'),
(92,62,1,'2025-03-10 11:12:21','0'),
(93,106,1,'2025-02-24 16:54:13','0'),
(95,69,1,'2025-03-13 23:28:22','0'),
(95,79,1,'2025-01-18 04:46:38','0'),
(95,81,1,'2025-02-23 05:16:35','0'),
(95,104,1,'2025-03-27 14:36:50','0'),
(96,5,1,'2025-01-26 00:29:16','0'),
(96,9,1,'2025-02-25 06:33:04','0'),
(96,70,1,'2025-04-09 16:42:00','0'),
(96,97,1,'2025-04-23 11:09:11','0'),
(97,10,1,'2025-01-13 04:35:45','0'),
(97,55,1,'2025-04-06 01:06:31','0'),
(97,134,1,'2025-02-26 14:57:15','0'),
(97,146,1,'2025-01-19 22:57:34','0'),
(98,48,1,'2025-02-02 12:56:19','0'),
(98,64,1,'2025-05-03 12:06:09','0'),
(98,98,1,'2025-04-05 13:43:59','0'),
(98,102,1,'2025-04-03 20:57:13','0'),
(98,120,1,'2025-01-04 18:15:09','0'),
(99,39,1,'2025-04-20 07:09:25','0'),
(99,54,1,'2025-04-14 09:29:43','0'),
(100,88,1,'2025-01-25 21:30:21','0'),
(100,141,1,'2025-03-19 16:35:14','0'),
(102,62,1,'2025-01-05 06:38:00','0'),
(102,105,1,'2025-02-08 15:14:44','0'),
(102,108,1,'2025-02-28 14:03:58','0'),
(103,43,1,'2025-02-02 22:16:35','0'),
(103,81,1,'2025-04-27 14:45:13','0'),
(103,140,1,'2025-03-21 10:36:35','0'),
(104,73,1,'2025-01-20 18:06:41','0'),
(105,63,1,'2025-05-01 03:08:49','0'),
(105,71,1,'2025-04-15 06:40:08','0'),
(106,63,1,'2025-04-09 13:26:05','0'),
(106,147,1,'2025-03-26 06:13:53','0'),
(107,43,1,'2025-02-20 15:28:48','0'),
(107,67,1,'2025-01-08 04:42:34','0'),
(107,74,1,'2025-02-15 07:29:12','0'),
(107,147,1,'2025-02-26 07:29:27','0'),
(108,57,1,'2025-01-20 16:59:41','0'),
(108,97,1,'2025-03-15 02:25:24','0'),
(108,117,1,'2025-04-09 21:31:40','0'),
(108,134,1,'2025-03-24 11:29:49','0'),
(108,134,2,'2025-05-12 15:59:50','0'),
(108,144,1,'2025-04-25 18:55:23','0'),
(109,6,1,'2025-01-18 09:19:32','0'),
(109,16,1,'2025-02-15 15:14:57','0'),
(109,45,1,'2025-03-29 09:12:28','0'),
(109,52,1,'2025-02-19 15:44:27','0'),
(109,126,1,'2025-03-11 18:12:53','0'),
(109,142,1,'2025-02-11 05:22:54','0'),
(109,144,1,'2025-05-09 06:42:50','0'),
(110,13,1,'2025-03-09 15:33:39','0'),
(110,33,1,'2025-05-16 04:48:27','0'),
(110,114,1,'2025-01-30 06:44:02','0'),
(111,103,1,'2025-01-20 00:48:07','0'),
(111,111,1,'2025-03-28 10:15:44','0'),
(112,23,1,'2025-03-09 20:57:04','0'),
(112,36,1,'2025-05-12 12:35:22','0'),
(112,91,1,'2025-03-07 11:19:32','0'),
(114,32,1,'2025-03-27 09:35:53','0'),
(114,57,1,'2025-04-17 06:35:50','0'),
(114,119,1,'2025-01-15 13:18:25','0'),
(115,7,1,'2025-04-15 17:53:31','0'),
(115,48,1,'2025-04-01 08:29:29','0'),
(116,80,1,'2025-04-18 15:21:33','0'),
(116,103,1,'2025-03-04 17:37:55','0'),
(116,118,1,'2025-02-16 02:56:21','0'),
(117,9,1,'2025-03-24 17:45:23','0'),
(117,129,1,'2025-02-22 00:58:45','0'),
(117,139,1,'2025-04-22 19:19:29','0'),
(118,18,1,'2025-04-29 00:17:37','0'),
(118,25,1,'2025-01-05 00:52:00','0'),
(118,54,1,'2025-01-27 12:34:50','0'),
(118,71,1,'2025-03-18 21:28:02','0'),
(118,92,1,'2025-01-13 03:49:08','0'),
(118,106,1,'2025-03-09 23:17:25','0'),
(119,95,1,'2025-01-02 22:58:43','0'),
(119,119,1,'2025-02-07 04:42:23','0'),
(119,143,1,'2025-01-26 03:32:48','0'),
(119,144,1,'2025-01-28 13:53:15','0'),
(120,17,1,'2025-02-04 08:43:52','0'),
(120,26,1,'2025-03-19 17:27:15','0'),
(120,67,1,'2025-03-29 10:37:40','0'),
(120,106,1,'2025-03-30 15:46:22','0'),
(121,100,1,'2025-02-13 00:22:09','0'),
(121,116,1,'2025-04-26 06:29:10','0'),
(121,143,1,'2025-02-03 20:32:27','0'),
(122,11,1,'2025-03-27 15:05:02','0'),
(122,52,1,'2025-04-18 21:57:27','0'),
(123,107,1,'2025-05-08 20:46:59','0'),
(123,147,1,'2025-02-24 07:36:32','0'),
(124,108,1,'2025-03-25 22:59:54','0'),
(124,125,1,'2025-01-06 04:33:33','0'),
(125,46,1,'2025-03-31 02:39:50','0'),
(125,67,1,'2025-05-03 16:17:57','0'),
(126,87,1,'2025-02-03 19:31:50','0'),
(126,144,1,'2025-01-16 16:52:36','0'),
(127,19,1,'2025-03-26 19:33:54','0'),
(127,69,1,'2025-02-19 03:49:55','0'),
(129,25,1,'2025-03-01 12:25:53','0'),
(129,77,1,'2025-04-02 14:23:46','0'),
(129,80,1,'2025-04-09 09:56:21','0'),
(129,143,1,'2025-04-19 04:56:13','0'),
(129,148,1,'2025-04-24 08:27:12','0'),
(130,5,1,'2025-04-25 12:54:54','0'),
(130,95,1,'2025-03-24 17:56:03','0'),
(130,122,1,'2025-03-21 13:35:34','0'),
(130,131,1,'2025-03-31 22:13:29','0'),
(130,142,1,'2025-04-23 11:08:46','0'),
(130,147,1,'2025-04-04 08:01:46','0'),
(131,24,1,'2025-02-22 08:37:59','0'),
(131,98,1,'2025-04-09 22:35:38','0'),
(131,131,1,'2025-04-27 21:42:41','0'),
(132,6,1,'2025-03-08 15:27:16','0'),
(132,91,1,'2025-04-25 12:47:05','0'),
(133,18,1,'2025-01-20 02:41:36','0'),
(133,98,1,'2025-02-07 21:19:15','0'),
(134,57,1,'2025-02-25 03:30:38','0'),
(134,72,1,'2025-02-22 01:21:12','0'),
(134,148,1,'2025-02-05 08:57:27','0'),
(135,104,1,'2025-04-29 08:55:50','0'),
(135,124,1,'2025-02-03 04:44:25','0'),
(135,138,1,'2025-04-09 07:56:03','0'),
(136,117,1,'2025-03-19 17:55:14','0'),
(136,137,1,'2025-01-11 11:29:23','0'),
(137,59,1,'2025-04-03 03:36:36','0'),
(137,114,1,'2025-01-12 18:41:42','0'),
(137,145,1,'2025-05-02 11:18:48','0'),
(138,69,1,'2025-04-12 16:53:29','0'),
(138,129,1,'2025-05-07 07:40:37','0'),
(140,11,1,'2025-01-09 19:12:48','0'),
(140,48,1,'2025-03-14 07:48:13','0'),
(140,68,1,'2025-04-07 23:00:52','0'),
(140,118,1,'2025-05-08 22:49:40','0'),
(141,26,1,'2025-04-03 18:17:00','0'),
(141,84,1,'2025-04-21 21:39:56','0'),
(142,4,1,'2025-03-28 22:20:05','0'),
(142,15,1,'2025-02-22 04:42:33','0'),
(143,10,1,'2025-03-08 00:37:19','0'),
(143,42,1,'2025-02-27 07:06:12','0'),
(143,47,1,'2025-04-18 20:29:08','0'),
(143,119,1,'2025-01-06 06:27:24','0'),
(144,24,1,'2025-04-01 03:50:51','0'),
(144,48,1,'2025-01-13 17:31:31','0'),
(144,90,1,'2025-03-03 00:02:37','0'),
(144,146,1,'2025-04-11 05:17:01','0'),
(145,129,1,'2025-02-27 13:51:36','0'),
(146,2,1,'2025-04-27 02:12:23','0'),
(146,9,1,'2025-02-24 05:38:44','0'),
(146,41,1,'2025-05-15 17:11:14','0'),
(146,110,1,'2025-04-07 11:43:17','0'),
(147,2,1,'2025-04-28 09:54:19','0'),
(147,137,1,'2025-03-23 09:58:12','0'),
(148,39,1,'2025-04-07 20:51:05','0'),
(149,57,1,'2025-01-05 16:20:49','0'),
(150,81,1,'2025-01-25 18:58:11','0');
/*!40000 ALTER TABLE `content` ENABLE KEYS */;
UNLOCK TABLES;
/*!50003 SET @saved_cs_client      = @@character_set_client */ ;
/*!50003 SET @saved_cs_results     = @@character_set_results */ ;
/*!50003 SET @saved_col_connection = @@collation_connection */ ;
/*!50003 SET character_set_client  = utf8mb4 */ ;
/*!50003 SET character_set_results = utf8mb4 */ ;
/*!50003 SET collation_connection  = utf8mb4_general_ci */ ;
/*!50003 SET @saved_sql_mode       = @@sql_mode */ ;
/*!50003 SET sql_mode              = 'STRICT_TRANS_TABLES,ERROR_FOR_DIVISION_BY_ZERO,NO_AUTO_CREATE_USER,NO_ENGINE_SUBSTITUTION' */ ;
DELIMITER ;;
/*!50003 CREATE*/ /*!50017 DEFINER=`root`@`localhost`*/ /*!50003 TRIGGER trg_fill_send_time
BEFORE INSERT ON Content
FOR EACH ROW
BEGIN
    IF NEW.send_time IS NULL THEN
        SET NEW.send_time = CURRENT_TIMESTAMP;
    END IF;
END */;;
DELIMITER ;
/*!50003 SET sql_mode              = @saved_sql_mode */ ;
/*!50003 SET character_set_client  = @saved_cs_client */ ;
/*!50003 SET character_set_results = @saved_cs_results */ ;
/*!50003 SET collation_connection  = @saved_col_connection */ ;

--
-- Table structure for table `friend`
--

DROP TABLE IF EXISTS `friend`;
/*!40101 SET @saved_cs_client     = @@character_set_client */;
/*!40101 SET character_set_client = utf8mb4 */;
CREATE TABLE `friend` (
  `user_id` int(11) NOT NULL CHECK (`user_id` > 0),
  `friend_id` int(11) NOT NULL CHECK (`friend_id` > 0),
  `start_date` date NOT NULL,
  `streak` int(11) DEFAULT 0 CHECK (`streak` >= 0),
  PRIMARY KEY (`user_id`,`friend_id`),
  KEY `RA_FRIEND_USER2` (`friend_id`),
  CONSTRAINT `RA_FRIEND_USER1` FOREIGN KEY (`user_id`) REFERENCES `user` (`user_id`) ON DELETE CASCADE,
  CONSTRAINT `RA_FRIEND_USER2` FOREIGN KEY (`friend_id`) REFERENCES `user` (`user_id`) ON DELETE CASCADE,
  CONSTRAINT `RC_FRIEND` CHECK (`user_id` <> `friend_id`)
) ENGINE=InnoDB DEFAULT CHARSET=latin1 COLLATE=latin1_swedish_ci;
/*!40101 SET character_set_client = @saved_cs_client */;

--
-- Dumping data for table `friend`
--

LOCK TABLES `friend` WRITE;
/*!40000 ALTER TABLE `friend` DISABLE KEYS */;
INSERT INTO `friend` (`user_id`, `friend_id`, `start_date`, `streak`) VALUES (1,12,'2025-02-12',23),
(1,20,'2025-02-07',53),
(1,139,'2025-03-28',83),
(2,14,'2025-02-10',26),
(2,97,'2025-01-31',57),
(2,126,'2025-01-15',87),
(3,91,'2025-03-16',87),
(3,146,'2025-05-06',24),
(3,148,'2025-01-08',89),
(4,67,'2025-01-26',58),
(4,97,'2025-03-23',5),
(4,114,'2025-01-16',45),
(5,95,'2025-03-21',28),
(5,127,'2025-04-09',15),
(5,149,'2025-02-08',44),
(6,9,'2025-04-20',70),
(6,14,'2025-03-22',64),
(6,21,'2025-04-16',83),
(6,41,'2025-01-03',97),
(6,49,'2025-05-13',27),
(6,60,'2025-01-19',43),
(6,71,'2025-03-27',91),
(6,80,'2025-01-09',39),
(6,94,'2025-03-12',45),
(6,115,'2025-03-05',54),
(6,122,'2025-04-08',17),
(7,10,'2025-01-12',75),
(7,11,'2025-05-14',67),
(7,17,'2025-01-10',71),
(7,24,'2025-02-02',33),
(7,39,'2025-04-09',9),
(7,49,'2025-01-18',16),
(7,62,'2025-01-07',6),
(7,75,'2025-02-03',51),
(7,83,'2025-05-13',8),
(7,97,'2025-03-11',94),
(7,130,'2025-02-09',5),
(8,13,'2025-04-12',77),
(8,93,'2025-05-02',27),
(9,6,'2025-04-20',70),
(9,66,'2025-03-13',4),
(9,69,'2025-03-07',50),
(9,82,'2025-01-15',61),
(9,112,'2025-01-14',100),
(9,119,'2025-04-17',19),
(10,7,'2025-01-12',75),
(10,17,'2025-04-19',30),
(10,57,'2025-02-11',44),
(10,89,'2025-01-22',41),
(10,135,'2025-05-14',96),
(11,7,'2025-05-14',67),
(11,138,'2025-02-17',63),
(12,1,'2025-02-12',23),
(12,23,'2025-05-06',92),
(12,81,'2025-02-02',53),
(12,96,'2025-04-20',55),
(12,97,'2025-02-12',23),
(12,138,'2025-03-24',44),
(13,8,'2025-04-12',77),
(13,59,'2025-01-26',51),
(13,75,'2025-04-21',15),
(13,96,'2025-05-07',28),
(13,114,'2025-03-28',52),
(13,117,'2025-04-04',41),
(13,128,'2025-01-05',46),
(14,2,'2025-02-10',26),
(14,6,'2025-03-22',64),
(14,51,'2025-01-10',82),
(15,58,'2025-04-15',27),
(15,87,'2025-01-11',17),
(15,99,'2025-04-02',99),
(16,25,'2025-03-17',86),
(17,7,'2025-01-10',71),
(17,10,'2025-04-19',30),
(17,21,'2025-03-29',68),
(17,29,'2025-01-25',88),
(17,36,'2025-04-15',98),
(17,51,'2025-03-19',56),
(17,105,'2025-03-01',13),
(17,121,'2025-05-05',16),
(18,30,'2025-01-06',2),
(18,42,'2025-02-05',79),
(18,77,'2025-03-18',18),
(19,38,'2025-05-04',2),
(19,73,'2025-03-08',94),
(19,76,'2025-01-27',20),
(19,124,'2025-01-28',24),
(19,146,'2025-03-16',20),
(20,1,'2025-02-07',53),
(20,29,'2025-03-02',6),
(20,38,'2025-04-29',69),
(20,53,'2025-01-20',68),
(20,127,'2025-01-18',8),
(21,6,'2025-04-16',83),
(21,17,'2025-03-29',68),
(21,27,'2025-02-07',18),
(21,42,'2025-05-13',6),
(21,87,'2025-01-29',19),
(21,96,'2025-02-04',14),
(21,106,'2025-01-31',61),
(21,132,'2025-03-04',76),
(22,95,'2025-01-10',15),
(22,120,'2025-02-17',82),
(22,134,'2025-05-13',99),
(23,12,'2025-05-06',92),
(23,43,'2025-03-23',95),
(23,90,'2025-04-20',16),
(23,97,'2025-01-27',51),
(24,7,'2025-02-02',33),
(24,41,'2025-03-04',67),
(24,79,'2025-03-08',37),
(25,16,'2025-03-17',86),
(25,37,'2025-04-02',19),
(25,113,'2025-05-06',3),
(26,137,'2025-04-01',36),
(26,144,'2025-04-13',68),
(27,21,'2025-02-07',18),
(27,49,'2025-03-30',46),
(27,101,'2025-02-22',79),
(27,104,'2025-04-03',50),
(27,128,'2025-03-29',3),
(28,45,'2025-01-08',52),
(28,69,'2025-01-05',45),
(28,134,'2025-02-24',61),
(28,145,'2025-04-14',99),
(28,147,'2025-02-28',69),
(29,17,'2025-01-25',88),
(29,20,'2025-03-02',6),
(29,30,'2025-02-14',100),
(29,121,'2025-04-13',72),
(30,18,'2025-01-06',2),
(30,29,'2025-02-14',100),
(30,68,'2025-04-17',75),
(30,74,'2025-05-11',47),
(31,44,'2025-02-12',27),
(31,70,'2025-03-17',6),
(32,42,'2025-04-15',67),
(32,99,'2025-01-20',18),
(33,51,'2025-01-27',32),
(33,61,'2025-01-02',68),
(33,99,'2025-03-06',51),
(34,60,'2025-04-16',82),
(34,69,'2025-04-26',86),
(34,110,'2025-04-01',31),
(34,123,'2025-01-07',41),
(35,44,'2025-03-24',27),
(35,129,'2025-02-10',29),
(35,142,'2025-03-21',11),
(35,150,'2025-04-25',74),
(36,17,'2025-04-15',98),
(36,59,'2025-02-04',48),
(37,25,'2025-04-02',19),
(37,54,'2025-04-18',8),
(37,63,'2025-05-15',51),
(37,65,'2025-01-13',51),
(37,141,'2025-04-19',100),
(38,19,'2025-05-04',2),
(38,20,'2025-04-29',69),
(38,94,'2025-01-05',78),
(38,104,'2025-05-02',59),
(38,132,'2025-04-01',10),
(38,147,'2025-01-19',88),
(39,7,'2025-04-09',9),
(39,110,'2025-02-04',67),
(39,126,'2025-03-23',8),
(40,59,'2025-04-05',17),
(40,92,'2025-03-15',24),
(41,6,'2025-01-03',97),
(41,24,'2025-03-04',67),
(41,57,'2025-02-11',71),
(41,78,'2025-04-06',23),
(41,95,'2025-04-01',20),
(41,126,'2025-04-10',19),
(42,18,'2025-02-05',79),
(42,21,'2025-05-13',6),
(42,32,'2025-04-15',67),
(42,59,'2025-03-06',6),
(42,134,'2025-04-04',51),
(42,139,'2025-03-11',45),
(43,23,'2025-03-23',95),
(43,96,'2025-01-12',82),
(43,142,'2025-02-27',81),
(44,31,'2025-02-12',27),
(44,35,'2025-03-24',27),
(44,75,'2025-05-13',87),
(44,113,'2025-01-27',74),
(45,28,'2025-01-08',52),
(45,56,'2025-03-19',19),
(45,102,'2025-04-15',57),
(46,117,'2025-03-29',15),
(46,146,'2025-05-09',79),
(47,52,'2025-02-22',99),
(48,75,'2025-01-14',6),
(49,6,'2025-05-13',27),
(49,7,'2025-01-18',16),
(49,27,'2025-03-30',46),
(49,61,'2025-01-11',98),
(49,99,'2025-03-26',8),
(50,81,'2025-04-02',51),
(50,85,'2025-01-06',76),
(50,104,'2025-01-18',54),
(51,14,'2025-01-10',82),
(51,17,'2025-03-19',56),
(51,33,'2025-01-27',32),
(51,77,'2025-02-20',68),
(51,93,'2025-03-22',4),
(51,98,'2025-04-26',98),
(51,104,'2025-02-04',63),
(51,109,'2025-02-16',88),
(51,138,'2025-04-16',29),
(52,47,'2025-02-22',99),
(52,57,'2025-01-07',41),
(52,60,'2025-02-20',49),
(52,93,'2025-02-01',42),
(52,94,'2025-03-05',82),
(52,127,'2025-03-23',15),
(52,135,'2025-01-12',49),
(53,20,'2025-01-20',68),
(53,93,'2025-05-08',17),
(53,101,'2025-04-22',42),
(54,37,'2025-04-18',8),
(54,57,'2025-02-12',39),
(54,117,'2025-01-16',93),
(55,61,'2025-04-24',89),
(55,95,'2025-05-10',67),
(55,129,'2025-02-26',55),
(56,45,'2025-03-19',19),
(56,74,'2025-05-02',29),
(56,87,'2025-03-19',25),
(56,100,'2025-05-04',81),
(56,132,'2025-03-11',54),
(57,10,'2025-02-11',44),
(57,41,'2025-02-11',71),
(57,52,'2025-01-07',41),
(57,54,'2025-02-12',39),
(58,15,'2025-04-15',27),
(58,105,'2025-01-06',55),
(58,111,'2025-03-20',67),
(59,13,'2025-01-26',51),
(59,36,'2025-02-04',48),
(59,40,'2025-04-05',17),
(59,42,'2025-03-06',6),
(59,73,'2025-02-27',36),
(60,6,'2025-01-19',43),
(60,34,'2025-04-16',82),
(60,52,'2025-02-20',49),
(60,61,'2025-02-03',60),
(60,109,'2025-03-14',42),
(60,110,'2025-02-07',49),
(60,116,'2025-01-23',16),
(61,33,'2025-01-02',68),
(61,49,'2025-01-11',98),
(61,55,'2025-04-24',89),
(61,60,'2025-02-03',60),
(61,98,'2025-05-14',21),
(62,7,'2025-01-07',6),
(62,71,'2025-03-28',60),
(63,37,'2025-05-15',51),
(63,70,'2025-05-02',69),
(63,102,'2025-02-13',96),
(63,105,'2025-04-01',63),
(63,125,'2025-03-26',97),
(63,148,'2025-01-15',69),
(64,66,'2025-03-21',58),
(64,72,'2025-01-18',88),
(64,92,'2025-05-07',61),
(64,102,'2025-04-28',33),
(64,149,'2025-01-17',97),
(65,37,'2025-01-13',51),
(65,93,'2025-01-23',6),
(65,132,'2025-02-23',90),
(66,9,'2025-03-13',4),
(66,64,'2025-03-21',58),
(66,72,'2025-03-16',98),
(66,76,'2025-01-04',10),
(66,96,'2025-02-18',59),
(66,123,'2025-04-01',90),
(66,129,'2025-01-29',92),
(67,4,'2025-01-26',58),
(67,70,'2025-03-04',54),
(67,126,'2025-03-15',91),
(67,138,'2025-04-02',93),
(68,30,'2025-04-17',75),
(68,82,'2025-02-24',67),
(68,103,'2025-01-21',93),
(69,9,'2025-03-07',50),
(69,28,'2025-01-05',45),
(69,34,'2025-04-26',86),
(69,86,'2025-04-09',100),
(69,130,'2025-02-16',16),
(70,31,'2025-03-17',6),
(70,63,'2025-05-02',69),
(70,67,'2025-03-04',54),
(70,102,'2025-01-21',77),
(70,134,'2025-03-29',73),
(71,6,'2025-03-27',91),
(71,62,'2025-03-28',60),
(72,64,'2025-01-18',88),
(72,66,'2025-03-16',98),
(72,90,'2025-01-19',68),
(72,128,'2025-05-08',63),
(72,129,'2025-04-25',20),
(72,149,'2025-03-07',86),
(73,19,'2025-03-08',94),
(73,59,'2025-02-27',36),
(73,123,'2025-01-11',18),
(73,141,'2025-04-03',45),
(73,150,'2025-01-13',90),
(74,30,'2025-05-11',47),
(74,56,'2025-05-02',29),
(74,77,'2025-02-25',45),
(74,105,'2025-05-06',79),
(74,135,'2025-04-30',52),
(75,7,'2025-02-03',51),
(75,13,'2025-04-21',15),
(75,44,'2025-05-13',87),
(75,48,'2025-01-14',6),
(75,116,'2025-01-08',44),
(75,127,'2025-02-20',37),
(75,136,'2025-02-28',55),
(76,19,'2025-01-27',20),
(76,66,'2025-01-04',10),
(76,84,'2025-02-13',36),
(76,99,'2025-01-29',39),
(76,126,'2025-01-17',0),
(77,18,'2025-03-18',18),
(77,51,'2025-02-20',68),
(77,74,'2025-02-25',45),
(77,94,'2025-02-12',19),
(78,41,'2025-04-06',23),
(78,106,'2025-04-20',13),
(79,24,'2025-03-08',37),
(79,83,'2025-03-21',2),
(80,6,'2025-01-09',39),
(80,112,'2025-04-16',51),
(81,12,'2025-02-02',53),
(81,50,'2025-04-02',51),
(81,126,'2025-04-01',7),
(82,9,'2025-01-15',61),
(82,68,'2025-02-24',67),
(83,7,'2025-05-13',8),
(83,79,'2025-03-21',2),
(83,106,'2025-01-16',9),
(83,111,'2025-03-12',88),
(83,117,'2025-04-24',90),
(84,76,'2025-02-13',36),
(84,129,'2025-04-16',81),
(85,50,'2025-01-06',76),
(86,69,'2025-04-09',100),
(87,15,'2025-01-11',17),
(87,21,'2025-01-29',19),
(87,56,'2025-03-19',25),
(87,124,'2025-03-10',53),
(88,95,'2025-03-09',19),
(88,115,'2025-05-03',78),
(88,133,'2025-03-05',87),
(88,135,'2025-01-25',67),
(89,10,'2025-01-22',41),
(89,97,'2025-02-23',86),
(90,23,'2025-04-20',16),
(90,72,'2025-01-19',68),
(90,120,'2025-02-24',44),
(91,3,'2025-03-16',87),
(91,111,'2025-03-30',11),
(91,134,'2025-03-24',39),
(92,40,'2025-03-15',24),
(92,64,'2025-05-07',61),
(93,8,'2025-05-02',27),
(93,51,'2025-03-22',4),
(93,52,'2025-02-01',42),
(93,53,'2025-05-08',17),
(93,65,'2025-01-23',6),
(93,122,'2025-04-10',3),
(94,6,'2025-03-12',45),
(94,38,'2025-01-05',78),
(94,52,'2025-03-05',82),
(94,77,'2025-02-12',19),
(95,5,'2025-03-21',28),
(95,22,'2025-01-10',15),
(95,41,'2025-04-01',20),
(95,55,'2025-05-10',67),
(95,88,'2025-03-09',19),
(95,98,'2025-03-24',19),
(95,132,'2025-02-04',34),
(95,136,'2025-02-19',13),
(96,12,'2025-04-20',55),
(96,13,'2025-05-07',28),
(96,21,'2025-02-04',14),
(96,43,'2025-01-12',82),
(96,66,'2025-02-18',59),
(96,145,'2025-02-04',0),
(97,2,'2025-01-31',57),
(97,4,'2025-03-23',5),
(97,7,'2025-03-11',94),
(97,12,'2025-02-12',23),
(97,23,'2025-01-27',51),
(97,89,'2025-02-23',86),
(97,143,'2025-03-16',52),
(98,51,'2025-04-26',98),
(98,61,'2025-05-14',21),
(98,95,'2025-03-24',19),
(98,113,'2025-04-03',73),
(99,15,'2025-04-02',99),
(99,32,'2025-01-20',18),
(99,33,'2025-03-06',51),
(99,49,'2025-03-26',8),
(99,76,'2025-01-29',39),
(100,56,'2025-05-04',81),
(100,128,'2025-01-06',85),
(101,27,'2025-02-22',79),
(101,53,'2025-04-22',42),
(101,117,'2025-02-15',26),
(101,125,'2025-03-19',41),
(101,137,'2025-03-21',72),
(102,45,'2025-04-15',57),
(102,63,'2025-02-13',96),
(102,64,'2025-04-28',33),
(102,70,'2025-01-21',77),
(102,106,'2025-03-26',84),
(102,119,'2025-03-29',41),
(103,68,'2025-01-21',93),
(103,113,'2025-01-05',4),
(103,123,'2025-02-11',9),
(104,27,'2025-04-03',50),
(104,38,'2025-05-02',59),
(104,50,'2025-01-18',54),
(104,51,'2025-02-04',63),
(104,115,'2025-03-24',51),
(104,137,'2025-03-31',34),
(105,17,'2025-03-01',13),
(105,58,'2025-01-06',55),
(105,63,'2025-04-01',63),
(105,74,'2025-05-06',79),
(105,146,'2025-01-13',14),
(106,21,'2025-01-31',61),
(106,78,'2025-04-20',13),
(106,83,'2025-01-16',9),
(106,102,'2025-03-26',84),
(106,134,'2025-01-25',90),
(106,148,'2025-02-21',11),
(107,116,'2025-01-01',24),
(107,131,'2025-02-20',82),
(108,150,'2025-03-20',84),
(109,51,'2025-02-16',88),
(109,60,'2025-03-14',42),
(110,34,'2025-04-01',31),
(110,39,'2025-02-04',67),
(110,60,'2025-02-07',49),
(110,150,'2025-01-16',40),
(111,58,'2025-03-20',67),
(111,83,'2025-03-12',88),
(111,91,'2025-03-30',11),
(112,9,'2025-01-14',100),
(112,80,'2025-04-16',51),
(112,134,'2025-03-26',34),
(113,25,'2025-05-06',3),
(113,44,'2025-01-27',74),
(113,98,'2025-04-03',73),
(113,103,'2025-01-05',4),
(113,139,'2025-02-01',48),
(114,4,'2025-01-16',45),
(114,13,'2025-03-28',52),
(114,146,'2025-05-09',74),
(115,6,'2025-03-05',54),
(115,88,'2025-05-03',78),
(115,104,'2025-03-24',51),
(115,147,'2025-04-18',9),
(116,60,'2025-01-23',16),
(116,75,'2025-01-08',44),
(116,107,'2025-01-01',24),
(116,117,'2025-05-03',32),
(116,137,'2025-04-07',39),
(116,140,'2025-04-26',38),
(117,13,'2025-04-04',41),
(117,46,'2025-03-29',15),
(117,54,'2025-01-16',93),
(117,83,'2025-04-24',90),
(117,101,'2025-02-15',26),
(117,116,'2025-05-03',32),
(117,136,'2025-01-07',86),
(118,124,'2025-04-14',91),
(119,9,'2025-04-17',19),
(119,102,'2025-03-29',41),
(120,22,'2025-02-17',82),
(120,90,'2025-02-24',44),
(121,17,'2025-05-05',16),
(121,29,'2025-04-13',72),
(122,6,'2025-04-08',17),
(122,93,'2025-04-10',3),
(122,126,'2025-05-08',79),
(122,130,'2025-04-19',13),
(123,34,'2025-01-07',41),
(123,66,'2025-04-01',90),
(123,73,'2025-01-11',18),
(123,103,'2025-02-11',9),
(124,19,'2025-01-28',24),
(124,87,'2025-03-10',53),
(124,118,'2025-04-14',91),
(125,63,'2025-03-26',97),
(125,101,'2025-03-19',41),
(125,142,'2025-04-09',43),
(126,2,'2025-01-15',87),
(126,39,'2025-03-23',8),
(126,41,'2025-04-10',19),
(126,67,'2025-03-15',91),
(126,76,'2025-01-17',0),
(126,81,'2025-04-01',7),
(126,122,'2025-05-08',79),
(127,5,'2025-04-09',15),
(127,20,'2025-01-18',8),
(127,52,'2025-03-23',15),
(127,75,'2025-02-20',37),
(127,150,'2025-04-28',84),
(128,13,'2025-01-05',46),
(128,27,'2025-03-29',3),
(128,72,'2025-05-08',63),
(128,100,'2025-01-06',85),
(129,35,'2025-02-10',29),
(129,55,'2025-02-26',55),
(129,66,'2025-01-29',92),
(129,72,'2025-04-25',20),
(129,84,'2025-04-16',81),
(130,7,'2025-02-09',5),
(130,69,'2025-02-16',16),
(130,122,'2025-04-19',13),
(130,135,'2025-02-12',0),
(130,145,'2025-05-04',40),
(131,107,'2025-02-20',82),
(132,21,'2025-03-04',76),
(132,38,'2025-04-01',10),
(132,56,'2025-03-11',54),
(132,65,'2025-02-23',90),
(132,95,'2025-02-04',34),
(133,88,'2025-03-05',87),
(134,22,'2025-05-13',99),
(134,28,'2025-02-24',61),
(134,42,'2025-04-04',51),
(134,70,'2025-03-29',73),
(134,91,'2025-03-24',39),
(134,106,'2025-01-25',90),
(134,112,'2025-03-26',34),
(135,10,'2025-05-14',96),
(135,52,'2025-01-12',49),
(135,74,'2025-04-30',52),
(135,88,'2025-01-25',67),
(135,130,'2025-02-12',0),
(135,144,'2025-02-11',86),
(136,75,'2025-02-28',55),
(136,95,'2025-02-19',13),
(136,117,'2025-01-07',86),
(136,143,'2025-04-25',8),
(136,147,'2025-03-21',18),
(137,26,'2025-04-01',36),
(137,101,'2025-03-21',72),
(137,104,'2025-03-31',34),
(137,116,'2025-04-07',39),
(138,11,'2025-02-17',63),
(138,12,'2025-03-24',44),
(138,51,'2025-04-16',29),
(138,67,'2025-04-02',93),
(139,1,'2025-03-28',83),
(139,42,'2025-03-11',45),
(139,113,'2025-02-01',48),
(140,116,'2025-04-26',38),
(141,37,'2025-04-19',100),
(141,73,'2025-04-03',45),
(142,35,'2025-03-21',11),
(142,43,'2025-02-27',81),
(142,125,'2025-04-09',43),
(142,147,'2025-03-12',57),
(143,97,'2025-03-16',52),
(143,136,'2025-04-25',8),
(144,26,'2025-04-13',68),
(144,135,'2025-02-11',86),
(145,28,'2025-04-14',99),
(145,96,'2025-02-04',0),
(145,130,'2025-05-04',40),
(146,3,'2025-05-06',24),
(146,19,'2025-03-16',20),
(146,46,'2025-05-09',79),
(146,105,'2025-01-13',14),
(146,114,'2025-05-09',74),
(147,28,'2025-02-28',69),
(147,38,'2025-01-19',88),
(147,115,'2025-04-18',9),
(147,136,'2025-03-21',18),
(147,142,'2025-03-12',57),
(148,3,'2025-01-08',89),
(148,63,'2025-01-15',69),
(148,106,'2025-02-21',11),
(149,5,'2025-02-08',44),
(149,64,'2025-01-17',97),
(149,72,'2025-03-07',86),
(150,35,'2025-04-25',74),
(150,73,'2025-01-13',90),
(150,108,'2025-03-20',84),
(150,110,'2025-01-16',40),
(150,127,'2025-04-28',84);
/*!40000 ALTER TABLE `friend` ENABLE KEYS */;
UNLOCK TABLES;

--
-- Table structure for table `image`
--

DROP TABLE IF EXISTS `image`;
/*!40101 SET @saved_cs_client     = @@character_set_client */;
/*!40101 SET character_set_client = utf8mb4 */;
CREATE TABLE `image` (
  `user_id` int(11) NOT NULL CHECK (`user_id` > 0),
  `room_id` int(11) NOT NULL CHECK (`room_id` > 0),
  `sent_order` int(11) NOT NULL CHECK (`sent_order` > 0),
  `addon_idx` int(11) NOT NULL CHECK (`addon_idx` > 0),
  `name` varchar(255) NOT NULL CHECK (`name` <> ''),
  PRIMARY KEY (`user_id`,`room_id`,`sent_order`,`addon_idx`),
  CONSTRAINT `RA_IMAGE_ADDON` FOREIGN KEY (`user_id`, `room_id`, `sent_order`, `addon_idx`) REFERENCES `add_on` (`user_id`, `room_id`, `sent_order`, `addon_idx`) ON DELETE CASCADE,
  CONSTRAINT `CK_FILEEXT_VALID` CHECK (lcase(`name`) like '%.png' or lcase(`name`) like '%.jpeg' or lcase(`name`) like '%.jpg')
) ENGINE=InnoDB DEFAULT CHARSET=latin1 COLLATE=latin1_swedish_ci;
/*!40101 SET character_set_client = @saved_cs_client */;

--
-- Dumping data for table `image`
--

LOCK TABLES `image` WRITE;
/*!40000 ALTER TABLE `image` DISABLE KEYS */;
INSERT INTO `image` (`user_id`, `room_id`, `sent_order`, `addon_idx`, `name`) VALUES (1,66,1,1,'image_96.jpg'),
(1,66,1,2,'image_96.jpg'),
(1,66,1,3,'image_96.jpg'),
(1,66,1,4,'image_96.jpg'),
(1,66,1,5,'image_96.jpg'),
(1,66,1,6,'image_96.jpg'),
(1,66,1,7,'image_96.jpg'),
(1,66,1,8,'image_96.jpg'),
(5,12,1,1,'image_256.jpeg'),
(5,12,1,2,'image_256.jpeg'),
(5,12,1,3,'image_256.jpeg'),
(5,14,1,1,'image_99.png'),
(5,14,1,2,'image_99.png'),
(5,14,1,3,'image_99.png'),
(5,14,1,4,'image_99.png'),
(5,14,1,5,'image_99.png'),
(5,72,1,1,'image_145.jpg'),
(5,72,1,2,'image_145.jpg'),
(5,72,1,3,'image_145.jpg'),
(5,72,1,4,'image_145.jpg'),
(5,72,1,5,'image_145.jpg'),
(5,72,1,6,'image_145.jpg'),
(5,72,1,7,'image_145.jpg'),
(5,97,1,1,'image_76.png'),
(5,97,1,2,'image_76.png'),
(5,97,1,3,'image_76.png'),
(5,97,1,4,'image_76.png'),
(5,97,1,5,'image_76.png'),
(5,97,1,6,'image_76.png'),
(7,43,1,1,'image_335.jpeg'),
(7,43,1,2,'image_335.jpeg'),
(7,43,1,3,'image_335.jpeg'),
(7,43,1,4,'image_335.jpeg'),
(9,122,1,1,'image_307.jpg'),
(9,122,1,2,'image_307.jpg'),
(9,122,1,3,'image_307.jpg'),
(9,122,1,4,'image_307.jpg'),
(9,122,1,5,'image_307.jpg'),
(9,122,1,6,'image_307.jpg'),
(9,122,1,7,'image_307.jpg'),
(9,122,1,8,'image_307.jpg'),
(9,122,1,9,'image_307.jpg'),
(11,32,1,1,'image_398.jpg'),
(11,32,1,2,'image_398.jpg'),
(11,32,1,3,'image_398.jpg'),
(11,32,1,4,'image_398.jpg'),
(16,25,1,1,'image_29.jpeg'),
(16,68,1,1,'image_245.jpeg'),
(16,68,1,2,'image_245.jpeg'),
(16,68,1,3,'image_245.jpeg'),
(16,68,1,4,'image_245.jpeg'),
(16,68,1,5,'image_245.jpeg'),
(16,73,1,1,'image_347.jpeg'),
(16,73,1,2,'image_347.jpeg'),
(16,73,1,3,'image_347.jpeg'),
(16,73,1,4,'image_347.jpeg'),
(16,111,1,1,'image_252.png'),
(16,111,1,2,'image_252.png'),
(16,111,1,3,'image_252.png'),
(17,105,1,1,'image_162.png'),
(17,105,1,2,'image_162.png'),
(17,105,1,3,'image_162.png'),
(17,105,1,4,'image_162.png'),
(17,105,1,5,'image_162.png'),
(17,105,1,6,'image_162.png'),
(17,105,1,7,'image_162.png'),
(17,138,1,1,'image_5.jpg'),
(17,138,1,2,'image_5.jpg'),
(17,138,1,3,'image_5.jpg'),
(17,138,1,4,'image_5.jpg'),
(17,138,1,5,'image_5.jpg'),
(17,138,1,6,'image_5.jpg'),
(17,138,1,7,'image_5.jpg'),
(18,130,1,1,'image_390.jpg'),
(18,130,1,2,'image_390.jpg'),
(18,130,1,3,'image_390.jpg'),
(18,130,1,4,'image_390.jpg'),
(18,130,1,5,'image_390.jpg'),
(18,130,1,6,'image_390.jpg'),
(22,90,1,1,'image_158.jpeg'),
(22,90,1,2,'image_158.jpeg'),
(22,90,1,3,'image_158.jpeg'),
(22,90,1,4,'image_158.jpeg'),
(22,90,1,5,'image_158.jpeg'),
(22,90,1,6,'image_158.jpeg'),
(22,90,1,7,'image_158.jpeg'),
(22,90,1,8,'image_158.jpeg'),
(22,90,1,9,'image_158.jpeg'),
(22,90,1,10,'image_158.jpeg'),
(23,95,1,1,'image_269.jpg'),
(25,94,1,1,'image_365.png'),
(25,94,1,2,'image_365.png'),
(25,94,1,3,'image_365.png'),
(25,94,1,4,'image_365.png'),
(25,94,1,5,'image_365.png'),
(25,94,1,6,'image_365.png'),
(26,17,1,1,'image_163.png'),
(28,42,1,1,'image_34.jpg'),
(28,42,1,2,'image_34.jpg'),
(28,42,1,3,'image_34.jpg'),
(30,76,1,1,'image_23.jpg'),
(30,76,1,2,'image_23.jpg'),
(30,76,1,3,'image_23.jpg'),
(31,61,1,1,'image_195.png'),
(31,61,1,2,'image_195.png'),
(31,61,1,3,'image_195.png'),
(31,61,1,4,'image_195.png'),
(32,20,1,1,'image_212.png'),
(32,20,1,2,'image_212.png'),
(32,20,1,3,'image_212.png'),
(32,20,1,4,'image_212.png'),
(32,20,1,5,'image_212.png'),
(32,20,1,6,'image_212.png'),
(32,20,1,7,'image_212.png'),
(32,20,1,8,'image_212.png'),
(32,20,1,9,'image_212.png'),
(32,20,1,10,'image_212.png'),
(33,28,1,1,'image_317.jpg'),
(33,28,1,2,'image_317.jpg'),
(33,28,1,3,'image_317.jpg'),
(33,28,1,4,'image_317.jpg'),
(33,28,1,5,'image_317.jpg'),
(33,28,1,6,'image_317.jpg'),
(33,28,1,7,'image_317.jpg'),
(33,28,1,8,'image_317.jpg'),
(33,28,1,9,'image_317.jpg'),
(33,28,1,10,'image_317.jpg'),
(34,92,1,1,'image_223.jpeg'),
(34,92,1,2,'image_223.jpeg'),
(34,92,1,3,'image_223.jpeg'),
(35,62,1,1,'image_262.jpeg'),
(35,62,1,2,'image_262.jpeg'),
(35,62,1,3,'image_262.jpeg'),
(35,62,1,4,'image_262.jpeg'),
(35,62,1,5,'image_262.jpeg'),
(35,62,1,6,'image_262.jpeg'),
(36,19,1,1,'image_234.jpeg'),
(36,19,1,2,'image_234.jpeg'),
(41,79,1,1,'image_170.jpeg'),
(41,79,1,2,'image_170.jpeg'),
(45,61,1,1,'image_22.jpg'),
(45,61,1,2,'image_22.jpg'),
(45,61,1,3,'image_22.jpg'),
(45,61,1,4,'image_22.jpg'),
(45,61,1,5,'image_22.jpg'),
(45,61,1,6,'image_22.jpg'),
(45,61,1,7,'image_22.jpg'),
(45,61,1,8,'image_22.jpg'),
(45,61,1,9,'image_22.jpg'),
(46,3,1,1,'image_66.png'),
(46,3,1,2,'image_66.png'),
(46,3,1,3,'image_66.png'),
(46,3,1,4,'image_66.png'),
(46,3,1,5,'image_66.png'),
(46,3,1,6,'image_66.png'),
(47,18,1,1,'image_202.jpg'),
(47,18,1,2,'image_202.jpg'),
(47,18,1,3,'image_202.jpg'),
(47,18,1,4,'image_202.jpg'),
(47,18,1,5,'image_202.jpg'),
(47,18,1,6,'image_202.jpg'),
(47,18,1,7,'image_202.jpg'),
(50,24,1,1,'image_82.png'),
(50,24,1,2,'image_82.png'),
(50,24,1,3,'image_82.png'),
(50,24,1,4,'image_82.png'),
(51,18,1,1,'image_203.png'),
(51,18,1,2,'image_203.png'),
(51,18,1,3,'image_203.png'),
(51,18,1,4,'image_203.png'),
(51,18,1,5,'image_203.png'),
(51,18,1,6,'image_203.png'),
(51,18,1,7,'image_203.png'),
(51,18,1,8,'image_203.png'),
(51,18,1,9,'image_203.png'),
(52,128,1,1,'image_140.jpg'),
(52,128,1,2,'image_140.jpg'),
(52,128,1,3,'image_140.jpg'),
(52,128,1,4,'image_140.jpg'),
(52,128,1,5,'image_140.jpg'),
(52,128,1,6,'image_140.jpg'),
(52,128,1,7,'image_140.jpg'),
(52,128,1,8,'image_140.jpg'),
(57,86,1,1,'image_287.jpeg'),
(57,86,1,2,'image_287.jpeg'),
(57,86,1,3,'image_287.jpeg'),
(57,86,1,4,'image_287.jpeg'),
(57,86,1,5,'image_287.jpeg'),
(57,86,1,6,'image_287.jpeg'),
(57,86,1,7,'image_287.jpeg'),
(59,7,1,1,'image_289.jpeg'),
(59,7,1,2,'image_289.jpeg'),
(59,7,1,3,'image_289.jpeg'),
(59,7,1,4,'image_289.jpeg'),
(59,7,1,5,'image_289.jpeg'),
(60,129,1,1,'image_244.jpg'),
(60,129,1,2,'image_244.jpg'),
(60,129,1,3,'image_244.jpg'),
(60,129,1,4,'image_244.jpg'),
(61,4,1,1,'image_196.png'),
(61,4,1,2,'image_196.png'),
(61,4,1,3,'image_196.png'),
(61,4,1,4,'image_196.png'),
(61,117,1,1,'image_143.png'),
(61,117,1,2,'image_143.png'),
(61,117,1,3,'image_143.png'),
(62,44,1,1,'image_85.jpg'),
(62,44,1,2,'image_85.jpg'),
(62,44,1,3,'image_85.jpg'),
(62,44,1,4,'image_85.jpg'),
(62,44,1,5,'image_85.jpg'),
(63,73,1,1,'image_381.jpeg'),
(63,73,1,2,'image_381.jpeg'),
(68,14,1,1,'image_274.jpeg'),
(68,14,1,2,'image_274.jpeg'),
(68,14,1,3,'image_274.jpeg'),
(68,85,1,1,'image_261.jpeg'),
(68,85,1,2,'image_261.jpeg'),
(68,85,1,3,'image_261.jpeg'),
(68,85,1,4,'image_261.jpeg'),
(68,85,1,5,'image_261.jpeg'),
(68,85,1,6,'image_261.jpeg'),
(68,85,1,7,'image_261.jpeg'),
(68,85,1,8,'image_261.jpeg'),
(69,142,1,1,'image_150.jpeg'),
(70,30,1,1,'image_101.jpeg'),
(70,30,1,2,'image_101.jpeg'),
(70,30,1,3,'image_101.jpeg'),
(70,49,1,1,'image_97.jpeg'),
(70,49,1,2,'image_97.jpeg'),
(70,49,1,3,'image_97.jpeg'),
(74,62,1,1,'image_303.jpeg'),
(74,62,1,2,'image_303.jpeg'),
(74,62,1,3,'image_303.jpeg'),
(74,62,1,4,'image_303.jpeg'),
(74,62,1,5,'image_303.jpeg'),
(76,106,1,1,'image_187.jpg'),
(76,106,1,2,'image_187.jpg'),
(76,106,1,3,'image_187.jpg'),
(80,118,1,1,'image_55.jpg'),
(80,118,1,2,'image_55.jpg'),
(80,118,1,3,'image_55.jpg'),
(80,118,1,4,'image_55.jpg'),
(80,118,1,5,'image_55.jpg'),
(80,118,1,6,'image_55.jpg'),
(80,118,1,7,'image_55.jpg'),
(80,118,1,8,'image_55.jpg'),
(80,118,1,9,'image_55.jpg'),
(80,118,1,10,'image_55.jpg'),
(85,48,1,1,'image_337.png'),
(85,48,1,2,'image_337.png'),
(86,74,1,1,'image_88.png'),
(86,74,1,2,'image_88.png'),
(86,74,1,3,'image_88.png'),
(86,74,1,4,'image_88.png'),
(86,74,1,5,'image_88.png'),
(86,74,1,6,'image_88.png'),
(86,74,1,7,'image_88.png'),
(86,74,1,8,'image_88.png'),
(86,74,1,9,'image_88.png'),
(88,7,1,1,'image_12.png'),
(88,7,1,2,'image_12.png'),
(88,7,1,3,'image_12.png'),
(88,7,1,4,'image_12.png'),
(88,7,1,5,'image_12.png'),
(88,7,1,6,'image_12.png'),
(88,53,1,1,'image_379.jpg'),
(88,53,1,2,'image_379.jpg'),
(88,53,1,3,'image_379.jpg'),
(91,1,1,1,'image_310.jpg'),
(91,1,1,2,'image_310.jpg'),
(91,1,1,3,'image_310.jpg'),
(93,106,1,1,'image_216.jpg'),
(93,106,1,2,'image_216.jpg'),
(95,69,1,1,'image_126.jpeg'),
(95,69,1,2,'image_126.jpeg'),
(95,69,1,3,'image_126.jpeg'),
(95,69,1,4,'image_126.jpeg'),
(95,69,1,5,'image_126.jpeg'),
(95,69,1,6,'image_126.jpeg'),
(95,69,1,7,'image_126.jpeg'),
(95,104,1,1,'image_243.jpg'),
(95,104,1,2,'image_243.jpg'),
(95,104,1,3,'image_243.jpg'),
(95,104,1,4,'image_243.jpg'),
(97,10,1,1,'image_282.jpeg'),
(97,10,1,2,'image_282.jpeg'),
(97,10,1,3,'image_282.jpeg'),
(97,10,1,4,'image_282.jpeg'),
(97,10,1,5,'image_282.jpeg'),
(98,48,1,1,'image_125.jpg'),
(98,48,1,2,'image_125.jpg'),
(98,48,1,3,'image_125.jpg'),
(98,48,1,4,'image_125.jpg'),
(98,48,1,5,'image_125.jpg'),
(98,48,1,6,'image_125.jpg'),
(98,48,1,7,'image_125.jpg'),
(98,48,1,8,'image_125.jpg'),
(99,39,1,1,'image_199.jpg'),
(99,39,1,2,'image_199.jpg'),
(99,39,1,3,'image_199.jpg'),
(99,39,1,4,'image_199.jpg'),
(105,71,1,1,'image_372.png'),
(105,71,1,2,'image_372.png'),
(105,71,1,3,'image_372.png'),
(105,71,1,4,'image_372.png'),
(105,71,1,5,'image_372.png'),
(105,71,1,6,'image_372.png'),
(108,134,1,1,'image_71.png'),
(108,134,1,2,'image_71.png'),
(109,16,1,1,'image_351.png'),
(114,119,1,1,'image_219.png'),
(114,119,1,2,'image_219.png'),
(114,119,1,3,'image_219.png'),
(114,119,1,4,'image_219.png'),
(116,103,1,1,'image_49.jpg'),
(116,103,1,2,'image_49.jpg'),
(116,103,1,3,'image_49.jpg'),
(116,103,1,4,'image_49.jpg'),
(116,103,1,5,'image_49.jpg'),
(116,103,1,6,'image_49.jpg'),
(116,103,1,7,'image_49.jpg'),
(117,139,1,1,'image_346.jpg'),
(117,139,1,2,'image_346.jpg'),
(117,139,1,3,'image_346.jpg'),
(117,139,1,4,'image_346.jpg'),
(117,139,1,5,'image_346.jpg'),
(117,139,1,6,'image_346.jpg'),
(117,139,1,7,'image_346.jpg'),
(117,139,1,8,'image_346.jpg'),
(117,139,1,9,'image_346.jpg'),
(117,139,1,10,'image_346.jpg'),
(118,25,1,1,'image_144.jpeg'),
(118,25,1,2,'image_144.jpeg'),
(118,25,1,3,'image_144.jpeg'),
(118,25,1,4,'image_144.jpeg'),
(118,25,1,5,'image_144.jpeg'),
(118,25,1,6,'image_144.jpeg'),
(118,25,1,7,'image_144.jpeg'),
(118,25,1,8,'image_144.jpeg'),
(118,106,1,1,'image_36.jpeg'),
(118,106,1,2,'image_36.jpeg'),
(118,106,1,3,'image_36.jpeg'),
(118,106,1,4,'image_36.jpeg'),
(118,106,1,5,'image_36.jpeg'),
(118,106,1,6,'image_36.jpeg'),
(118,106,1,7,'image_36.jpeg'),
(118,106,1,8,'image_36.jpeg'),
(118,106,1,9,'image_36.jpeg'),
(118,106,1,10,'image_36.jpeg'),
(120,67,1,1,'image_217.jpg'),
(120,67,1,2,'image_217.jpg'),
(120,67,1,3,'image_217.jpg'),
(120,67,1,4,'image_217.jpg'),
(120,67,1,5,'image_217.jpg'),
(120,67,1,6,'image_217.jpg'),
(120,67,1,7,'image_217.jpg'),
(120,67,1,8,'image_217.jpg'),
(120,67,1,9,'image_217.jpg'),
(120,106,1,1,'image_239.png'),
(120,106,1,2,'image_239.png'),
(120,106,1,3,'image_239.png'),
(120,106,1,4,'image_239.png'),
(120,106,1,5,'image_239.png'),
(120,106,1,6,'image_239.png'),
(120,106,1,7,'image_239.png'),
(124,125,1,1,'image_189.png'),
(124,125,1,2,'image_189.png'),
(124,125,1,3,'image_189.png'),
(124,125,1,4,'image_189.png'),
(124,125,1,5,'image_189.png'),
(126,144,1,1,'image_397.png'),
(126,144,1,2,'image_397.png'),
(126,144,1,3,'image_397.png'),
(126,144,1,4,'image_397.png'),
(126,144,1,5,'image_397.png'),
(126,144,1,6,'image_397.png'),
(129,25,1,1,'image_313.jpg'),
(129,25,1,2,'image_313.jpg'),
(129,25,1,3,'image_313.jpg'),
(129,25,1,4,'image_313.jpg'),
(129,25,1,5,'image_313.jpg'),
(129,25,1,6,'image_313.jpg'),
(129,143,1,1,'image_60.jpg'),
(129,143,1,2,'image_60.jpg'),
(129,143,1,3,'image_60.jpg'),
(129,143,1,4,'image_60.jpg'),
(130,122,1,1,'image_102.jpeg'),
(130,122,1,2,'image_102.jpeg'),
(130,122,1,3,'image_102.jpeg'),
(130,122,1,4,'image_102.jpeg'),
(130,122,1,5,'image_102.jpeg'),
(130,122,1,6,'image_102.jpeg'),
(130,122,1,7,'image_102.jpeg'),
(130,122,1,8,'image_102.jpeg'),
(130,122,1,9,'image_102.jpeg'),
(130,122,1,10,'image_102.jpeg'),
(130,131,1,1,'image_281.jpeg'),
(130,131,1,2,'image_281.jpeg'),
(130,131,1,3,'image_281.jpeg'),
(130,131,1,4,'image_281.jpeg'),
(130,131,1,5,'image_281.jpeg'),
(130,131,1,6,'image_281.jpeg'),
(130,131,1,7,'image_281.jpeg'),
(130,147,1,1,'image_42.jpg'),
(130,147,1,2,'image_42.jpg'),
(130,147,1,3,'image_42.jpg'),
(131,98,1,1,'image_285.jpg'),
(131,98,1,2,'image_285.jpg'),
(131,98,1,3,'image_285.jpg'),
(134,148,1,1,'image_279.png'),
(134,148,1,2,'image_279.png'),
(134,148,1,3,'image_279.png'),
(134,148,1,4,'image_279.png'),
(135,124,1,1,'image_387.png'),
(136,137,1,1,'image_318.png'),
(136,137,1,2,'image_318.png'),
(136,137,1,3,'image_318.png'),
(136,137,1,4,'image_318.png'),
(136,137,1,5,'image_318.png'),
(136,137,1,6,'image_318.png'),
(136,137,1,7,'image_318.png'),
(136,137,1,8,'image_318.png'),
(136,137,1,9,'image_318.png'),
(137,59,1,1,'image_301.jpg'),
(137,59,1,2,'image_301.jpg'),
(137,59,1,3,'image_301.jpg'),
(137,59,1,4,'image_301.jpg'),
(137,59,1,5,'image_301.jpg'),
(137,59,1,6,'image_301.jpg'),
(138,129,1,1,'image_249.jpg'),
(138,129,1,2,'image_249.jpg'),
(138,129,1,3,'image_249.jpg'),
(138,129,1,4,'image_249.jpg'),
(140,48,1,1,'image_134.png'),
(140,48,1,2,'image_134.png'),
(140,48,1,3,'image_134.png'),
(140,48,1,4,'image_134.png'),
(140,48,1,5,'image_134.png'),
(140,48,1,6,'image_134.png'),
(140,48,1,7,'image_134.png'),
(140,48,1,8,'image_134.png'),
(140,48,1,9,'image_134.png'),
(140,48,1,10,'image_134.png'),
(141,26,1,1,'image_368.png'),
(141,26,1,2,'image_368.png'),
(141,26,1,3,'image_368.png'),
(141,26,1,4,'image_368.png'),
(141,26,1,5,'image_368.png'),
(141,26,1,6,'image_368.png'),
(141,26,1,7,'image_368.png'),
(142,4,1,1,'image_344.jpg'),
(142,4,1,2,'image_344.jpg'),
(142,4,1,3,'image_344.jpg'),
(142,4,1,4,'image_344.jpg'),
(142,4,1,5,'image_344.jpg'),
(142,4,1,6,'image_344.jpg'),
(143,119,1,1,'image_61.jpeg'),
(143,119,1,2,'image_61.jpeg'),
(143,119,1,3,'image_61.jpeg'),
(143,119,1,4,'image_61.jpeg'),
(143,119,1,5,'image_61.jpeg'),
(143,119,1,6,'image_61.jpeg'),
(143,119,1,7,'image_61.jpeg'),
(144,90,1,1,'image_292.jpeg'),
(144,90,1,2,'image_292.jpeg'),
(144,90,1,3,'image_292.jpeg'),
(144,90,1,4,'image_292.jpeg'),
(144,90,1,5,'image_292.jpeg'),
(144,90,1,6,'image_292.jpeg'),
(144,90,1,7,'image_292.jpeg'),
(144,90,1,8,'image_292.jpeg'),
(146,2,1,1,'image_304.jpg'),
(146,2,1,2,'image_304.jpg'),
(146,2,1,3,'image_304.jpg'),
(146,2,1,4,'image_304.jpg'),
(146,2,1,5,'image_304.jpg'),
(146,2,1,6,'image_304.jpg'),
(146,2,1,7,'image_304.jpg'),
(147,2,1,1,'image_263.jpg'),
(147,2,1,2,'image_263.jpg'),
(147,2,1,3,'image_263.jpg'),
(147,2,1,4,'image_263.jpg'),
(147,2,1,5,'image_263.jpg'),
(147,2,1,6,'image_263.jpg'),
(147,2,1,7,'image_263.jpg'),
(147,2,1,8,'image_263.jpg');
/*!40000 ALTER TABLE `image` ENABLE KEYS */;
UNLOCK TABLES;

--
-- Table structure for table `lens`
--

DROP TABLE IF EXISTS `lens`;
/*!40101 SET @saved_cs_client     = @@character_set_client */;
/*!40101 SET character_set_client = utf8mb4 */;
CREATE TABLE `lens` (
  `lens_id` int(11) NOT NULL AUTO_INCREMENT,
  `user_id` int(11) DEFAULT NULL,
  `name` varchar(100) NOT NULL CHECK (`name` <> ''),
  `release_date` date NOT NULL,
  PRIMARY KEY (`lens_id`),
  KEY `RA_LENS_USER` (`user_id`),
  CONSTRAINT `RA_LENS_USER` FOREIGN KEY (`user_id`) REFERENCES `user` (`user_id`) ON DELETE SET NULL
) ENGINE=InnoDB AUTO_INCREMENT=268 DEFAULT CHARSET=latin1 COLLATE=latin1_swedish_ci;
/*!40101 SET character_set_client = @saved_cs_client */;

--
-- Dumping data for table `lens`
--

LOCK TABLES `lens` WRITE;
/*!40000 ALTER TABLE `lens` DISABLE KEYS */;
INSERT INTO `lens` (`lens_id`, `user_id`, `name`, `release_date`) VALUES (1,53,'simpleLens','2025-01-06'),
(2,41,'threeLens','2025-05-15'),
(3,41,'kidLens','2025-02-16'),
(4,41,'carLens','2025-04-21'),
(5,41,'alongLens','2025-02-11'),
(6,41,'impactLens','2025-05-02'),
(7,41,'whateverLens','2025-02-11'),
(8,41,'towardLens','2025-02-16'),
(9,41,'weLens','2025-03-31'),
(10,41,'motherLens','2025-02-05'),
(11,41,'unitLens','2025-05-05'),
(12,41,'aroundLens','2025-04-01'),
(13,41,'voteLens','2025-03-22'),
(14,41,'understandLens','2025-03-09'),
(15,134,'starLens','2025-04-08'),
(16,134,'projectLens','2025-02-11'),
(17,134,'ourLens','2025-01-27'),
(18,134,'seeLens','2025-05-08'),
(19,134,'bitLens','2025-04-18'),
(20,134,'costLens','2025-01-09'),
(21,134,'inLens','2025-04-28'),
(22,134,'thousandLens','2025-01-27'),
(23,134,'rockLens','2025-02-20'),
(24,134,'addressLens','2025-01-20'),
(25,134,'okLens','2025-01-08'),
(26,134,'characterLens','2025-03-01'),
(27,134,'alwaysLens','2025-02-18'),
(28,134,'citizenLens','2025-03-05'),
(29,134,'themLens','2025-01-28'),
(30,134,'pastLens','2025-05-08'),
(31,134,'answerLens','2025-02-09'),
(32,134,'performLens','2025-01-10'),
(33,134,'includingLens','2025-01-30'),
(34,134,'seeLens','2025-01-05'),
(35,134,'saveLens','2025-05-03'),
(36,134,'earlyLens','2025-02-21'),
(37,52,'capitalLens','2025-04-23'),
(38,52,'doctorLens','2025-01-16'),
(39,52,'perLens','2025-04-08'),
(40,52,'sureLens','2025-05-03'),
(41,52,'niceLens','2025-04-28'),
(42,52,'worryLens','2025-03-10'),
(43,52,'workLens','2025-04-02'),
(44,52,'streetLens','2025-02-28'),
(45,52,'figureLens','2025-04-30'),
(46,52,'levelLens','2025-04-19'),
(47,52,'holdLens','2025-03-06'),
(48,52,'buyLens','2025-03-07'),
(49,52,'aboutLens','2025-02-23'),
(50,52,'boyLens','2025-01-20'),
(51,52,'believeLens','2025-01-08'),
(52,52,'feelLens','2025-05-04'),
(53,52,'reflectLens','2025-03-17'),
(54,52,'boyLens','2025-03-16'),
(55,52,'areaLens','2025-02-07'),
(56,52,'newLens','2025-01-29'),
(57,52,'saveLens','2025-01-31'),
(58,52,'itemLens','2025-02-24'),
(59,52,'overLens','2025-03-23'),
(60,52,'knowledgeLens','2025-03-21'),
(61,52,'nationalLens','2025-01-25'),
(62,52,'fallLens','2025-03-16'),
(63,52,'actuallyLens','2025-03-22'),
(64,52,'soldierLens','2025-01-21'),
(65,52,'tableLens','2025-02-08'),
(66,52,'produceLens','2025-05-02'),
(67,52,'troubleLens','2025-03-16'),
(68,50,'seatLens','2025-05-10'),
(69,49,'toLens','2025-01-29'),
(70,28,'writerLens','2025-04-08'),
(71,134,'peopleLens','2025-04-13'),
(72,135,'shareLens','2025-02-04'),
(73,149,'backLens','2025-01-23'),
(74,52,'happenLens','2025-04-03'),
(75,137,'soldierLens','2025-04-24'),
(76,103,'historyLens','2025-01-21'),
(77,142,'realityLens','2025-05-15'),
(78,106,'frontLens','2025-04-27'),
(79,141,'patternLens','2025-01-28'),
(80,25,'songLens','2025-02-24'),
(81,6,'rateLens','2025-04-03'),
(82,88,'hardLens','2025-04-25'),
(83,51,'presentLens','2025-04-19'),
(84,108,'chanceLens','2025-02-17'),
(85,55,'hearLens','2025-02-24'),
(86,148,'todayLens','2025-03-12'),
(87,96,'millionLens','2025-01-24'),
(88,141,'byLens','2025-03-22'),
(89,33,'planLens','2025-03-27'),
(90,90,'pageLens','2025-03-16'),
(91,91,'executiveLens','2025-02-06'),
(92,25,'worldLens','2025-05-13'),
(93,28,'groupLens','2025-04-01'),
(94,132,'sufferLens','2025-02-02'),
(95,10,'toughLens','2025-04-08'),
(96,65,'lastLens','2025-02-05'),
(97,25,'religiousLens','2025-01-26'),
(98,34,'restLens','2025-01-02'),
(99,20,'ageLens','2025-04-05'),
(100,37,'assumeLens','2025-01-26'),
(101,119,'includingLens','2025-01-19'),
(102,112,'eightLens','2025-05-15'),
(103,114,'easyLens','2025-04-06'),
(104,76,'politicsLens','2025-01-19'),
(105,143,'throughLens','2025-02-23'),
(106,103,'eveningLens','2025-03-08'),
(107,56,'cutLens','2025-04-08'),
(108,46,'performanceLens','2025-02-25'),
(109,136,'waitLens','2025-05-10'),
(110,38,'headLens','2025-05-08'),
(111,35,'lotLens','2025-04-17'),
(112,40,'fillLens','2025-01-27'),
(113,88,'recordLens','2025-05-14'),
(114,129,'westLens','2025-05-07'),
(115,133,'centralLens','2025-05-10'),
(116,36,'justLens','2025-01-13'),
(117,86,'baseLens','2025-01-02'),
(118,41,'beforeLens','2025-03-02'),
(119,72,'representLens','2025-04-25'),
(120,91,'daughterLens','2025-05-07'),
(121,139,'hospitalLens','2025-05-13'),
(122,33,'hospitalLens','2025-04-29'),
(123,104,'dealLens','2025-03-13'),
(124,50,'audienceLens','2025-04-19'),
(125,108,'legLens','2025-02-15'),
(126,96,'avoidLens','2025-03-06'),
(127,4,'throwLens','2025-02-08'),
(128,88,'perhapsLens','2025-02-16'),
(129,100,'moreLens','2025-04-02'),
(130,16,'areaLens','2025-05-09'),
(131,18,'messageLens','2025-01-23'),
(132,4,'commercialLens','2025-05-10'),
(133,43,'powerLens','2025-04-11'),
(134,1,'peopleLens','2025-01-04'),
(135,94,'becomeLens','2025-04-04'),
(136,102,'tableLens','2025-03-15'),
(137,69,'towardLens','2025-03-02'),
(138,124,'sizeLens','2025-01-01'),
(139,87,'oftenLens','2025-03-12'),
(140,16,'eatLens','2025-02-28'),
(141,134,'developLens','2025-03-31'),
(142,115,'themselvesLens','2025-02-07'),
(143,145,'allLens','2025-05-08'),
(144,133,'argueLens','2025-01-22'),
(145,144,'forLens','2025-04-21'),
(146,46,'cameraLens','2025-03-06'),
(147,55,'ontoLens','2025-01-28'),
(148,119,'fishLens','2025-04-24'),
(149,25,'purposeLens','2025-02-16'),
(150,31,'thusLens','2025-03-11'),
(151,67,'sourceLens','2025-04-26'),
(152,126,'soldierLens','2025-02-01'),
(153,119,'dogLens','2025-01-29'),
(154,128,'majorLens','2025-04-08'),
(155,48,'churchLens','2025-03-15'),
(156,126,'sameLens','2025-04-30'),
(157,52,'storyLens','2025-02-20'),
(158,104,'newsLens','2025-05-01'),
(159,24,'cultureLens','2025-03-19'),
(160,122,'wearLens','2025-03-31'),
(161,58,'asLens','2025-02-01'),
(162,51,'laterLens','2025-03-30'),
(163,18,'participantLens','2025-03-30'),
(164,64,'getLens','2025-05-10'),
(165,44,'wantLens','2025-03-09'),
(166,150,'educationLens','2025-02-23'),
(167,75,'courseLens','2025-04-27'),
(168,132,'fiveLens','2025-02-01'),
(169,20,'hugeLens','2025-03-15'),
(170,96,'detailLens','2025-01-08'),
(171,98,'eightLens','2025-05-05'),
(172,30,'herselfLens','2025-03-26'),
(173,70,'armLens','2025-03-30'),
(174,99,'religiousLens','2025-03-28'),
(175,148,'itselfLens','2025-03-08'),
(176,124,'theirLens','2025-05-15'),
(177,101,'establishLens','2025-01-31'),
(178,145,'improveLens','2025-04-16'),
(179,19,'onLens','2025-03-31'),
(180,43,'threatLens','2025-03-04'),
(181,130,'wordLens','2025-02-14'),
(182,77,'easyLens','2025-05-04'),
(183,83,'bloodLens','2025-03-17'),
(184,25,'ourLens','2025-04-17'),
(185,78,'qualityLens','2025-03-17'),
(186,138,'indicateLens','2025-03-11'),
(187,77,'feelLens','2025-01-12'),
(188,116,'prettyLens','2025-03-07'),
(189,74,'joinLens','2025-02-28'),
(190,27,'machineLens','2025-04-17'),
(191,85,'addLens','2025-01-26'),
(192,16,'nearlyLens','2025-02-12'),
(193,13,'withoutLens','2025-03-04'),
(194,123,'religiousLens','2025-02-11'),
(195,89,'seeLens','2025-04-19'),
(196,144,'MrsLens','2025-03-26'),
(197,127,'arriveLens','2025-03-13'),
(198,59,'foodLens','2025-04-25'),
(199,43,'surfaceLens','2025-04-04'),
(200,118,'newsLens','2025-04-17'),
(201,124,'dropLens','2025-04-02'),
(202,37,'entireLens','2025-01-02'),
(203,143,'presidentLens','2025-02-01'),
(204,14,'underLens','2025-05-10'),
(205,9,'centerLens','2025-02-19'),
(206,109,'localLens','2025-03-03'),
(207,143,'windLens','2025-03-18'),
(208,64,'oftenLens','2025-05-09'),
(209,77,'onceLens','2025-03-10'),
(210,38,'worldLens','2025-01-18'),
(211,117,'situationLens','2025-03-28'),
(212,27,'thankLens','2025-03-08'),
(213,46,'DemocratLens','2025-01-10'),
(214,45,'pushLens','2025-01-21'),
(215,126,'manageLens','2025-03-16'),
(216,3,'businessLens','2025-05-05'),
(217,146,'benefitLens','2025-03-30'),
(218,116,'economicLens','2025-02-02'),
(219,73,'friendLens','2025-02-19'),
(220,28,'doorLens','2025-05-05'),
(221,116,'certainLens','2025-01-10'),
(222,25,'bitLens','2025-02-26'),
(223,32,'causeLens','2025-02-06'),
(224,30,'fightLens','2025-01-11'),
(225,146,'sportLens','2025-01-03'),
(226,32,'womanLens','2025-01-05'),
(227,72,'happenLens','2025-04-25'),
(228,116,'indicateLens','2025-04-13'),
(229,94,'shoulderLens','2025-03-16'),
(230,67,'littleLens','2025-03-31'),
(231,58,'andLens','2025-02-10'),
(232,85,'colorLens','2025-04-01'),
(233,133,'nextLens','2025-04-01'),
(234,48,'betterLens','2025-01-06'),
(235,41,'startLens','2025-05-02'),
(236,86,'issueLens','2025-04-05'),
(237,35,'listenLens','2025-02-17'),
(238,24,'participantLens','2025-04-08'),
(239,86,'layLens','2025-01-19'),
(240,98,'niceLens','2025-03-15'),
(241,119,'noticeLens','2025-03-21'),
(242,107,'throughLens','2025-02-21'),
(243,143,'accordingLens','2025-03-25'),
(244,120,'keepLens','2025-04-22'),
(245,96,'managerLens','2025-02-16'),
(246,63,'playerLens','2025-03-01'),
(247,92,'soonLens','2025-04-06'),
(248,103,'generalLens','2025-01-03'),
(249,47,'bankLens','2025-05-10'),
(250,2,'workerLens','2025-01-02'),
(251,145,'involveLens','2025-03-02'),
(252,114,'poorLens','2025-02-08'),
(253,116,'candidateLens','2025-03-01'),
(254,14,'wouldLens','2025-01-17'),
(255,10,'acceptLens','2025-02-17'),
(256,66,'canLens','2025-05-01'),
(257,79,'speakLens','2025-03-05'),
(258,8,'aboveLens','2025-04-18'),
(259,131,'responsibilityLens','2025-01-25'),
(260,115,'aboveLens','2025-03-31'),
(261,123,'leastLens','2025-05-06'),
(262,32,'suggestLens','2025-04-14'),
(263,28,'eatLens','2025-03-10'),
(264,65,'neverLens','2025-04-30'),
(265,99,'organizationLens','2025-04-28'),
(266,95,'produceLens','2025-04-26'),
(267,49,'sisterLens','2025-01-24');
/*!40000 ALTER TABLE `lens` ENABLE KEYS */;
UNLOCK TABLES;
/*!50003 SET @saved_cs_client      = @@character_set_client */ ;
/*!50003 SET @saved_cs_results     = @@character_set_results */ ;
/*!50003 SET @saved_col_connection = @@collation_connection */ ;
/*!50003 SET character_set_client  = utf8mb4 */ ;
/*!50003 SET character_set_results = utf8mb4 */ ;
/*!50003 SET collation_connection  = utf8mb4_general_ci */ ;
/*!50003 SET @saved_sql_mode       = @@sql_mode */ ;
/*!50003 SET sql_mode              = 'STRICT_TRANS_TABLES,ERROR_FOR_DIVISION_BY_ZERO,NO_AUTO_CREATE_USER,NO_ENGINE_SUBSTITUTION' */ ;
DELIMITER ;;
/*!50003 CREATE*/ /*!50017 DEFINER=`root`@`localhost`*/ /*!50003 TRIGGER trg_lens_after_insert
AFTER INSERT ON Lens
FOR EACH ROW
BEGIN
  DECLARE kreator_id INT;
  SET kreator_id = NEW.user_id;

  IF EXISTS(
     SELECT 1 FROM Statistik_Kreator WHERE user_id = kreator_id
    ) THEN
    UPDATE Statistik_Kreator
       SET lens_count = lens_count + 1
     WHERE user_id = kreator_id;
  ELSE
    INSERT INTO Statistik_Kreator (user_id, pap_count, lens_count)
    VALUES(
      kreator_id,
      ( SELECT COUNT(*) 
          FROM Pap p
          JOIN Lens l ON p.lens_id = l.lens_id
         WHERE l.user_id = kreator_id
      ),
      1
    );
  END IF;
END */;;
DELIMITER ;
/*!50003 SET sql_mode              = @saved_sql_mode */ ;
/*!50003 SET character_set_client  = @saved_cs_client */ ;
/*!50003 SET character_set_results = @saved_cs_results */ ;
/*!50003 SET collation_connection  = @saved_col_connection */ ;
/*!50003 SET @saved_cs_client      = @@character_set_client */ ;
/*!50003 SET @saved_cs_results     = @@character_set_results */ ;
/*!50003 SET @saved_col_connection = @@collation_connection */ ;
/*!50003 SET character_set_client  = utf8mb4 */ ;
/*!50003 SET character_set_results = utf8mb4 */ ;
/*!50003 SET collation_connection  = utf8mb4_general_ci */ ;
/*!50003 SET @saved_sql_mode       = @@sql_mode */ ;
/*!50003 SET sql_mode              = 'STRICT_TRANS_TABLES,ERROR_FOR_DIVISION_BY_ZERO,NO_AUTO_CREATE_USER,NO_ENGINE_SUBSTITUTION' */ ;
DELIMITER ;;
/*!50003 CREATE*/ /*!50017 DEFINER=`root`@`localhost`*/ /*!50003 TRIGGER trg_lens_after_delete
AFTER DELETE ON Lens
FOR EACH ROW
BEGIN
  DECLARE kreator_id INT;
  SET kreator_id = OLD.user_id;

  UPDATE Statistik_Kreator
     SET lens_count = lens_count - 1
   WHERE user_id = kreator_id;
END */;;
DELIMITER ;
/*!50003 SET sql_mode              = @saved_sql_mode */ ;
/*!50003 SET character_set_client  = @saved_cs_client */ ;
/*!50003 SET character_set_results = @saved_cs_results */ ;
/*!50003 SET collation_connection  = @saved_col_connection */ ;

--
-- Table structure for table `lens_level`
--

DROP TABLE IF EXISTS `lens_level`;
/*!40101 SET @saved_cs_client     = @@character_set_client */;
/*!40101 SET character_set_client = utf8mb4 */;
CREATE TABLE `lens_level` (
  `level_id` int(11) NOT NULL CHECK (`level_id` >= 0 and `level_id` <= 3),
  `level_name` enum('Not Rated','Bronze','Silver','Gold') NOT NULL,
  `incentive` enum('0','1000000','2000000','3000000') NOT NULL,
  `n_min_lens_created` enum('1','10','20','30') NOT NULL,
  PRIMARY KEY (`level_id`)
) ENGINE=InnoDB DEFAULT CHARSET=latin1 COLLATE=latin1_swedish_ci;
/*!40101 SET character_set_client = @saved_cs_client */;

--
-- Dumping data for table `lens_level`
--

LOCK TABLES `lens_level` WRITE;
/*!40000 ALTER TABLE `lens_level` DISABLE KEYS */;
INSERT INTO `lens_level` (`level_id`, `level_name`, `incentive`, `n_min_lens_created`) VALUES (0,'Not Rated','0','1'),
(1,'Bronze','1000000','10'),
(2,'Silver','2000000','20'),
(3,'Gold','3000000','30');
/*!40000 ALTER TABLE `lens_level` ENABLE KEYS */;
UNLOCK TABLES;

--
-- Table structure for table `lens_type`
--

DROP TABLE IF EXISTS `lens_type`;
/*!40101 SET @saved_cs_client     = @@character_set_client */;
/*!40101 SET character_set_client = utf8mb4 */;
CREATE TABLE `lens_type` (
  `lens_id` int(11) NOT NULL CHECK (`lens_id` > 0),
  `type` enum('Face','Background') NOT NULL,
  PRIMARY KEY (`lens_id`, `type`),
  CONSTRAINT `RA_LENSTYPE_LENS` FOREIGN KEY (`lens_id`) REFERENCES `lens` (`lens_id`) ON DELETE CASCADE
) ENGINE=InnoDB DEFAULT CHARSET=latin1 COLLATE=latin1_swedish_ci;
/*!40101 SET character_set_client = @saved_cs_client */;

--
-- Dumping data for table `lens_type`
--

LOCK TABLES `lens_type` WRITE;
/*!40000 ALTER TABLE `lens_type` DISABLE KEYS */;
INSERT INTO `lens_type` (`lens_id`, `type`) VALUES (1,'Face'),
(1,'Background'),
(2,'Face'),
(2,'Background'),
(3,'Face'),
(3,'Background'),
(5,'Face'),
(5,'Background'),
(6,'Background'),
(7,'Face'),
(8,'Face'),
(8,'Background'),
(9,'Background'),
(10,'Face'),
(11,'Face'),
(12,'Face'),
(12,'Background'),
(13,'Background'),
(14,'Background'),
(15,'Face'),
(17,'Face'),
(17,'Background'),
(18,'Background'),
(19,'Face'),
(19,'Background'),
(20,'Face'),
(21,'Face'),
(22,'Background'),
(25,'Background'),
(26,'Background'),
(27,'Face'),
(27,'Background'),
(29,'Face'),
(29,'Background'),
(31,'Background'),
(32,'Face'),
(32,'Background'),
(34,'Face'),
(34,'Background'),
(35,'Face'),
(36,'Background'),
(37,'Face'),
(37,'Background'),
(38,'Background'),
(39,'Face'),
(39,'Background'),
(40,'Face'),
(40,'Background'),
(41,'Face'),
(41,'Background'),
(43,'Face'),
(43,'Background'),
(44,'Face'),
(45,'Face'),
(46,'Face'),
(47,'Face'),
(48,'Background'),
(49,'Background'),
(50,'Background'),
(51,'Background'),
(52,'Face'),
(52,'Background'),
(53,'Background'),
(54,'Face'),
(55,'Face'),
(55,'Background'),
(57,'Face'),
(59,'Face'),
(60,'Background'),
(62,'Background'),
(63,'Face'),
(63,'Background'),
(64,'Face'),
(64,'Background'),
(65,'Background'),
(66,'Face'),
(66,'Background'),
(68,'Background'),
(69,'Face'),
(69,'Background'),
(70,'Face'),
(70,'Background'),
(71,'Face'),
(72,'Background'),
(73,'Face'),
(74,'Background'),
(76,'Background'),
(77,'Face'),
(77,'Background'),
(80,'Face'),
(80,'Background'),
(82,'Face'),
(82,'Background'),
(83,'Face'),
(83,'Background'),
(84,'Face'),
(85,'Face'),
(85,'Background'),
(86,'Background'),
(88,'Face'),
(88,'Background'),
(90,'Face'),
(91,'Face'),
(92,'Background'),
(96,'Background'),
(97,'Background'),
(98,'Background'),
(99,'Face'),
(99,'Background'),
(100,'Background'),
(103,'Background'),
(104,'Background'),
(106,'Face'),
(107,'Background'),
(108,'Face'),
(109,'Face'),
(110,'Background'),
(111,'Background'),
(112,'Background'),
(113,'Face'),
(113,'Background'),
(114,'Face'),
(115,'Face'),
(115,'Background'),
(116,'Face'),
(118,'Face'),
(118,'Background'),
(120,'Face'),
(120,'Background'),
(122,'Background'),
(123,'Face'),
(124,'Face'),
(124,'Background'),
(125,'Face'),
(125,'Background'),
(126,'Face'),
(126,'Background'),
(127,'Face'),
(127,'Background'),
(128,'Face'),
(128,'Background'),
(131,'Face'),
(134,'Face'),
(134,'Background'),
(135,'Background'),
(136,'Background'),
(137,'Face'),
(139,'Face'),
(140,'Face'),
(141,'Background'),
(142,'Face'),
(143,'Face'),
(143,'Background'),
(144,'Face'),
(144,'Background'),
(145,'Face'),
(147,'Face'),
(148,'Face'),
(150,'Background'),
(152,'Face'),
(153,'Background'),
(154,'Face'),
(156,'Background'),
(157,'Face'),
(157,'Background'),
(160,'Face'),
(160,'Background'),
(161,'Face'),
(161,'Background'),
(163,'Face'),
(165,'Background'),
(167,'Face'),
(167,'Background'),
(170,'Background'),
(171,'Face'),
(171,'Background'),
(172,'Background'),
(173,'Background'),
(174,'Face'),
(174,'Background'),
(175,'Background'),
(176,'Face'),
(176,'Background'),
(178,'Face'),
(179,'Background'),
(181,'Face'),
(182,'Background'),
(183,'Face'),
(183,'Background'),
(184,'Face'),
(184,'Background'),
(185,'Face'),
(185,'Background'),
(186,'Background'),
(187,'Face'),
(188,'Face'),
(188,'Background'),
(189,'Background'),
(190,'Face'),
(191,'Face'),
(191,'Background'),
(192,'Face'),
(192,'Background'),
(193,'Face'),
(193,'Background'),
(194,'Background'),
(196,'Face'),
(198,'Face'),
(199,'Face'),
(199,'Background'),
(200,'Face'),
(203,'Background'),
(204,'Face'),
(205,'Face'),
(208,'Face'),
(209,'Background'),
(210,'Face'),
(211,'Face'),
(213,'Background'),
(214,'Face'),
(214,'Background'),
(215,'Face'),
(215,'Background'),
(216,'Face'),
(217,'Background'),
(218,'Background'),
(219,'Face'),
(220,'Face'),
(220,'Background'),
(222,'Face'),
(223,'Face'),
(223,'Background'),
(224,'Face'),
(224,'Background'),
(225,'Background'),
(226,'Face'),
(227,'Face'),
(227,'Background'),
(229,'Background'),
(230,'Face'),
(230,'Background'),
(231,'Face'),
(231,'Background'),
(232,'Face'),
(234,'Background'),
(236,'Face'),
(237,'Face'),
(239,'Face'),
(239,'Background'),
(243,'Face'),
(244,'Face'),
(244,'Background'),
(245,'Face'),
(245,'Background'),
(246,'Background'),
(247,'Background'),
(249,'Background'),
(250,'Face'),
(250,'Background'),
(251,'Face'),
(252,'Face'),
(252,'Background'),
(253,'Face'),
(254,'Face'),
(254,'Background'),
(255,'Face'),
(257,'Face'),
(257,'Background'),
(259,'Face'),
(260,'Face'),
(262,'Face'),
(263,'Face'),
(263,'Background'),
(264,'Face'),
(264,'Background'),
(265,'Face'),
(266,'Background'),
(267,'Face');
/*!40000 ALTER TABLE `lens_type` ENABLE KEYS */;
UNLOCK TABLES;

--
-- Table structure for table `location`
--

DROP TABLE IF EXISTS `location`;
/*!40101 SET @saved_cs_client     = @@character_set_client */;
/*!40101 SET character_set_client = utf8mb4 */;
CREATE TABLE `location` (
  `user_id` int(11) NOT NULL CHECK (`user_id` > 0),
  `start_time` datetime NOT NULL,
  `end_time` datetime DEFAULT NULL,
  `latitude` decimal(9,6) NOT NULL CHECK (`latitude` between -90.000000 and 90.000000),
  `longitude` decimal(9,6) NOT NULL CHECK (`longitude` between -180.000000 and 180.000000),
  `status` enum('public','private') NOT NULL DEFAULT 'private',
  PRIMARY KEY (`user_id`,`start_time`),
  CONSTRAINT `RA_LOCATION_USER` FOREIGN KEY (`user_id`) REFERENCES `user` (`user_id`) ON DELETE CASCADE,
  CONSTRAINT `RC_LOCATION_ITEM` CHECK (`start_time` <= `end_time`)
) ENGINE=InnoDB DEFAULT CHARSET=latin1 COLLATE=latin1_swedish_ci;
/*!40101 SET character_set_client = @saved_cs_client */;

--
-- Dumping data for table `location`
--

LOCK TABLES `location` WRITE;
/*!40000 ALTER TABLE `location` DISABLE KEYS */;
INSERT INTO `location` (`user_id`, `start_time`, `end_time`, `latitude`, `longitude`, `status`) VALUES (1,'2025-03-26 20:19:33','2025-03-26 20:57:12',-70.010772,76.587116,'private'),
(2,'2025-03-23 23:01:25','2025-03-23 23:37:43',62.091191,-174.169198,'public'),
(2,'2025-05-05 10:31:21','2025-05-05 12:22:08',30.407150,-55.392331,'private'),
(6,'2025-02-22 22:35:30','2025-02-22 23:10:50',50.404430,152.031405,'public'),
(8,'2025-04-29 10:49:34','2025-04-29 11:19:37',33.117585,-162.367832,'private'),
(9,'2025-01-23 22:50:08','2025-01-24 00:28:38',-57.739941,-40.447357,'private'),
(12,'2025-02-09 06:59:02','2025-02-09 07:14:54',-80.718204,107.828261,'public'),
(12,'2025-04-05 23:11:57','2025-04-05 23:41:21',-79.278772,-20.404771,'private'),
(12,'2025-05-01 17:19:46','2025-05-01 18:46:48',-16.389508,-145.637853,'public'),
(13,'2025-03-08 02:12:24','2025-03-08 02:20:21',-2.673813,-24.052904,'public'),
(13,'2025-03-24 14:31:33','2025-03-24 15:29:14',-63.061578,-1.864091,'private'),
(13,'2025-04-07 16:59:13','2025-04-07 18:53:49',28.189264,-142.390121,'private'),
(14,'2025-02-17 16:43:59','2025-02-17 18:14:00',-49.782308,-161.211177,'private'),
(14,'2025-03-27 11:28:59','2025-03-27 13:12:31',-66.925487,64.690074,'public'),
(15,'2025-04-28 06:30:20','2025-04-28 07:39:27',25.022145,150.042168,'private'),
(15,'2025-05-06 17:19:43','2025-05-06 18:54:58',22.947481,-127.805880,'public'),
(16,'2025-02-26 00:25:27','2025-02-26 02:00:57',-5.756460,-29.476339,'public'),
(16,'2025-03-18 01:30:17','2025-03-18 03:15:57',-84.204919,107.679030,'private'),
(17,'2025-03-25 13:06:43','2025-03-25 13:10:40',-36.130353,-163.201522,'private'),
(17,'2025-04-10 07:50:17','2025-04-10 08:53:28',-27.746337,-128.157667,'public'),
(18,'2025-03-10 05:40:30','2025-03-10 06:35:05',21.527189,-6.164567,'private'),
(19,'2025-04-24 08:10:39','2025-04-24 08:40:09',21.948231,-19.873418,'private'),
(20,'2025-01-08 12:48:53','2025-01-08 14:13:58',44.416156,-112.264111,'public'),
(21,'2025-04-18 13:40:47','2025-04-18 14:49:10',38.358944,75.662651,'public'),
(22,'2025-01-29 00:59:23','2025-01-29 02:46:09',-9.187922,-74.988068,'public'),
(22,'2025-02-07 16:56:06','2025-02-07 18:18:14',-7.427731,-39.035447,'private'),
(22,'2025-03-23 06:04:59','2025-03-23 07:39:35',-66.887904,-124.654000,'public'),
(23,'2025-03-04 10:54:07','2025-03-04 11:05:20',58.469195,-172.798309,'private'),
(24,'2025-01-01 21:01:24','2025-01-01 21:26:38',-68.098387,-25.081115,'public'),
(26,'2025-01-24 15:29:32','2025-01-24 16:59:48',-86.875520,-111.068623,'public'),
(26,'2025-03-11 15:55:09','2025-03-11 17:36:05',-9.282158,-152.136773,'private'),
(26,'2025-05-09 03:49:11','2025-05-09 04:55:34',-37.006903,-72.316340,'private'),
(27,'2025-01-08 13:41:32','2025-01-08 14:14:50',12.359601,97.871783,'private'),
(28,'2025-03-24 00:06:37','2025-03-24 00:41:48',58.618146,65.415351,'public'),
(29,'2025-04-01 14:07:53','2025-04-01 14:35:01',-20.268803,31.825136,'public'),
(29,'2025-04-09 00:01:13','2025-04-09 01:32:47',13.315066,-22.587570,'public'),
(30,'2025-02-15 10:29:15','2025-02-15 11:16:47',-10.247047,12.040449,'public'),
(30,'2025-04-25 02:22:07','2025-04-25 03:19:08',87.659861,172.117836,'private'),
(30,'2025-05-04 11:26:28','2025-05-04 11:53:27',-60.873410,-154.258001,'private'),
(32,'2025-02-18 03:14:34','2025-02-18 05:12:07',-62.192824,-26.580843,'private'),
(32,'2025-03-30 20:07:09','2025-03-30 21:16:55',-22.039327,142.805404,'public'),
(34,'2025-01-13 03:43:20','2025-01-13 05:04:21',-16.609904,4.292351,'private'),
(35,'2025-05-01 14:33:42','2025-05-01 16:06:47',50.810124,-145.651397,'private'),
(36,'2025-01-30 16:52:11','2025-01-30 18:21:42',-48.135548,75.384108,'public'),
(37,'2025-03-14 15:36:57','2025-03-14 17:26:19',-0.401488,-52.438930,'private'),
(40,'2025-01-19 15:09:20','2025-01-19 15:34:54',19.399442,101.913328,'public'),
(42,'2025-03-23 20:28:30','2025-03-23 20:40:33',5.182901,-76.283447,'public'),
(43,'2025-04-29 12:11:43','2025-04-29 12:14:57',55.560678,-171.769649,'private'),
(44,'2025-02-12 09:18:13','2025-02-12 10:12:15',-2.262017,39.675925,'public'),
(44,'2025-05-05 15:17:37','2025-05-05 16:58:50',10.938708,142.943115,'private'),
(45,'2025-02-03 04:50:14','2025-02-03 05:29:05',-52.798205,178.082867,'private'),
(46,'2025-01-21 11:23:47','2025-01-21 12:05:58',-77.709087,-147.464070,'private'),
(47,'2025-01-29 16:31:40','2025-01-29 17:09:18',58.665405,-170.303031,'public'),
(49,'2025-02-27 14:16:17','2025-02-27 14:47:18',6.667370,-84.345716,'private'),
(49,'2025-03-29 18:42:40','2025-03-29 18:56:20',32.292504,3.042142,'private'),
(49,'2025-04-05 11:43:53','2025-04-05 13:01:33',45.527089,-136.303313,'private'),
(49,'2025-04-13 13:34:40','2025-04-13 13:48:57',-74.819267,-137.080373,'public'),
(49,'2025-04-23 17:00:16','2025-04-23 17:31:35',2.179279,145.533376,'private'),
(50,'2025-03-03 11:38:52','2025-03-03 11:40:17',-12.938313,143.399859,'public'),
(51,'2025-01-17 06:45:16','2025-01-17 08:41:11',81.772168,-76.862863,'public'),
(53,'2025-02-07 12:30:18','2025-02-07 12:40:08',-1.911588,104.092492,'private'),
(53,'2025-03-04 18:02:08','2025-03-04 19:11:34',80.825467,-170.789112,'public'),
(54,'2025-03-04 06:05:33','2025-03-04 06:55:15',18.759133,-172.058357,'public'),
(55,'2025-04-14 04:50:13','2025-04-14 04:57:17',-10.993899,164.063882,'public'),
(56,'2025-02-05 06:49:26','2025-02-05 06:52:00',-72.402348,-153.730802,'public'),
(56,'2025-04-02 23:06:25','2025-04-03 00:13:20',-63.860606,82.483737,'private'),
(58,'2025-03-16 08:05:52','2025-03-16 08:16:21',-47.434338,68.678291,'private'),
(59,'2025-03-27 16:06:03','2025-03-27 17:59:24',84.234134,-67.745930,'private'),
(59,'2025-04-09 12:18:13','2025-04-09 13:50:31',-29.365482,-14.780248,'private'),
(59,'2025-04-19 22:12:40','2025-04-19 22:24:31',-72.295569,-178.995381,'private'),
(64,'2025-03-22 17:40:54','2025-03-22 19:24:11',-29.060640,128.401198,'private'),
(65,'2025-01-03 08:03:49','2025-01-03 08:56:40',-26.498934,16.259009,'public'),
(66,'2025-02-18 06:18:49','2025-02-18 06:33:56',13.523632,-19.058123,'public'),
(66,'2025-03-09 23:12:04','2025-03-09 23:53:42',-40.257223,44.890464,'private'),
(66,'2025-04-24 17:21:40','2025-04-24 19:04:55',-48.537666,-5.146936,'public'),
(70,'2025-03-22 17:00:03','2025-03-22 17:49:55',-25.134992,-149.630662,'private'),
(73,'2025-01-22 00:54:56','2025-01-22 02:03:32',-36.101812,113.171929,'private'),
(73,'2025-05-05 14:10:05','2025-05-05 14:41:19',-0.805384,27.161456,'private'),
(75,'2025-02-19 14:06:49','2025-02-19 14:08:27',-1.950914,89.296881,'public'),
(77,'2025-03-21 16:50:19','2025-03-21 17:23:45',-74.280478,-157.365184,'private'),
(78,'2025-03-21 03:31:14','2025-03-21 04:25:53',36.309689,136.478533,'private'),
(78,'2025-05-04 07:28:36','2025-05-04 08:39:39',-6.944547,164.814428,'private'),
(79,'2025-05-03 07:44:56','2025-05-03 08:29:41',-51.855311,-87.857978,'public'),
(80,'2025-03-04 08:16:45','2025-03-04 08:47:12',7.983292,-113.740847,'public'),
(81,'2025-03-04 19:31:21','2025-03-04 20:06:13',46.358266,-99.254055,'public'),
(82,'2025-04-30 10:20:09','2025-04-30 10:24:00',32.880783,91.360619,'public'),
(83,'2025-05-07 20:46:25','2025-05-07 22:29:55',-27.093036,-106.178373,'private'),
(84,'2025-03-24 15:11:32','2025-03-24 15:47:31',57.184447,-135.913894,'private'),
(86,'2025-03-15 08:14:57','2025-03-15 09:34:32',-85.643467,171.838271,'private'),
(88,'2025-02-15 11:50:19','2025-02-15 11:55:22',49.309759,46.215130,'private'),
(88,'2025-03-04 00:07:34','2025-03-04 01:02:07',-60.413175,-4.571647,'private'),
(91,'2025-02-19 23:34:36','2025-02-20 00:25:58',-71.758961,-51.229194,'public'),
(91,'2025-04-04 23:21:38','2025-04-05 00:26:46',34.715241,-57.485853,'public'),
(92,'2025-01-27 20:23:10','2025-01-27 21:56:05',-39.328337,-61.041319,'private'),
(93,'2025-04-05 12:43:35','2025-04-05 14:21:53',71.256862,125.028967,'public'),
(94,'2025-03-14 18:25:27','2025-03-14 19:05:59',-28.152696,62.885958,'private'),
(94,'2025-03-26 00:41:54','2025-03-26 01:34:02',89.913484,176.449631,'public'),
(95,'2025-01-09 08:19:17','2025-01-09 08:40:52',-80.531526,17.243880,'public'),
(95,'2025-01-20 04:29:40','2025-01-20 04:59:57',-47.514986,70.973323,'public'),
(95,'2025-02-26 09:49:07','2025-02-26 11:38:45',17.442593,-74.598473,'private'),
(98,'2025-03-31 04:17:39','2025-03-31 05:03:09',-31.549170,-58.061145,'public'),
(99,'2025-04-09 12:05:43','2025-04-09 12:29:37',49.435935,14.805107,'public'),
(101,'2025-04-06 16:26:59','2025-04-06 18:20:59',64.913630,74.169097,'public'),
(102,'2025-02-07 17:13:43','2025-02-07 19:01:07',13.565872,-36.199323,'private'),
(102,'2025-02-22 00:21:15','2025-02-22 00:44:30',-72.858712,149.863231,'private'),
(103,'2025-01-28 03:23:39','2025-01-28 04:16:51',-22.415122,82.932685,'private'),
(103,'2025-01-28 07:50:34','2025-01-28 08:12:53',-10.379493,-157.136117,'private'),
(103,'2025-05-12 05:40:11','2025-05-12 06:11:48',79.884064,157.293368,'private'),
(105,'2025-01-07 23:51:59','2025-01-08 01:24:45',83.387978,87.313122,'private'),
(105,'2025-03-26 03:35:08','2025-03-26 05:12:26',-27.197360,171.494701,'public'),
(106,'2025-01-07 23:54:46','2025-01-08 01:21:10',31.231176,178.094495,'public'),
(106,'2025-05-14 19:14:48','2025-05-14 20:18:35',-35.851031,51.856515,'private'),
(109,'2025-01-19 19:55:19','2025-01-19 19:59:21',-87.644231,52.890768,'public'),
(109,'2025-05-11 15:50:17','2025-05-11 17:00:18',43.578717,29.610806,'public'),
(109,'2025-05-15 22:37:21','2025-05-15 23:09:36',82.108991,109.516405,'private'),
(113,'2025-02-21 16:42:55','2025-02-21 18:12:04',76.587726,47.778862,'private'),
(115,'2025-02-08 18:38:50','2025-02-08 19:51:36',-77.780013,-83.962095,'public'),
(116,'2025-01-12 19:43:44','2025-01-12 21:15:28',-5.397707,176.063167,'private'),
(116,'2025-03-05 15:06:20','2025-03-05 16:16:19',-46.693220,163.378592,'private'),
(116,'2025-03-28 19:07:38','2025-03-28 20:42:55',-41.216277,145.285447,'public'),
(116,'2025-04-19 20:38:41','2025-04-19 22:31:41',-38.210963,-89.493799,'private'),
(117,'2025-02-19 04:16:40','2025-02-19 05:52:15',23.369626,64.032615,'private'),
(117,'2025-03-14 11:58:33','2025-03-14 13:55:57',-54.749551,-90.675166,'public'),
(118,'2025-02-16 15:10:02','2025-02-16 16:39:08',-82.687086,-8.850878,'private'),
(119,'2025-02-22 10:35:51','2025-02-22 11:22:39',46.035831,74.100490,'public'),
(119,'2025-04-06 16:29:07','2025-04-06 17:10:32',-64.391894,92.944503,'private'),
(120,'2025-02-15 12:09:18','2025-02-15 14:00:23',87.682371,136.586558,'public'),
(121,'2025-04-23 15:18:20','2025-04-23 16:39:39',44.591221,-75.658777,'private'),
(126,'2025-01-02 11:22:22','2025-01-02 13:18:58',19.737785,-49.349578,'public'),
(126,'2025-05-02 10:05:39','2025-05-02 10:47:35',-29.949271,75.176810,'private'),
(129,'2025-02-11 14:09:15','2025-02-11 15:02:09',-68.623950,-25.815003,'private'),
(129,'2025-04-27 06:18:28','2025-04-27 08:01:45',-3.240518,132.181852,'private'),
(130,'2025-03-24 10:16:04','2025-03-24 10:59:14',-58.106920,-91.711156,'public'),
(131,'2025-01-16 04:07:15','2025-01-16 04:55:07',-74.782370,134.727049,'public'),
(134,'2025-01-28 11:58:29','2025-01-28 12:13:44',-72.589310,3.981090,'private'),
(135,'2025-02-18 20:11:05','2025-02-18 21:45:43',88.906762,-107.533055,'private'),
(135,'2025-02-21 04:46:23','2025-02-21 06:40:48',71.846189,173.757022,'private'),
(136,'2025-01-28 11:28:18','2025-01-28 13:21:34',-53.267999,168.846926,'public'),
(136,'2025-03-02 05:12:43','2025-03-02 07:05:55',69.552749,-119.150189,'private'),
(137,'2025-01-23 05:13:02','2025-01-23 07:02:14',-71.377454,155.063395,'private'),
(137,'2025-03-03 16:52:49','2025-03-03 18:09:22',63.919039,172.710630,'private'),
(138,'2025-05-15 03:01:32','2025-05-15 04:33:56',-2.339117,18.832870,'private'),
(139,'2025-01-29 05:43:40','2025-01-29 07:04:44',23.360200,-12.917221,'public'),
(142,'2025-05-12 17:51:41','2025-05-12 18:29:31',61.420300,-116.489647,'public'),
(144,'2025-03-08 09:29:53','2025-03-08 11:12:05',-74.681354,159.270826,'public'),
(144,'2025-04-08 21:15:32','2025-04-08 21:36:39',7.546791,169.752879,'public'),
(147,'2025-04-08 15:02:10','2025-04-08 16:18:32',75.834738,-102.786734,'public'),
(148,'2025-04-30 05:10:38','2025-04-30 05:45:10',64.458813,103.827424,'public'),
(149,'2025-02-22 00:09:53','2025-02-22 01:57:52',82.118287,107.553344,'private'),
(150,'2025-01-10 16:56:01','2025-01-10 18:29:34',47.766097,-21.475093,'private');
/*!40000 ALTER TABLE `location` ENABLE KEYS */;
UNLOCK TABLES;

--
-- Table structure for table `pap`
--

DROP TABLE IF EXISTS `pap`;
/*!40101 SET @saved_cs_client     = @@character_set_client */;
/*!40101 SET character_set_client = utf8mb4 */;
CREATE TABLE `pap` (
  `user_id` int(11) NOT NULL CHECK (`user_id` > 0),
  `room_id` int(11) NOT NULL CHECK (`room_id` > 0),
  `sent_order` int(11) NOT NULL CHECK (`sent_order` > 0),
  `lens_id` int(11) DEFAULT NULL CHECK (`lens_id` > 0),
  `duration` int(11) NOT NULL CHECK (`duration` >= 0),
  `type` enum('photo','video') NOT NULL,
  PRIMARY KEY (`user_id`,`room_id`,`sent_order`),
  KEY `RA_PAP_LENS` (`lens_id`),
  CONSTRAINT `RA_PAP_CONTENT` FOREIGN KEY (`user_id`, `room_id`, `sent_order`) REFERENCES `content` (`user_id`, `room_id`, `sent_order`) ON DELETE CASCADE,
  CONSTRAINT `RA_PAP_LENS` FOREIGN KEY (`lens_id`) REFERENCES `lens` (`lens_id`),
  CONSTRAINT `RC_PAP_TYPE_DURATION` CHECK (`type` = 'photo' and `duration` = 0 or `type` = 'video' and `duration` > 0)
) ENGINE=InnoDB DEFAULT CHARSET=latin1 COLLATE=latin1_swedish_ci;
/*!40101 SET character_set_client = @saved_cs_client */;

--
-- Dumping data for table `pap`
--

LOCK TABLES `pap` WRITE;
/*!40000 ALTER TABLE `pap` DISABLE KEYS */;
INSERT INTO `pap` (`user_id`, `room_id`, `sent_order`, `lens_id`, `duration`, `type`) VALUES (1,66,1,219,15,'video'),
(3,15,1,111,7,'video'),
(3,48,1,125,0,'photo'),
(5,12,1,181,0,'photo'),
(5,14,1,68,0,'photo'),
(5,72,1,186,0,'photo'),
(5,97,1,25,59,'video'),
(7,43,1,214,0,'photo'),
(7,56,1,31,0,'photo'),
(8,29,2,176,0,'photo'),
(9,55,1,46,56,'video'),
(9,122,1,132,0,'photo'),
(10,72,1,171,0,'photo'),
(11,16,1,170,0,'photo'),
(11,26,1,52,0,'photo'),
(11,32,1,131,0,'photo'),
(12,120,1,125,0,'photo'),
(13,45,1,226,0,'photo'),
(14,106,1,23,0,'photo'),
(16,15,1,30,0,'photo'),
(16,25,1,35,54,'video'),
(16,68,1,221,19,'video'),
(16,73,1,235,0,'photo'),
(16,104,1,258,55,'video'),
(16,111,1,7,0,'photo'),
(17,105,1,204,0,'photo'),
(17,138,1,84,54,'video'),
(18,32,1,101,50,'video'),
(18,130,1,39,0,'photo'),
(20,88,1,101,16,'video'),
(20,91,1,18,0,'photo'),
(20,97,1,246,0,'photo'),
(21,50,1,69,0,'photo'),
(21,52,1,89,27,'video'),
(22,90,1,232,0,'photo'),
(23,95,1,90,0,'photo'),
(25,39,1,45,6,'video'),
(25,94,1,96,27,'video'),
(26,17,1,140,0,'photo'),
(26,33,1,32,0,'photo'),
(27,14,1,51,28,'video'),
(28,42,1,173,0,'photo'),
(28,87,1,247,0,'photo'),
(28,143,1,21,26,'video'),
(30,76,1,247,0,'photo'),
(30,147,1,187,0,'photo'),
(31,61,1,266,0,'photo'),
(32,20,1,162,0,'photo'),
(33,28,1,134,0,'photo'),
(34,92,1,263,0,'photo'),
(34,125,1,209,60,'video'),
(35,62,1,181,0,'photo'),
(35,109,1,208,0,'photo'),
(35,116,1,52,13,'video'),
(36,19,1,265,0,'photo'),
(37,5,1,122,0,'photo'),
(38,106,1,26,0,'photo'),
(41,16,1,238,0,'photo'),
(41,56,1,175,0,'photo'),
(41,79,1,195,42,'video'),
(43,45,1,258,3,'video'),
(43,48,1,3,2,'video'),
(44,104,1,248,0,'photo'),
(45,61,1,21,8,'video'),
(46,3,1,22,0,'photo'),
(46,51,1,32,47,'video'),
(47,18,1,122,18,'video'),
(48,56,1,233,10,'video'),
(48,64,1,101,0,'photo'),
(48,104,1,7,0,'photo'),
(49,131,1,222,42,'video'),
(50,24,1,82,0,'photo'),
(50,52,1,22,8,'video'),
(51,7,1,179,0,'photo'),
(51,18,1,231,0,'photo'),
(51,102,1,177,0,'photo'),
(52,43,1,55,0,'photo'),
(52,128,1,145,52,'video'),
(54,143,1,264,11,'video'),
(57,31,1,102,55,'video'),
(57,86,1,141,19,'video'),
(58,112,1,123,0,'photo'),
(59,7,1,23,5,'video'),
(60,20,1,202,0,'photo'),
(60,129,1,125,0,'photo'),
(61,4,1,204,48,'video'),
(61,117,1,144,0,'photo'),
(61,122,1,198,0,'photo'),
(62,44,1,104,43,'video'),
(62,94,1,26,0,'photo'),
(63,73,1,168,0,'photo'),
(64,76,1,182,0,'photo'),
(64,99,1,68,0,'photo'),
(64,143,1,173,26,'video'),
(67,15,1,37,0,'photo'),
(68,14,1,250,1,'video'),
(68,85,1,209,0,'photo'),
(68,147,1,222,3,'video'),
(69,142,1,41,0,'photo'),
(70,6,1,128,21,'video'),
(70,30,1,191,7,'video'),
(70,49,1,259,14,'video'),
(70,111,1,164,1,'video'),
(74,5,1,104,0,'photo'),
(74,62,1,117,17,'video'),
(75,141,1,127,31,'video'),
(76,3,1,145,0,'photo'),
(76,106,1,32,14,'video'),
(76,116,1,114,0,'photo'),
(80,118,1,7,0,'photo'),
(83,59,1,73,43,'video'),
(83,137,1,149,32,'video'),
(84,137,1,175,7,'video'),
(85,48,1,137,55,'video'),
(85,50,1,81,38,'video'),
(86,74,1,79,59,'video'),
(88,7,1,181,22,'video'),
(88,53,1,127,38,'video'),
(89,109,1,38,18,'video'),
(90,36,1,216,0,'photo'),
(90,75,1,207,0,'photo'),
(90,130,1,187,4,'video'),
(91,1,1,37,14,'video'),
(91,61,1,85,0,'photo'),
(92,60,1,10,0,'photo'),
(93,106,1,25,0,'photo'),
(95,69,1,233,0,'photo'),
(95,104,1,140,0,'photo'),
(97,10,1,70,0,'photo'),
(97,134,1,139,7,'video'),
(98,48,1,77,0,'photo'),
(98,102,1,87,0,'photo'),
(98,120,1,107,23,'video'),
(99,39,1,97,0,'photo'),
(100,88,1,136,0,'photo'),
(102,62,1,102,0,'photo'),
(102,108,1,77,59,'video'),
(105,71,1,54,47,'video'),
(107,43,1,88,20,'video'),
(107,147,1,138,21,'video'),
(108,57,1,183,59,'video'),
(108,134,1,84,0,'photo'),
(109,16,1,26,24,'video'),
(109,52,1,81,42,'video'),
(109,142,1,175,0,'photo'),
(110,13,1,190,0,'photo'),
(110,114,1,209,0,'photo'),
(111,103,1,72,10,'video'),
(112,23,1,183,28,'video'),
(112,36,1,53,26,'video'),
(114,119,1,54,0,'photo'),
(115,7,1,5,0,'photo'),
(116,103,1,178,0,'photo'),
(117,129,1,233,0,'photo'),
(117,139,1,61,11,'video'),
(118,25,1,16,21,'video'),
(118,54,1,111,56,'video'),
(118,71,1,193,0,'photo'),
(118,106,1,107,0,'photo'),
(120,67,1,109,0,'photo'),
(120,106,1,61,1,'video'),
(122,52,1,253,13,'video'),
(123,107,1,90,0,'photo'),
(124,125,1,87,0,'photo'),
(125,46,1,43,0,'photo'),
(126,87,1,87,9,'video'),
(126,144,1,84,14,'video'),
(127,19,1,262,0,'photo'),
(127,69,1,180,0,'photo'),
(129,25,1,97,11,'video'),
(129,77,1,160,21,'video'),
(129,143,1,105,35,'video'),
(130,122,1,39,58,'video'),
(130,131,1,253,13,'video'),
(130,147,1,74,16,'video'),
(131,98,1,216,0,'photo'),
(133,18,1,160,37,'video'),
(133,98,1,217,0,'photo'),
(134,57,1,148,0,'photo'),
(134,148,1,54,0,'photo'),
(135,104,1,255,0,'photo'),
(135,124,1,221,0,'photo'),
(136,117,1,75,2,'video'),
(136,137,1,113,0,'photo'),
(137,59,1,242,0,'photo'),
(138,129,1,142,0,'photo'),
(140,11,1,190,29,'video'),
(140,48,1,118,24,'video'),
(141,26,1,143,0,'photo'),
(142,4,1,14,21,'video'),
(143,119,1,63,0,'photo'),
(144,48,1,140,0,'photo'),
(144,90,1,249,0,'photo'),
(145,129,1,106,0,'photo'),
(146,2,1,183,22,'video'),
(146,110,1,157,44,'video'),
(147,2,1,85,0,'photo');
/*!40000 ALTER TABLE `pap` ENABLE KEYS */;
UNLOCK TABLES;
/*!50003 SET @saved_cs_client      = @@character_set_client */ ;
/*!50003 SET @saved_cs_results     = @@character_set_results */ ;
/*!50003 SET @saved_col_connection = @@collation_connection */ ;
/*!50003 SET character_set_client  = utf8mb4 */ ;
/*!50003 SET character_set_results = utf8mb4 */ ;
/*!50003 SET collation_connection  = utf8mb4_general_ci */ ;
/*!50003 SET @saved_sql_mode       = @@sql_mode */ ;
/*!50003 SET sql_mode              = 'STRICT_TRANS_TABLES,ERROR_FOR_DIVISION_BY_ZERO,NO_AUTO_CREATE_USER,NO_ENGINE_SUBSTITUTION' */ ;
DELIMITER ;;
/*!50003 CREATE*/ /*!50017 DEFINER=`root`@`localhost`*/ /*!50003 TRIGGER trg_pap_after_insert
AFTER INSERT ON Pap
FOR EACH ROW
BEGIN
  DECLARE kreator_id INT;

  IF NEW.lens_id IS NOT NULL THEN
    SELECT user_id 
      INTO kreator_id
      FROM Lens
     WHERE lens_id = NEW.lens_id
     LIMIT 1;

    IF EXISTS(
        SELECT 1
          FROM Statistik_Kreator
         WHERE user_id = kreator_id
       ) THEN
      UPDATE Statistik_Kreator
         SET pap_count = pap_count + 1
       WHERE user_id = kreator_id;
    ELSE
      INSERT INTO Statistik_Kreator (user_id, pap_count, lens_count)
      VALUES (
        kreator_id,
        1,
        ( SELECT COUNT(*) FROM Lens WHERE user_id = kreator_id )
      );
    END IF;
  END IF;
END */;;
DELIMITER ;
/*!50003 SET sql_mode              = @saved_sql_mode */ ;
/*!50003 SET character_set_client  = @saved_cs_client */ ;
/*!50003 SET character_set_results = @saved_cs_results */ ;
/*!50003 SET collation_connection  = @saved_col_connection */ ;
/*!50003 SET @saved_cs_client      = @@character_set_client */ ;
/*!50003 SET @saved_cs_results     = @@character_set_results */ ;
/*!50003 SET @saved_col_connection = @@collation_connection */ ;
/*!50003 SET character_set_client  = utf8mb4 */ ;
/*!50003 SET character_set_results = utf8mb4 */ ;
/*!50003 SET collation_connection  = utf8mb4_general_ci */ ;
/*!50003 SET @saved_sql_mode       = @@sql_mode */ ;
/*!50003 SET sql_mode              = 'STRICT_TRANS_TABLES,ERROR_FOR_DIVISION_BY_ZERO,NO_AUTO_CREATE_USER,NO_ENGINE_SUBSTITUTION' */ ;
DELIMITER ;;
/*!50003 CREATE*/ /*!50017 DEFINER=`root`@`localhost`*/ /*!50003 TRIGGER trg_update_user_snap_stats
AFTER INSERT ON Pap
FOR EACH ROW
BEGIN
    INSERT INTO User_Snap_Stats (user_id, is_active, total_snap)
    VALUES (NEW.user_id, TRUE, 1)
    ON DUPLICATE KEY UPDATE
        is_active = TRUE,
        total_snap = total_snap + 1;
END */;;
DELIMITER ;
/*!50003 SET sql_mode              = @saved_sql_mode */ ;
/*!50003 SET character_set_client  = @saved_cs_client */ ;
/*!50003 SET character_set_results = @saved_cs_results */ ;
/*!50003 SET collation_connection  = @saved_col_connection */ ;
/*!50003 SET @saved_cs_client      = @@character_set_client */ ;
/*!50003 SET @saved_cs_results     = @@character_set_results */ ;
/*!50003 SET @saved_col_connection = @@collation_connection */ ;
/*!50003 SET character_set_client  = utf8mb4 */ ;
/*!50003 SET character_set_results = utf8mb4 */ ;
/*!50003 SET collation_connection  = utf8mb4_general_ci */ ;
/*!50003 SET @saved_sql_mode       = @@sql_mode */ ;
/*!50003 SET sql_mode              = 'STRICT_TRANS_TABLES,ERROR_FOR_DIVISION_BY_ZERO,NO_AUTO_CREATE_USER,NO_ENGINE_SUBSTITUTION' */ ;
DELIMITER ;;
/*!50003 CREATE*/ /*!50017 DEFINER=`root`@`localhost`*/ /*!50003 TRIGGER trg_pap_after_update
AFTER UPDATE ON Pap
FOR EACH ROW
BEGIN
  DECLARE old_creator INT;
  DECLARE new_creator INT;

  IF OLD.lens_id IS NOT NULL 
     AND NEW.lens_id IS NOT NULL 
     AND OLD.lens_id <> NEW.lens_id THEN

    SELECT user_id 
      INTO old_creator
      FROM Lens
     WHERE lens_id = OLD.lens_id
     LIMIT 1;

    UPDATE Statistik_Kreator
       SET pap_count = pap_count - 1
     WHERE user_id = old_creator;

    SELECT user_id 
      INTO new_creator
      FROM Lens
     WHERE lens_id = NEW.lens_id
     LIMIT 1;

    IF EXISTS(
        SELECT 1
          FROM Statistik_Kreator
         WHERE user_id = new_creator
       ) THEN
      UPDATE Statistik_Kreator
         SET pap_count = pap_count + 1
       WHERE user_id = new_creator;
    ELSE
      INSERT INTO Statistik_Kreator (user_id, pap_count, lens_count)
      VALUES (
        new_creator,
        1,
        ( SELECT COUNT(*) FROM Lens WHERE user_id = new_creator )
      );
    END IF;

  ELSEIF OLD.lens_id IS NULL 
        AND NEW.lens_id IS NOT NULL THEN

    SELECT user_id 
      INTO new_creator
      FROM Lens
     WHERE lens_id = NEW.lens_id
     LIMIT 1;

    IF EXISTS(
        SELECT 1
          FROM Statistik_Kreator
         WHERE user_id = new_creator
       ) THEN
      UPDATE Statistik_Kreator
         SET pap_count = pap_count + 1
       WHERE user_id = new_creator;
    ELSE
      INSERT INTO Statistik_Kreator (user_id, pap_count, lens_count)
      VALUES (
        new_creator,
        1,
        ( SELECT COUNT(*) FROM Lens WHERE user_id = new_creator )
      );
    END IF;

  ELSEIF OLD.lens_id IS NOT NULL 
        AND NEW.lens_id IS NULL THEN

    SELECT user_id 
      INTO old_creator
      FROM Lens
     WHERE lens_id = OLD.lens_id
     LIMIT 1;

    UPDATE Statistik_Kreator
       SET pap_count = pap_count - 1
     WHERE user_id = old_creator;
  END IF;
END */;;
DELIMITER ;
/*!50003 SET sql_mode              = @saved_sql_mode */ ;
/*!50003 SET character_set_client  = @saved_cs_client */ ;
/*!50003 SET character_set_results = @saved_cs_results */ ;
/*!50003 SET collation_connection  = @saved_col_connection */ ;
/*!50003 SET @saved_cs_client      = @@character_set_client */ ;
/*!50003 SET @saved_cs_results     = @@character_set_results */ ;
/*!50003 SET @saved_col_connection = @@collation_connection */ ;
/*!50003 SET character_set_client  = utf8mb4 */ ;
/*!50003 SET character_set_results = utf8mb4 */ ;
/*!50003 SET collation_connection  = utf8mb4_general_ci */ ;
/*!50003 SET @saved_sql_mode       = @@sql_mode */ ;
/*!50003 SET sql_mode              = 'STRICT_TRANS_TABLES,ERROR_FOR_DIVISION_BY_ZERO,NO_AUTO_CREATE_USER,NO_ENGINE_SUBSTITUTION' */ ;
DELIMITER ;;
/*!50003 CREATE*/ /*!50017 DEFINER=`root`@`localhost`*/ /*!50003 TRIGGER trg_pap_after_delete
AFTER DELETE ON Pap
FOR EACH ROW
BEGIN
  DECLARE kreator_id INT;

  IF OLD.lens_id IS NOT NULL THEN
    SELECT user_id 
      INTO kreator_id
      FROM Lens
     WHERE lens_id = OLD.lens_id
     LIMIT 1;

    UPDATE Statistik_Kreator
       SET pap_count = pap_count - 1
     WHERE user_id = kreator_id;
  END IF;
END */;;
DELIMITER ;
/*!50003 SET sql_mode              = @saved_sql_mode */ ;
/*!50003 SET character_set_client  = @saved_cs_client */ ;
/*!50003 SET character_set_results = @saved_cs_results */ ;
/*!50003 SET collation_connection  = @saved_col_connection */ ;

--
-- Temporary table structure for view `recent_pap`
--

DROP TABLE IF EXISTS `recent_pap`;
/*!50001 DROP VIEW IF EXISTS `recent_pap`*/;
SET @saved_cs_client     = @@character_set_client;
SET character_set_client = utf8mb4;
/*!50001 CREATE VIEW `recent_pap` AS SELECT
 1 AS `user_id`,
  1 AS `room_id`,
  1 AS `sent_order`,
  1 AS `lens_id`,
  1 AS `duration`,
  1 AS `type` */;
SET character_set_client = @saved_cs_client;

--
-- Table structure for table `room_chat`
--

DROP TABLE IF EXISTS `room_chat`;
/*!40101 SET @saved_cs_client     = @@character_set_client */;
/*!40101 SET character_set_client = utf8mb4 */;
CREATE TABLE `room_chat` (
  `room_id` int(11) NOT NULL AUTO_INCREMENT,
  `created_date` date NOT NULL,
  PRIMARY KEY (`room_id`)
) ENGINE=InnoDB AUTO_INCREMENT=151 DEFAULT CHARSET=latin1 COLLATE=latin1_swedish_ci;
/*!40101 SET character_set_client = @saved_cs_client */;

--
-- Dumping data for table `room_chat`
--

LOCK TABLES `room_chat` WRITE;
/*!40000 ALTER TABLE `room_chat` DISABLE KEYS */;
INSERT INTO `room_chat` (`room_id`, `created_date`) VALUES (1,'2025-03-08'),
(2,'2025-03-03'),
(3,'2025-05-12'),
(4,'2025-02-02'),
(5,'2025-04-05'),
(6,'2025-02-04'),
(7,'2025-02-26'),
(8,'2025-01-10'),
(9,'2025-03-05'),
(10,'2025-03-21'),
(11,'2025-02-22'),
(12,'2025-01-18'),
(13,'2025-04-11'),
(14,'2025-04-23'),
(15,'2025-03-07'),
(16,'2025-02-27'),
(17,'2025-04-16'),
(18,'2025-03-18'),
(19,'2025-02-14'),
(20,'2025-03-31'),
(21,'2025-04-18'),
(22,'2025-03-03'),
(23,'2025-01-04'),
(24,'2025-02-28'),
(25,'2025-04-05'),
(26,'2025-03-19'),
(27,'2025-02-15'),
(28,'2025-05-04'),
(29,'2025-02-19'),
(30,'2025-03-07'),
(31,'2025-01-12'),
(32,'2025-04-28'),
(33,'2025-02-06'),
(34,'2025-02-09'),
(35,'2025-05-05'),
(36,'2025-03-06'),
(37,'2025-02-14'),
(38,'2025-02-28'),
(39,'2025-04-27'),
(40,'2025-02-11'),
(41,'2025-05-13'),
(42,'2025-02-11'),
(43,'2025-01-09'),
(44,'2025-04-18'),
(45,'2025-02-02'),
(46,'2025-03-19'),
(47,'2025-03-30'),
(48,'2025-04-11'),
(49,'2025-01-14'),
(50,'2025-01-14'),
(51,'2025-03-15'),
(52,'2025-04-18'),
(53,'2025-02-14'),
(54,'2025-05-04'),
(55,'2025-03-05'),
(56,'2025-04-21'),
(57,'2025-04-06'),
(58,'2025-04-01'),
(59,'2025-01-16'),
(60,'2025-02-12'),
(61,'2025-01-28'),
(62,'2025-04-16'),
(63,'2025-01-14'),
(64,'2025-01-05'),
(65,'2025-03-02'),
(66,'2025-01-26'),
(67,'2025-03-16'),
(68,'2025-01-13'),
(69,'2025-03-31'),
(70,'2025-01-12'),
(71,'2025-02-04'),
(72,'2025-03-01'),
(73,'2025-02-27'),
(74,'2025-04-18'),
(75,'2025-02-20'),
(76,'2025-04-05'),
(77,'2025-02-10'),
(78,'2025-02-18'),
(79,'2025-02-01'),
(80,'2025-03-24'),
(81,'2025-04-19'),
(82,'2025-01-07'),
(83,'2025-05-14'),
(84,'2025-02-10'),
(85,'2025-01-21'),
(86,'2025-02-15'),
(87,'2025-02-18'),
(88,'2025-04-09'),
(89,'2025-01-05'),
(90,'2025-01-28'),
(91,'2025-02-23'),
(92,'2025-04-30'),
(93,'2025-04-13'),
(94,'2025-03-31'),
(95,'2025-04-13'),
(96,'2025-03-23'),
(97,'2025-03-18'),
(98,'2025-02-09'),
(99,'2025-04-17'),
(100,'2025-04-12'),
(101,'2025-04-03'),
(102,'2025-03-07'),
(103,'2025-04-14'),
(104,'2025-04-19'),
(105,'2025-05-07'),
(106,'2025-05-12'),
(107,'2025-05-14'),
(108,'2025-05-06'),
(109,'2025-02-18'),
(110,'2025-03-11'),
(111,'2025-03-18'),
(112,'2025-01-12'),
(113,'2025-03-16'),
(114,'2025-03-01'),
(115,'2025-02-28'),
(116,'2025-03-18'),
(117,'2025-04-18'),
(118,'2025-01-26'),
(119,'2025-04-13'),
(120,'2025-01-05'),
(121,'2025-04-02'),
(122,'2025-04-18'),
(123,'2025-03-28'),
(124,'2025-04-04'),
(125,'2025-03-05'),
(126,'2025-04-10'),
(127,'2025-05-08'),
(128,'2025-04-07'),
(129,'2025-02-22'),
(130,'2025-03-28'),
(131,'2025-03-05'),
(132,'2025-04-29'),
(133,'2025-01-12'),
(134,'2025-02-06'),
(135,'2025-05-01'),
(136,'2025-01-29'),
(137,'2025-02-15'),
(138,'2025-03-13'),
(139,'2025-01-26'),
(140,'2025-01-13'),
(141,'2025-04-30'),
(142,'2025-02-12'),
(143,'2025-01-17'),
(144,'2025-01-18'),
(145,'2025-04-23'),
(146,'2025-05-03'),
(147,'2025-01-23'),
(148,'2025-03-01'),
(149,'2025-02-19'),
(150,'2025-02-25');
/*!40000 ALTER TABLE `room_chat` ENABLE KEYS */;
UNLOCK TABLES;

--
-- Table structure for table `room_join`
--

DROP TABLE IF EXISTS `room_join`;
/*!40101 SET @saved_cs_client     = @@character_set_client */;
/*!40101 SET character_set_client = utf8mb4 */;
CREATE TABLE `room_join` (
  `room_id` int(11) NOT NULL CHECK (`room_id` > 0),
  `user_id` int(11) NOT NULL CHECK (`user_id` > 0),
  `join_date` date NOT NULL,
  PRIMARY KEY (`room_id`,`user_id`),
  KEY `RA_ROOMJOIN_USER` (`user_id`),
  CONSTRAINT `RA_ROOMJOIN_ROOMCHAT` FOREIGN KEY (`room_id`) REFERENCES `room_chat` (`room_id`),
  CONSTRAINT `RA_ROOMJOIN_USER` FOREIGN KEY (`user_id`) REFERENCES `user` (`user_id`)
) ENGINE=InnoDB DEFAULT CHARSET=latin1 COLLATE=latin1_swedish_ci;
/*!40101 SET character_set_client = @saved_cs_client */;

--
-- Dumping data for table `room_join`
--

LOCK TABLES `room_join` WRITE;
/*!40000 ALTER TABLE `room_join` DISABLE KEYS */;
INSERT INTO `room_join` (`room_id`, `user_id`, `join_date`) VALUES (1,24,'2025-01-04'),
(1,42,'2025-04-22'),
(1,53,'2025-04-22'),
(1,91,'2025-01-13'),
(1,114,'2025-04-21'),
(2,42,'2025-03-07'),
(2,76,'2025-02-11'),
(2,81,'2025-04-11'),
(2,108,'2025-01-27'),
(2,112,'2025-03-26'),
(2,129,'2025-05-05'),
(2,146,'2025-04-28'),
(2,147,'2025-05-03'),
(3,46,'2025-03-01'),
(3,76,'2025-03-19'),
(3,123,'2025-03-13'),
(3,140,'2025-02-18'),
(4,13,'2025-02-19'),
(4,41,'2025-02-08'),
(4,61,'2025-05-06'),
(4,142,'2025-04-25'),
(5,37,'2025-03-17'),
(5,54,'2025-02-13'),
(5,71,'2025-01-18'),
(5,74,'2025-02-01'),
(5,75,'2025-03-29'),
(5,96,'2025-05-09'),
(5,130,'2025-01-27'),
(6,14,'2025-03-16'),
(6,26,'2025-01-06'),
(6,31,'2025-02-28'),
(6,70,'2025-05-14'),
(6,109,'2025-04-21'),
(6,132,'2025-05-03'),
(7,51,'2025-01-28'),
(7,59,'2025-01-06'),
(7,88,'2025-03-21'),
(7,115,'2025-01-17'),
(7,129,'2025-01-10'),
(8,28,'2025-01-26'),
(8,75,'2025-01-22'),
(8,90,'2025-03-14'),
(8,92,'2025-04-11'),
(9,77,'2025-03-31'),
(9,86,'2025-03-02'),
(9,91,'2025-01-23'),
(9,96,'2025-03-21'),
(9,117,'2025-04-26'),
(9,146,'2025-02-16'),
(10,13,'2025-01-11'),
(10,76,'2025-03-06'),
(10,97,'2025-04-19'),
(10,115,'2025-01-01'),
(10,143,'2025-01-07'),
(11,90,'2025-03-13'),
(11,105,'2025-04-01'),
(11,118,'2025-05-03'),
(11,122,'2025-01-05'),
(11,140,'2025-02-07'),
(12,5,'2025-01-10'),
(12,39,'2025-03-18'),
(13,14,'2025-02-21'),
(13,110,'2025-01-02'),
(14,5,'2025-05-14'),
(14,25,'2025-05-11'),
(14,27,'2025-03-11'),
(14,34,'2025-05-04'),
(14,36,'2025-02-12'),
(14,38,'2025-03-22'),
(14,68,'2025-04-02'),
(14,83,'2025-03-23'),
(15,3,'2025-02-11'),
(15,9,'2025-03-16'),
(15,16,'2025-02-17'),
(15,34,'2025-04-15'),
(15,67,'2025-01-05'),
(15,84,'2025-02-02'),
(15,115,'2025-01-21'),
(15,142,'2025-03-11'),
(16,8,'2025-02-05'),
(16,11,'2025-01-22'),
(16,36,'2025-01-18'),
(16,41,'2025-01-08'),
(16,109,'2025-05-04'),
(17,26,'2025-02-26'),
(17,31,'2025-05-15'),
(17,120,'2025-04-04'),
(17,146,'2025-02-22'),
(18,3,'2025-05-02'),
(18,18,'2025-03-12'),
(18,47,'2025-02-06'),
(18,51,'2025-05-03'),
(18,79,'2025-03-15'),
(18,118,'2025-05-07'),
(18,133,'2025-01-14'),
(19,1,'2025-02-19'),
(19,12,'2025-01-29'),
(19,36,'2025-03-09'),
(19,73,'2025-04-01'),
(19,105,'2025-04-10'),
(19,127,'2025-01-16'),
(20,8,'2025-04-16'),
(20,22,'2025-03-13'),
(20,32,'2025-02-03'),
(20,60,'2025-03-16'),
(21,23,'2025-01-21'),
(21,59,'2025-01-02'),
(21,150,'2025-04-13'),
(22,49,'2025-01-08'),
(22,50,'2025-01-09'),
(22,61,'2025-01-08'),
(22,108,'2025-02-14'),
(23,23,'2025-03-08'),
(23,38,'2025-03-31'),
(23,60,'2025-04-09'),
(23,112,'2025-03-31'),
(24,12,'2025-01-07'),
(24,13,'2025-05-10'),
(24,50,'2025-03-04'),
(24,75,'2025-04-11'),
(24,80,'2025-01-06'),
(24,131,'2025-02-14'),
(24,139,'2025-04-05'),
(24,144,'2025-02-19'),
(25,16,'2025-02-14'),
(25,44,'2025-01-20'),
(25,89,'2025-05-05'),
(25,118,'2025-04-20'),
(25,119,'2025-02-19'),
(25,129,'2025-03-14'),
(25,144,'2025-01-15'),
(26,11,'2025-04-01'),
(26,12,'2025-05-09'),
(26,69,'2025-04-17'),
(26,120,'2025-03-30'),
(26,141,'2025-02-06'),
(27,36,'2025-02-13'),
(27,46,'2025-04-14'),
(27,81,'2025-03-07'),
(27,89,'2025-05-01'),
(27,137,'2025-05-11'),
(28,33,'2025-02-23'),
(28,101,'2025-01-06'),
(28,124,'2025-03-26'),
(28,135,'2025-03-20'),
(29,8,'2025-05-08'),
(29,41,'2025-02-18'),
(29,68,'2025-04-19'),
(29,71,'2025-04-26'),
(29,75,'2025-04-15'),
(30,33,'2025-02-21'),
(30,58,'2025-04-21'),
(30,70,'2025-04-25'),
(30,103,'2025-01-20'),
(31,57,'2025-05-13'),
(31,58,'2025-02-07'),
(32,11,'2025-04-11'),
(32,18,'2025-04-08'),
(32,38,'2025-02-24'),
(32,46,'2025-03-07'),
(32,52,'2025-01-28'),
(32,71,'2025-04-30'),
(32,111,'2025-03-04'),
(32,114,'2025-03-31'),
(33,26,'2025-01-16'),
(33,28,'2025-02-16'),
(33,55,'2025-04-22'),
(33,59,'2025-02-05'),
(33,69,'2025-04-18'),
(33,94,'2025-01-05'),
(33,110,'2025-03-16'),
(33,141,'2025-04-02'),
(34,42,'2025-02-21'),
(34,86,'2025-03-17'),
(34,96,'2025-01-18'),
(35,7,'2025-02-12'),
(35,15,'2025-04-19'),
(36,30,'2025-04-07'),
(36,90,'2025-02-08'),
(36,112,'2025-05-11'),
(36,131,'2025-03-01'),
(37,67,'2025-02-08'),
(37,76,'2025-03-21'),
(37,140,'2025-01-04'),
(37,141,'2025-01-09'),
(37,142,'2025-03-11'),
(38,123,'2025-02-02'),
(38,146,'2025-05-03'),
(39,3,'2025-02-24'),
(39,25,'2025-02-03'),
(39,99,'2025-05-13'),
(39,136,'2025-01-22'),
(39,148,'2025-02-13'),
(40,82,'2025-01-18'),
(40,97,'2025-01-26'),
(41,6,'2025-01-15'),
(41,45,'2025-01-14'),
(41,67,'2025-03-20'),
(41,127,'2025-04-01'),
(41,142,'2025-02-19'),
(41,146,'2025-03-01'),
(42,15,'2025-04-19'),
(42,28,'2025-04-30'),
(42,39,'2025-02-25'),
(42,66,'2025-05-13'),
(42,143,'2025-05-15'),
(43,4,'2025-03-25'),
(43,7,'2025-02-27'),
(43,52,'2025-05-15'),
(43,55,'2025-05-11'),
(43,103,'2025-04-25'),
(43,107,'2025-02-03'),
(44,49,'2025-03-21'),
(44,62,'2025-04-18'),
(44,92,'2025-05-03'),
(44,109,'2025-01-01'),
(45,13,'2025-04-04'),
(45,31,'2025-01-25'),
(45,38,'2025-01-20'),
(45,43,'2025-04-08'),
(45,49,'2025-05-11'),
(45,109,'2025-05-04'),
(46,125,'2025-04-04'),
(46,148,'2025-02-01'),
(47,28,'2025-04-01'),
(47,52,'2025-02-25'),
(47,95,'2025-01-28'),
(47,118,'2025-01-03'),
(47,143,'2025-03-26'),
(48,3,'2025-01-07'),
(48,19,'2025-05-05'),
(48,20,'2025-04-03'),
(48,43,'2025-01-04'),
(48,44,'2025-05-05'),
(48,85,'2025-05-15'),
(48,98,'2025-01-12'),
(48,115,'2025-03-29'),
(48,140,'2025-01-12'),
(48,144,'2025-05-04'),
(49,70,'2025-04-12'),
(49,72,'2025-01-04'),
(49,150,'2025-02-26'),
(50,17,'2025-01-28'),
(50,21,'2025-04-11'),
(50,65,'2025-02-14'),
(50,85,'2025-02-21'),
(50,92,'2025-02-28'),
(50,94,'2025-01-22'),
(50,123,'2025-01-25'),
(51,35,'2025-01-02'),
(51,46,'2025-03-16'),
(51,89,'2025-01-15'),
(52,12,'2025-01-08'),
(52,21,'2025-01-23'),
(52,37,'2025-01-25'),
(52,50,'2025-01-24'),
(52,60,'2025-04-26'),
(52,97,'2025-01-09'),
(52,109,'2025-05-10'),
(52,122,'2025-03-15'),
(52,138,'2025-04-22'),
(53,64,'2025-03-26'),
(53,70,'2025-02-07'),
(53,88,'2025-02-02'),
(54,50,'2025-03-21'),
(54,99,'2025-03-01'),
(54,118,'2025-04-07'),
(54,147,'2025-03-12'),
(55,9,'2025-04-23'),
(55,21,'2025-01-11'),
(55,28,'2025-01-15'),
(55,43,'2025-05-04'),
(55,97,'2025-04-07'),
(55,104,'2025-04-29'),
(56,2,'2025-01-14'),
(56,7,'2025-02-24'),
(56,23,'2025-03-14'),
(56,24,'2025-03-19'),
(56,26,'2025-03-03'),
(56,29,'2025-03-09'),
(56,41,'2025-01-16'),
(56,48,'2025-01-30'),
(56,89,'2025-01-22'),
(56,93,'2025-01-15'),
(57,19,'2025-04-14'),
(57,31,'2025-03-09'),
(57,108,'2025-01-06'),
(57,114,'2025-01-09'),
(57,119,'2025-03-08'),
(57,134,'2025-01-10'),
(57,149,'2025-03-09'),
(58,7,'2025-03-04'),
(58,47,'2025-05-12'),
(58,63,'2025-02-09'),
(59,23,'2025-05-08'),
(59,35,'2025-01-10'),
(59,49,'2025-02-28'),
(59,56,'2025-05-01'),
(59,83,'2025-01-03'),
(59,130,'2025-02-01'),
(59,137,'2025-03-08'),
(60,39,'2025-04-29'),
(60,82,'2025-01-29'),
(60,92,'2025-04-03'),
(60,134,'2025-02-11'),
(61,15,'2025-03-05'),
(61,31,'2025-01-30'),
(61,41,'2025-01-27'),
(61,45,'2025-01-17'),
(61,91,'2025-03-12'),
(61,97,'2025-04-21'),
(62,35,'2025-01-12'),
(62,58,'2025-04-27'),
(62,73,'2025-01-17'),
(62,74,'2025-01-15'),
(62,92,'2025-05-03'),
(62,102,'2025-05-12'),
(62,135,'2025-02-19'),
(63,52,'2025-04-12'),
(63,105,'2025-03-12'),
(63,106,'2025-05-03'),
(63,138,'2025-04-12'),
(64,14,'2025-01-11'),
(64,22,'2025-03-23'),
(64,38,'2025-02-13'),
(64,48,'2025-01-03'),
(64,65,'2025-04-15'),
(64,67,'2025-01-29'),
(64,83,'2025-03-13'),
(64,98,'2025-05-04'),
(64,110,'2025-04-26'),
(65,97,'2025-02-05'),
(65,111,'2025-01-03'),
(65,124,'2025-05-15'),
(65,131,'2025-02-20'),
(65,148,'2025-01-04'),
(66,1,'2025-04-17'),
(66,32,'2025-03-25'),
(66,39,'2025-01-04'),
(66,53,'2025-05-09'),
(66,65,'2025-04-22'),
(66,69,'2025-04-16'),
(66,123,'2025-02-23'),
(67,14,'2025-04-02'),
(67,24,'2025-03-05'),
(67,27,'2025-02-04'),
(67,88,'2025-04-16'),
(67,107,'2025-03-12'),
(67,120,'2025-01-20'),
(67,125,'2025-02-12'),
(68,16,'2025-04-18'),
(68,93,'2025-01-28'),
(68,124,'2025-01-20'),
(68,140,'2025-03-28'),
(69,45,'2025-04-05'),
(69,70,'2025-02-10'),
(69,87,'2025-05-01'),
(69,95,'2025-01-17'),
(69,127,'2025-02-12'),
(69,138,'2025-01-24'),
(70,45,'2025-03-11'),
(70,90,'2025-02-15'),
(70,96,'2025-04-11'),
(70,128,'2025-01-24'),
(71,8,'2025-05-03'),
(71,54,'2025-01-09'),
(71,105,'2025-02-15'),
(71,118,'2025-04-18'),
(71,136,'2025-01-04'),
(72,5,'2025-01-18'),
(72,10,'2025-01-31'),
(72,29,'2025-04-06'),
(72,42,'2025-03-01'),
(72,107,'2025-02-25'),
(72,134,'2025-03-07'),
(73,8,'2025-03-03'),
(73,10,'2025-02-06'),
(73,16,'2025-01-01'),
(73,23,'2025-01-03'),
(73,63,'2025-03-10'),
(73,104,'2025-04-17'),
(73,113,'2025-04-10'),
(73,150,'2025-01-22'),
(74,4,'2025-04-28'),
(74,60,'2025-03-07'),
(74,86,'2025-04-08'),
(74,107,'2025-03-04'),
(75,90,'2025-01-28'),
(75,109,'2025-03-10'),
(76,30,'2025-02-13'),
(76,64,'2025-04-21'),
(76,87,'2025-02-22'),
(76,88,'2025-01-05'),
(77,97,'2025-04-01'),
(77,106,'2025-01-14'),
(77,129,'2025-05-10'),
(77,136,'2025-03-12'),
(77,144,'2025-03-20'),
(78,35,'2025-03-14'),
(78,83,'2025-03-21'),
(79,3,'2025-05-11'),
(79,27,'2025-05-09'),
(79,41,'2025-03-01'),
(79,63,'2025-03-30'),
(79,74,'2025-02-09'),
(79,91,'2025-05-06'),
(79,95,'2025-04-06'),
(80,15,'2025-01-18'),
(80,89,'2025-01-03'),
(80,116,'2025-02-06'),
(80,129,'2025-03-10'),
(80,146,'2025-05-07'),
(80,149,'2025-01-21'),
(81,49,'2025-02-09'),
(81,95,'2025-01-29'),
(81,103,'2025-03-25'),
(81,150,'2025-03-12'),
(82,25,'2025-03-03'),
(82,47,'2025-04-25'),
(82,78,'2025-02-05'),
(82,107,'2025-02-24'),
(83,38,'2025-05-14'),
(83,93,'2025-03-17'),
(84,15,'2025-05-05'),
(84,17,'2025-01-23'),
(84,101,'2025-04-13'),
(84,141,'2025-05-11'),
(85,6,'2025-01-28'),
(85,22,'2025-02-18'),
(85,34,'2025-03-04'),
(85,68,'2025-04-15'),
(86,38,'2025-03-26'),
(86,57,'2025-01-18'),
(86,62,'2025-01-18'),
(86,121,'2025-03-07'),
(86,133,'2025-01-01'),
(87,12,'2025-03-04'),
(87,13,'2025-03-21'),
(87,28,'2025-05-08'),
(87,38,'2025-03-31'),
(87,47,'2025-01-01'),
(87,55,'2025-04-29'),
(87,110,'2025-01-24'),
(87,126,'2025-04-11'),
(88,20,'2025-01-09'),
(88,100,'2025-05-09'),
(88,101,'2025-01-02'),
(88,140,'2025-03-07'),
(89,2,'2025-02-25'),
(89,42,'2025-03-14'),
(89,47,'2025-04-22'),
(89,81,'2025-03-26'),
(89,142,'2025-02-01'),
(90,1,'2025-03-18'),
(90,13,'2025-05-10'),
(90,22,'2025-01-22'),
(90,144,'2025-04-09'),
(91,2,'2025-03-20'),
(91,20,'2025-01-26'),
(91,24,'2025-01-01'),
(91,55,'2025-01-12'),
(91,112,'2025-03-13'),
(91,123,'2025-04-02'),
(91,132,'2025-03-08'),
(92,21,'2025-04-22'),
(92,34,'2025-03-01'),
(92,107,'2025-01-09'),
(92,118,'2025-03-13'),
(92,145,'2025-05-01'),
(93,15,'2025-01-22'),
(93,94,'2025-01-13'),
(93,112,'2025-03-12'),
(94,25,'2025-04-19'),
(94,62,'2025-03-10'),
(94,128,'2025-04-08'),
(94,138,'2025-04-18'),
(95,23,'2025-03-30'),
(95,25,'2025-01-31'),
(95,60,'2025-03-20'),
(95,91,'2025-03-25'),
(95,119,'2025-03-19'),
(95,130,'2025-01-28'),
(96,19,'2025-02-03'),
(96,60,'2025-04-24'),
(96,79,'2025-05-15'),
(96,82,'2025-01-17'),
(96,85,'2025-01-18'),
(96,123,'2025-03-17'),
(97,1,'2025-05-11'),
(97,5,'2025-05-10'),
(97,20,'2025-02-20'),
(97,52,'2025-04-17'),
(97,67,'2025-01-19'),
(97,82,'2025-04-20'),
(97,96,'2025-02-05'),
(97,108,'2025-02-05'),
(98,14,'2025-01-19'),
(98,23,'2025-02-18'),
(98,75,'2025-03-02'),
(98,98,'2025-04-15'),
(98,131,'2025-04-20'),
(98,133,'2025-02-27'),
(99,33,'2025-01-02'),
(99,45,'2025-04-02'),
(99,52,'2025-01-09'),
(99,64,'2025-04-18'),
(99,129,'2025-03-04'),
(100,3,'2025-02-07'),
(100,15,'2025-04-28'),
(100,16,'2025-01-01'),
(100,51,'2025-02-07'),
(100,112,'2025-01-20'),
(100,121,'2025-05-03'),
(101,23,'2025-04-24'),
(101,56,'2025-01-04'),
(101,66,'2025-01-10'),
(101,67,'2025-01-17'),
(101,102,'2025-01-10'),
(102,10,'2025-03-06'),
(102,15,'2025-01-17'),
(102,51,'2025-02-16'),
(102,98,'2025-01-04'),
(103,1,'2025-02-09'),
(103,25,'2025-04-05'),
(103,44,'2025-01-09'),
(103,111,'2025-03-17'),
(103,116,'2025-01-24'),
(104,2,'2025-03-16'),
(104,16,'2025-04-24'),
(104,26,'2025-03-04'),
(104,43,'2025-01-13'),
(104,44,'2025-01-19'),
(104,48,'2025-03-01'),
(104,62,'2025-03-23'),
(104,95,'2025-04-13'),
(104,135,'2025-05-14'),
(105,2,'2025-03-21'),
(105,14,'2025-03-25'),
(105,17,'2025-02-26'),
(105,26,'2025-01-21'),
(105,33,'2025-04-23'),
(105,102,'2025-01-21'),
(105,140,'2025-05-10'),
(106,14,'2025-04-10'),
(106,18,'2025-01-07'),
(106,38,'2025-04-17'),
(106,43,'2025-04-08'),
(106,76,'2025-01-17'),
(106,93,'2025-02-04'),
(106,118,'2025-05-07'),
(106,120,'2025-02-09'),
(107,98,'2025-04-03'),
(107,123,'2025-03-20'),
(107,145,'2025-04-14'),
(108,102,'2025-04-04'),
(108,119,'2025-02-07'),
(108,124,'2025-02-12'),
(108,136,'2025-05-10'),
(109,5,'2025-02-02'),
(109,6,'2025-05-07'),
(109,35,'2025-02-07'),
(109,89,'2025-05-10'),
(109,90,'2025-05-11'),
(109,129,'2025-01-31'),
(110,23,'2025-01-09'),
(110,134,'2025-04-29'),
(110,146,'2025-01-04'),
(111,10,'2025-01-23'),
(111,16,'2025-01-22'),
(111,31,'2025-04-07'),
(111,53,'2025-04-03'),
(111,60,'2025-03-10'),
(111,70,'2025-03-31'),
(111,89,'2025-01-02'),
(111,111,'2025-01-29'),
(111,114,'2025-03-25'),
(111,123,'2025-03-22'),
(111,150,'2025-03-21'),
(112,58,'2025-04-09'),
(112,115,'2025-05-06'),
(112,129,'2025-02-08'),
(113,10,'2025-05-15'),
(113,22,'2025-03-18'),
(113,96,'2025-01-21'),
(114,18,'2025-03-30'),
(114,72,'2025-02-09'),
(114,77,'2025-04-22'),
(114,103,'2025-03-06'),
(114,110,'2025-05-10'),
(114,127,'2025-03-29'),
(114,137,'2025-02-11'),
(115,11,'2025-04-10'),
(115,66,'2025-03-31'),
(115,76,'2025-03-18'),
(116,11,'2025-03-30'),
(116,22,'2025-03-06'),
(116,35,'2025-03-03'),
(116,54,'2025-04-13'),
(116,76,'2025-04-27'),
(116,121,'2025-05-11'),
(116,135,'2025-05-02'),
(116,140,'2025-01-01'),
(117,11,'2025-05-15'),
(117,58,'2025-03-29'),
(117,61,'2025-03-09'),
(117,65,'2025-03-03'),
(117,84,'2025-02-08'),
(117,103,'2025-04-19'),
(117,108,'2025-02-11'),
(117,136,'2025-01-01'),
(117,140,'2025-05-07'),
(118,80,'2025-01-28'),
(118,82,'2025-05-15'),
(118,96,'2025-02-14'),
(118,116,'2025-04-11'),
(118,140,'2025-01-26'),
(119,5,'2025-01-12'),
(119,22,'2025-01-07'),
(119,28,'2025-05-10'),
(119,90,'2025-05-05'),
(119,114,'2025-04-14'),
(119,119,'2025-03-16'),
(119,121,'2025-02-21'),
(119,123,'2025-03-20'),
(119,143,'2025-05-04'),
(120,12,'2025-04-02'),
(120,52,'2025-02-03'),
(120,63,'2025-03-23'),
(120,80,'2025-03-17'),
(120,98,'2025-05-14'),
(121,71,'2025-04-16'),
(121,97,'2025-03-31'),
(122,9,'2025-04-06'),
(122,29,'2025-02-07'),
(122,54,'2025-03-29'),
(122,61,'2025-01-19'),
(122,80,'2025-01-17'),
(122,94,'2025-05-03'),
(122,130,'2025-01-08'),
(123,75,'2025-05-04'),
(123,146,'2025-05-02'),
(124,135,'2025-03-29'),
(124,147,'2025-01-18'),
(124,148,'2025-02-08'),
(125,10,'2025-02-03'),
(125,34,'2025-01-31'),
(125,44,'2025-01-20'),
(125,66,'2025-03-20'),
(125,76,'2025-03-28'),
(125,85,'2025-01-09'),
(125,86,'2025-02-02'),
(125,92,'2025-04-17'),
(125,102,'2025-04-11'),
(125,124,'2025-02-25'),
(125,129,'2025-01-15'),
(126,6,'2025-03-11'),
(126,54,'2025-05-13'),
(126,59,'2025-01-11'),
(126,109,'2025-02-18'),
(126,128,'2025-03-08'),
(127,14,'2025-04-25'),
(127,32,'2025-03-07'),
(127,74,'2025-01-16'),
(127,98,'2025-04-30'),
(128,52,'2025-02-25'),
(128,62,'2025-01-12'),
(128,146,'2025-01-30'),
(128,147,'2025-01-07'),
(129,60,'2025-01-07'),
(129,106,'2025-05-14'),
(129,108,'2025-04-25'),
(129,117,'2025-03-09'),
(129,138,'2025-04-18'),
(129,145,'2025-04-24'),
(129,148,'2025-05-15'),
(130,12,'2025-04-24'),
(130,18,'2025-02-03'),
(130,45,'2025-01-14'),
(130,90,'2025-01-14'),
(131,49,'2025-01-31'),
(131,67,'2025-04-27'),
(131,70,'2025-03-25'),
(131,122,'2025-04-19'),
(131,130,'2025-05-03'),
(131,131,'2025-01-22'),
(132,2,'2025-03-07'),
(132,19,'2025-02-15'),
(132,21,'2025-04-21'),
(132,32,'2025-05-15'),
(132,39,'2025-01-23'),
(132,78,'2025-05-15'),
(132,134,'2025-05-11'),
(133,25,'2025-01-01'),
(133,46,'2025-05-11'),
(133,110,'2025-01-06'),
(134,79,'2025-01-31'),
(134,94,'2025-02-26'),
(134,97,'2025-04-25'),
(134,108,'2025-02-11'),
(135,17,'2025-01-30'),
(135,61,'2025-01-23'),
(135,97,'2025-01-17'),
(136,84,'2025-04-25'),
(137,37,'2025-01-02'),
(137,38,'2025-04-23'),
(137,42,'2025-04-15'),
(137,83,'2025-03-17'),
(137,84,'2025-04-03'),
(137,105,'2025-05-15'),
(137,136,'2025-04-19'),
(137,147,'2025-03-19'),
(138,11,'2025-02-26'),
(138,17,'2025-02-14'),
(138,131,'2025-04-28'),
(138,135,'2025-04-04'),
(139,1,'2025-01-16'),
(139,52,'2025-01-03'),
(139,70,'2025-04-11'),
(139,86,'2025-01-18'),
(139,117,'2025-01-07'),
(140,1,'2025-04-21'),
(140,18,'2025-01-05'),
(140,66,'2025-03-23'),
(140,103,'2025-03-22'),
(140,110,'2025-01-01'),
(140,131,'2025-02-10'),
(140,146,'2025-01-31'),
(141,67,'2025-04-18'),
(141,75,'2025-01-02'),
(141,100,'2025-01-12'),
(142,30,'2025-03-25'),
(142,50,'2025-03-28'),
(142,69,'2025-04-27'),
(142,109,'2025-02-15'),
(142,130,'2025-03-09'),
(142,131,'2025-04-14'),
(143,28,'2025-05-05'),
(143,41,'2025-04-07'),
(143,43,'2025-02-01'),
(143,54,'2025-03-27'),
(143,64,'2025-01-17'),
(143,117,'2025-03-03'),
(143,119,'2025-01-15'),
(143,121,'2025-02-16'),
(143,129,'2025-04-04'),
(143,146,'2025-02-09'),
(144,75,'2025-04-10'),
(144,108,'2025-03-26'),
(144,109,'2025-03-05'),
(144,119,'2025-03-24'),
(144,126,'2025-05-04'),
(144,128,'2025-04-13'),
(144,133,'2025-01-20'),
(145,47,'2025-04-01'),
(145,132,'2025-04-23'),
(145,137,'2025-03-29'),
(145,139,'2025-02-19'),
(146,2,'2025-02-04'),
(146,3,'2025-05-06'),
(146,40,'2025-01-15'),
(146,97,'2025-01-27'),
(146,144,'2025-05-03'),
(147,8,'2025-05-07'),
(147,22,'2025-03-29'),
(147,30,'2025-01-06'),
(147,32,'2025-01-04'),
(147,40,'2025-01-06'),
(147,68,'2025-03-11'),
(147,106,'2025-02-02'),
(147,107,'2025-04-22'),
(147,123,'2025-04-19'),
(147,130,'2025-02-17'),
(148,14,'2025-01-03'),
(148,120,'2025-04-10'),
(148,129,'2025-01-15'),
(148,134,'2025-01-20'),
(148,141,'2025-02-18'),
(149,9,'2025-04-13'),
(149,27,'2025-03-21'),
(149,49,'2025-03-11'),
(149,134,'2025-01-13'),
(150,6,'2025-04-25'),
(150,16,'2025-03-29'),
(150,20,'2025-01-26'),
(150,33,'2025-04-13'),
(150,47,'2025-03-07'),
(150,81,'2025-02-25');
/*!40000 ALTER TABLE `room_join` ENABLE KEYS */;
UNLOCK TABLES;

--
-- Table structure for table `statistik_kreator`
--

DROP TABLE IF EXISTS `statistik_kreator`;
/*!40101 SET @saved_cs_client     = @@character_set_client */;
/*!40101 SET character_set_client = utf8mb4 */;
CREATE TABLE `statistik_kreator` (
  `user_id` int(11) DEFAULT NULL,
  `pap_count` bigint(21) DEFAULT NULL,
  `lens_count` bigint(21) DEFAULT NULL
) ENGINE=InnoDB DEFAULT CHARSET=latin1 COLLATE=latin1_swedish_ci;
/*!40101 SET character_set_client = @saved_cs_client */;

--
-- Dumping data for table `statistik_kreator`
--

LOCK TABLES `statistik_kreator` WRITE;
/*!40000 ALTER TABLE `statistik_kreator` DISABLE KEYS */;
INSERT INTO `statistik_kreator` (`user_id`, `pap_count`, `lens_count`) VALUES (1,1,1),
(2,1,1),
(3,2,1),
(4,3,2),
(6,2,1),
(8,2,1),
(9,0,1),
(10,1,2),
(13,1,1),
(14,2,2),
(16,3,3),
(18,1,2),
(19,1,1),
(20,0,2),
(24,1,2),
(25,5,6),
(27,2,2),
(28,2,4),
(30,0,2),
(31,0,1),
(32,2,3),
(33,3,2),
(34,0,1),
(35,2,2),
(36,0,1),
(37,1,2),
(38,0,2),
(40,0,1),
(41,9,15),
(43,1,3),
(44,0,1),
(45,1,1),
(46,0,3),
(47,1,1),
(48,0,2),
(49,1,2),
(50,2,2),
(51,1,2),
(52,22,33),
(53,0,1),
(55,2,2),
(56,2,1),
(58,1,2),
(59,1,1),
(63,1,1),
(64,2,2),
(65,2,2),
(66,0,1),
(67,0,2),
(69,1,1),
(70,2,1),
(72,0,2),
(73,1,1),
(74,0,1),
(75,0,1),
(76,2,1),
(77,6,3),
(78,0,1),
(79,0,1),
(83,3,1),
(85,2,2),
(86,1,3),
(87,1,1),
(88,3,3),
(89,1,1),
(90,2,1),
(91,0,2),
(92,2,1),
(94,0,2),
(95,1,1),
(96,4,4),
(98,1,2),
(99,1,2),
(100,0,1),
(101,1,1),
(102,1,1),
(103,2,3),
(104,1,2),
(106,0,1),
(107,1,1),
(108,6,2),
(109,0,1),
(112,2,1),
(114,0,2),
(115,1,2),
(116,4,5),
(117,0,1),
(118,0,1),
(119,4,4),
(120,0,1),
(122,2,1),
(123,0,2),
(124,2,3),
(126,0,3),
(127,0,1),
(128,0,1),
(129,1,1),
(130,3,1),
(131,1,1),
(132,1,2),
(133,4,3),
(134,20,24),
(135,1,1),
(136,1,1),
(137,1,1),
(138,1,1),
(139,0,1),
(141,2,2),
(142,2,1),
(143,2,4),
(144,2,2),
(145,2,3),
(146,1,2),
(148,3,2),
(149,1,1),
(150,0,1);
/*!40000 ALTER TABLE `statistik_kreator` ENABLE KEYS */;
UNLOCK TABLES;

--
-- Table structure for table `subscription`
--

DROP TABLE IF EXISTS `subscription`;
/*!40101 SET @saved_cs_client     = @@character_set_client */;
/*!40101 SET character_set_client = utf8mb4 */;
CREATE TABLE `subscription` (
  `subscription_number` int(11) NOT NULL AUTO_INCREMENT,
  `user_id` int(11) NOT NULL CHECK (`user_id` > 0),
  `subscribe_date` date NOT NULL,
  `expire_date` date NOT NULL,
  `status` enum('active','inactive') NOT NULL DEFAULT 'active',
  PRIMARY KEY (`subscription_number`,`user_id`),
  KEY `RA_SUBSCRIPTION_USER` (`user_id`),
  CONSTRAINT `RA_SUBSCRIPTION_USER` FOREIGN KEY (`user_id`) REFERENCES `user` (`user_id`) ON DELETE CASCADE
) ENGINE=InnoDB AUTO_INCREMENT=229 DEFAULT CHARSET=latin1 COLLATE=latin1_swedish_ci;
/*!40101 SET character_set_client = @saved_cs_client */;

--
-- Dumping data for table `subscription`
--

LOCK TABLES `subscription` WRITE;
/*!40000 ALTER TABLE `subscription` DISABLE KEYS */;
INSERT INTO `subscription` (`subscription_number`, `user_id`, `subscribe_date`, `expire_date`, `status`) VALUES (1,115,'2025-01-27','2025-07-27','active'),
(2,79,'2025-03-16','2025-09-16','active'),
(3,39,'2025-03-14','2026-01-14','active'),
(4,84,'2025-01-17','2025-04-17','inactive'),
(5,144,'2025-05-15','2026-05-15','active'),
(6,146,'2025-04-13','2025-06-13','active'),
(7,127,'2025-01-29','2026-01-29','active'),
(8,93,'2025-04-26','2025-08-26','active'),
(9,3,'2025-02-18','2025-03-18','inactive'),
(10,55,'2025-05-10','2025-11-10','active'),
(11,77,'2025-01-03','2025-02-03','inactive'),
(12,137,'2025-02-17','2025-08-17','active'),
(13,123,'2025-03-18','2026-02-18','active'),
(14,109,'2025-04-08','2026-03-08','active'),
(15,55,'2025-01-27','2025-02-27','inactive'),
(16,87,'2025-02-11','2026-01-11','active'),
(17,12,'2025-01-01','2025-05-01','inactive'),
(18,110,'2025-02-05','2025-04-05','inactive'),
(19,37,'2025-01-04','2026-01-04','active'),
(20,65,'2025-03-25','2025-06-25','active'),
(21,34,'2025-03-08','2025-07-08','active'),
(22,131,'2025-03-12','2026-02-12','active'),
(23,125,'2025-03-05','2025-12-05','active'),
(24,67,'2025-01-12','2025-09-12','active'),
(25,71,'2025-01-28','2025-03-28','inactive'),
(26,108,'2025-05-02','2025-06-02','active'),
(27,54,'2025-01-16','2025-05-16','active'),
(28,58,'2025-05-05','2025-11-05','active'),
(29,45,'2025-03-16','2025-06-16','active'),
(30,89,'2025-02-18','2025-03-18','inactive'),
(31,119,'2025-01-05','2025-12-05','active'),
(32,20,'2025-04-05','2025-07-05','active'),
(33,78,'2025-05-15','2026-04-15','active'),
(34,29,'2025-05-15','2025-07-15','active'),
(35,111,'2025-01-25','2025-09-25','active'),
(36,80,'2025-04-12','2025-07-12','active'),
(37,96,'2025-01-19','2025-10-19','active'),
(38,81,'2025-03-27','2025-06-27','active'),
(39,92,'2025-02-18','2025-10-18','active'),
(40,33,'2025-02-14','2025-12-14','active'),
(41,128,'2025-05-07','2026-01-07','active'),
(42,82,'2025-02-28','2025-07-28','active'),
(43,16,'2025-02-13','2025-10-13','active'),
(44,24,'2025-02-06','2025-07-06','active'),
(45,61,'2025-02-02','2025-03-02','inactive'),
(46,150,'2025-01-30','2026-01-30','active'),
(47,99,'2025-03-14','2026-03-14','active'),
(48,113,'2025-04-18','2026-03-18','active'),
(49,63,'2025-02-27','2025-10-27','active'),
(50,70,'2025-04-10','2026-03-10','active'),
(51,14,'2025-04-30','2026-02-28','active'),
(52,72,'2025-04-06','2026-04-06','active'),
(53,75,'2025-03-19','2025-12-19','active'),
(54,58,'2025-02-17','2025-04-17','inactive'),
(55,44,'2025-04-26','2026-04-26','active'),
(56,47,'2025-04-09','2025-09-09','active'),
(57,69,'2025-01-17','2025-10-17','active'),
(58,86,'2025-05-04','2025-07-04','active'),
(59,114,'2025-03-21','2025-04-21','inactive'),
(60,85,'2025-01-20','2025-02-20','inactive'),
(61,41,'2025-03-10','2025-12-10','active'),
(62,52,'2025-03-07','2025-06-07','active'),
(63,19,'2025-02-10','2025-04-10','inactive'),
(64,8,'2025-04-29','2025-05-29','active'),
(65,83,'2025-01-29','2025-12-29','active'),
(66,100,'2025-05-12','2026-04-12','active'),
(67,140,'2025-02-27','2025-04-27','inactive'),
(68,135,'2025-04-24','2025-10-24','active'),
(69,7,'2025-01-18','2026-01-18','active'),
(70,122,'2025-03-15','2025-11-15','active'),
(71,53,'2025-01-16','2025-06-16','active'),
(72,21,'2025-01-26','2025-02-26','inactive'),
(73,1,'2025-04-30','2025-11-30','active'),
(74,116,'2025-04-15','2025-05-15','inactive'),
(75,147,'2025-05-08','2025-10-08','active'),
(76,50,'2025-04-23','2025-06-23','active'),
(77,91,'2025-01-31','2025-02-28','inactive'),
(78,6,'2025-01-13','2025-09-13','active'),
(79,12,'2025-05-12','2025-11-12','active'),
(80,143,'2025-05-11','2025-08-11','active'),
(81,35,'2025-05-11','2026-01-11','active'),
(82,98,'2025-01-14','2025-09-14','active'),
(83,149,'2025-05-11','2025-11-11','active'),
(84,42,'2025-05-01','2026-03-01','active'),
(85,77,'2025-04-03','2025-12-03','active'),
(86,64,'2025-04-01','2026-04-01','active'),
(87,27,'2025-03-08','2026-01-08','active'),
(88,26,'2025-03-10','2025-06-10','active'),
(89,36,'2025-04-18','2025-12-18','active'),
(90,11,'2025-04-08','2026-02-08','active'),
(91,5,'2025-04-27','2025-08-27','active'),
(92,117,'2025-03-22','2025-04-22','inactive'),
(93,120,'2025-03-05','2025-08-05','active'),
(94,118,'2025-03-30','2025-07-30','active'),
(95,23,'2025-04-25','2026-01-25','active'),
(96,59,'2025-04-07','2025-12-07','active'),
(97,97,'2025-03-28','2025-12-28','active'),
(98,18,'2025-02-09','2025-03-09','inactive'),
(99,30,'2025-02-21','2025-12-21','active'),
(100,2,'2025-04-11','2025-12-11','active'),
(101,76,'2025-02-09','2025-08-09','active'),
(102,145,'2025-02-27','2025-11-27','active'),
(103,17,'2025-03-13','2025-10-13','active'),
(104,44,'2025-02-05','2025-04-05','inactive'),
(105,9,'2025-05-07','2025-12-07','active'),
(106,43,'2025-02-22','2025-03-22','inactive'),
(107,51,'2025-04-08','2026-02-08','active'),
(108,60,'2025-02-04','2025-04-04','inactive'),
(109,13,'2025-05-11','2025-08-11','active'),
(110,126,'2025-01-07','2025-07-07','active'),
(111,46,'2025-04-19','2025-07-19','active'),
(112,28,'2025-02-22','2025-12-22','active'),
(113,88,'2025-05-13','2026-05-13','active'),
(114,107,'2025-03-13','2026-03-13','active'),
(115,91,'2025-05-05','2025-10-05','active'),
(116,4,'2025-01-06','2025-06-06','active'),
(117,49,'2025-04-07','2026-02-07','active'),
(118,106,'2025-02-28','2025-09-28','active'),
(119,138,'2025-01-21','2025-04-21','inactive'),
(120,121,'2025-03-09','2025-11-09','active'),
(121,61,'2025-05-03','2026-05-03','active'),
(122,25,'2025-03-28','2026-01-28','active'),
(123,90,'2025-04-12','2025-11-12','active'),
(124,130,'2025-03-25','2026-03-25','active'),
(125,142,'2025-01-04','2025-05-04','inactive'),
(126,38,'2025-05-07','2025-12-07','active'),
(127,73,'2025-05-06','2026-04-06','active'),
(128,68,'2025-03-29','2025-12-29','active'),
(129,32,'2025-04-14','2026-03-14','active'),
(130,147,'2025-01-29','2025-02-28','inactive'),
(131,3,'2025-04-30','2025-10-30','active'),
(132,62,'2025-01-21','2025-05-21','active'),
(133,140,'2025-05-13','2025-08-13','active'),
(134,102,'2025-05-02','2026-04-02','active'),
(135,60,'2025-05-06','2025-07-06','active'),
(136,110,'2025-04-23','2025-12-23','active'),
(137,138,'2025-05-11','2025-09-11','active'),
(138,57,'2025-01-16','2025-02-16','inactive'),
(139,57,'2025-03-11','2025-10-11','active'),
(140,132,'2025-01-11','2025-04-11','inactive'),
(141,129,'2025-01-31','2025-05-31','active'),
(142,134,'2025-04-09','2025-10-09','active'),
(143,145,'2025-01-06','2025-02-06','inactive'),
(144,40,'2025-03-16','2025-08-16','active'),
(145,23,'2025-01-24','2025-02-24','inactive'),
(146,136,'2025-04-26','2026-03-26','active'),
(147,141,'2025-03-13','2025-08-13','active'),
(148,95,'2025-01-29','2025-08-29','active'),
(149,148,'2025-01-13','2025-09-13','active'),
(150,22,'2025-04-24','2025-06-24','active'),
(151,94,'2025-04-21','2026-01-21','active'),
(152,139,'2025-04-10','2025-09-10','active'),
(153,42,'2025-01-12','2025-03-12','inactive'),
(154,117,'2025-05-15','2025-06-15','active'),
(155,66,'2025-02-15','2026-01-15','active'),
(156,21,'2025-03-04','2025-08-04','active'),
(157,105,'2025-01-03','2025-02-03','inactive'),
(158,88,'2025-03-28','2025-04-28','inactive'),
(159,132,'2025-04-22','2025-12-22','active'),
(160,48,'2025-01-19','2025-04-19','inactive'),
(161,82,'2025-01-23','2025-02-23','inactive'),
(162,68,'2025-01-12','2025-02-12','inactive'),
(163,101,'2025-03-20','2025-11-20','active'),
(164,124,'2025-05-01','2026-03-01','active'),
(165,114,'2025-05-02','2025-08-02','active'),
(166,56,'2025-04-23','2026-02-23','active'),
(167,5,'2025-03-05','2025-04-05','inactive'),
(168,10,'2025-03-04','2025-09-04','active'),
(169,103,'2025-05-05','2026-01-05','active'),
(170,35,'2025-02-28','2025-03-28','inactive'),
(171,31,'2025-04-15','2026-02-15','active'),
(172,105,'2025-05-11','2025-08-11','active'),
(173,133,'2025-03-04','2025-12-04','active'),
(174,27,'2025-01-06','2025-02-06','inactive'),
(175,74,'2025-02-12','2025-09-12','active'),
(176,29,'2025-04-06','2025-05-06','inactive'),
(177,5,'2025-01-03','2025-03-03','inactive'),
(178,144,'2025-02-04','2025-03-04','inactive'),
(179,85,'2025-02-22','2026-01-22','active'),
(180,9,'2025-01-25','2025-02-25','inactive'),
(181,149,'2025-02-04','2025-05-04','inactive'),
(182,15,'2025-04-06','2025-12-06','active'),
(183,84,'2025-04-29','2026-04-29','active'),
(184,43,'2025-05-13','2026-02-13','active'),
(185,48,'2025-05-10','2026-02-10','active'),
(186,18,'2025-05-15','2025-07-15','active'),
(187,71,'2025-04-19','2025-08-19','active'),
(188,142,'2025-05-10','2026-04-10','active'),
(189,56,'2025-02-12','2025-03-12','inactive'),
(190,36,'2025-01-13','2025-02-13','inactive'),
(191,104,'2025-04-08','2026-02-08','active'),
(192,1,'2025-01-22','2025-03-22','inactive'),
(193,124,'2025-01-17','2025-04-17','inactive'),
(194,100,'2025-02-02','2025-03-02','inactive'),
(195,90,'2025-01-06','2025-02-06','inactive'),
(196,93,'2025-01-03','2025-04-03','inactive'),
(197,26,'2025-01-07','2025-03-07','inactive'),
(198,89,'2025-05-02','2025-06-02','active'),
(199,80,'2025-02-04','2025-04-04','inactive'),
(200,59,'2025-01-24','2025-03-24','inactive'),
(201,134,'2025-02-01','2025-04-01','inactive'),
(202,137,'2025-01-07','2025-02-07','inactive'),
(203,91,'2025-03-18','2025-04-18','inactive'),
(204,109,'2025-01-29','2025-02-28','inactive'),
(205,78,'2025-04-06','2025-05-06','inactive'),
(206,112,'2025-04-23','2026-02-23','active'),
(207,94,'2025-03-19','2025-04-19','inactive'),
(208,78,'2025-01-30','2025-02-28','inactive'),
(209,97,'2025-01-25','2025-03-25','inactive'),
(210,19,'2025-04-17','2025-05-17','active'),
(211,102,'2025-01-19','2025-03-19','inactive'),
(212,114,'2025-02-20','2025-03-20','inactive'),
(213,130,'2025-01-25','2025-02-25','inactive'),
(214,47,'2025-01-11','2025-02-11','inactive'),
(215,68,'2025-02-20','2025-03-20','inactive'),
(216,36,'2025-03-04','2025-04-04','inactive'),
(217,2,'2025-01-23','2025-03-23','inactive'),
(218,72,'2025-01-20','2025-03-20','inactive'),
(219,64,'2025-02-11','2025-03-11','inactive'),
(220,73,'2025-01-20','2025-04-20','inactive'),
(221,20,'2025-01-15','2025-02-15','inactive'),
(222,112,'2025-01-26','2025-03-26','inactive'),
(223,50,'2025-01-05','2025-03-05','inactive'),
(224,143,'2025-02-05','2025-05-05','inactive'),
(225,105,'2025-02-28','2025-04-28','inactive'),
(226,120,'2025-01-18','2025-02-18','inactive'),
(227,86,'2025-02-22','2025-04-22','inactive'),
(228,70,'2025-01-01','2025-03-01','inactive');
/*!40000 ALTER TABLE `subscription` ENABLE KEYS */;
UNLOCK TABLES;

--
-- Temporary table structure for view `top10_users_by_lens_usage`
--

DROP TABLE IF EXISTS `top10_users_by_lens_usage`;
/*!50001 DROP VIEW IF EXISTS `top10_users_by_lens_usage`*/;
SET @saved_cs_client     = @@character_set_client;
SET character_set_client = utf8mb4;
/*!50001 CREATE VIEW `top10_users_by_lens_usage` AS SELECT
 1 AS `username`,
  1 AS `total_snap_with_lens`,
  1 AS `total_distinct_lens_used` */;
SET character_set_client = @saved_cs_client;

--
-- Table structure for table `user`
--

DROP TABLE IF EXISTS `user`;
/*!40101 SET @saved_cs_client     = @@character_set_client */;
/*!40101 SET character_set_client = utf8mb4 */;
CREATE TABLE `user` (
  `user_id` int(11) NOT NULL AUTO_INCREMENT,
  `email` varchar(100) NOT NULL,
  `password` varchar(100) NOT NULL CHECK (`password` <> ''),
  `username` varchar(50) NOT NULL CHECK (`username` <> ''),
  `telp_num` varchar(15) DEFAULT NULL CHECK (`telp_num` <> ''),
  `birthdate` date DEFAULT NULL,
  `date_created` date NOT NULL,
  `level_id` int(11) DEFAULT NULL,
  PRIMARY KEY (`user_id`),
  UNIQUE KEY `email` (`email`),
  KEY `RA_USER_LENSLEVEL` (`level_id`),
  CONSTRAINT `RA_USER_LENSLEVEL` FOREIGN KEY (`level_id`) REFERENCES `lens_level` (`level_id`) ON DELETE SET NULL,
  CONSTRAINT `CK_EMAIL_VALID` CHECK (`email` like '%_@_%.com')
) ENGINE=InnoDB AUTO_INCREMENT=151 DEFAULT CHARSET=latin1 COLLATE=latin1_swedish_ci;
/*!40101 SET character_set_client = @saved_cs_client */;

--
-- Dumping data for table `user`
--

LOCK TABLES `user` WRITE;
/*!40000 ALTER TABLE `user` DISABLE KEYS */;
INSERT INTO `user` (`user_id`, `email`, `password`, `username`, `telp_num`, `birthdate`, `date_created`, `level_id`) VALUES (1,'tiffanygutierrez@example.com','ZrXk4BmN%L','shaun17','08886683063','1962-03-10','2022-07-15',0),
(2,'william62@example.com','HNHWJhdd+6','turnernatalie','08106596572','1996-08-17','2024-08-31',0),
(3,'armstrongmark@example.com','Cj1WTTiib!','willie69','08481592174','2000-11-13','2021-03-18',0),
(4,'alexandrabowman@microsoft.com','rRz90*qxf!','kristencarrillo','08693086116','1995-09-26','2021-09-23',0),
(5,'williamchang@itb.com','tJ39UqcE(h','williamjones','08102675919','1977-08-14','2023-08-06',NULL),
(6,'jwells@example.com','1gxO#yWd*V','kristin79','08589220747','1979-08-19','2021-01-30',0),
(7,'bowenjennifer@yahoo.com','^2P_Bxj9Su','annenoble','08527981626','1958-09-15','2022-09-11',NULL),
(8,'daniel65@example.com','k)5p)0CyF+','wesleyhall','08597451714','1997-10-29','2023-11-29',0),
(9,'jharris@rocket.com','A#W9WguBu*','sholmes','08130345805','1981-10-07','2021-02-24',0),
(10,'cunninghamscott@example.com','45V5hMxQ+R','curtis61','08911075243','1970-10-10','2023-04-04',0),
(11,'sierraho@gmail.com','G9OSH@rf*Z','murphygregory','08290493547','1976-04-22','2024-11-06',NULL),
(12,'maria83@example.com','E&2SPikJEp','lopezmichelle','08750986955','1978-05-23','2022-09-03',NULL),
(13,'ashleyhorn@hostinger.com','gXo7^p#o5)','heathashley','08787546814','1955-10-27','2023-10-09',0),
(14,'pearsonchristina@example.com','!6rlHdVgq5','scottlowery','08340767403','1965-10-12','2022-09-30',0),
(15,'oevans@ambatu.com','_92STxpVU6','lindanguyen','08847726226','1982-12-24','2021-11-16',NULL),
(16,'gregory33@example.com','@fX0PJp!Mv','jessicagarcia','08979445076','1967-02-10','2023-03-15',0),
(17,'jesus02@example.com','M15QyiPkG_','johnwhite','08563384423','1985-03-05','2020-07-15',NULL),
(18,'hnunez@example.com','*ZsChQjz4M','jeffreyyoung','08151897480','1956-02-05','2022-09-15',0),
(19,'mgregory@goole.com','D@w(F7we3L','rhudson','08599637840','2005-06-22','2021-05-15',0),
(20,'zthomas@example.com','&YAY#hYqZ5','shelby98','08656326669','1977-01-09','2023-01-03',0),
(21,'fjohnson@yahoo.com','_kR5kS&lJT','wreynolds','08732306277','1954-07-28','2022-02-01',NULL),
(22,'kristengarcia@itb.com','h(o5MVWtS#','icortez','08098123662','1987-07-28','2020-01-19',NULL),
(23,'bakersamuel@example.com','_%2Jv4LfoT','valeriedaniel','08860465870','1969-06-02','2021-06-01',NULL),
(24,'lanekim@microsoft.com','*SYucU+#49','burnsnathan','08838278472','1967-05-25','2020-04-03',0),
(25,'erika00@example.com','d$JC28Bn1s','mcbridegarrett','08412163911','1967-01-02','2021-05-24',0),
(26,'edward89@ambatu.com','v5JL#Ulh^R','fharris','08453244684','2004-01-22','2022-04-16',NULL),
(27,'gary99@example.com','nai3lFci#u','michelle12','08451220716','1979-11-28','2021-09-02',0),
(28,'brownmichael@gmail.com','o7ZVxbgo$6','bakerangela','08171301575','1962-02-25','2020-08-13',0),
(29,'sherryjefferson@example.com','M)m9Pe%QK2','jeremyrodriguez','08191777527','1969-07-22','2024-01-25',NULL),
(30,'hendrickskirsten@rocket.com','h8TS1Hjr+7','qfrazier','08134772104','1960-12-20','2022-08-07',0),
(31,'usullivan@example.com','!4QWHeCQ3E','mathew03','08065566360','1980-11-01','2021-12-27',0),
(32,'munozrobert@outlook.com','!P_hg*MBa7','guzmanjeffrey','08803153036','1955-06-11','2024-07-02',0),
(33,'oestrada@example.com','#@yWscIq6)','justinmartinez','08663043542','1963-11-27','2021-06-15',0),
(34,'debra92@badapple.com','#m2E8Il63L','robin05','08269405710','1994-10-17','2023-07-29',0),
(35,'juliehayes@example.com','l$SUbGp2^0','ronald93','08243898578','1963-02-27','2020-04-06',0),
(36,'cberry@almarhum.com','_QIPenUj&4','jessica88','08334079996','2002-03-22','2023-07-14',0),
(37,'rwatkins@example.com','_0O6Hq3L+j','smartinez','08735340305','1980-05-02','2023-06-03',0),
(38,'ralph04@asisten.com','^1XM#yelbp','anthonykelley','08306400846','1961-08-30','2022-05-05',0),
(39,'smithtoni@example.com','J#NUby!V*6','angelahester','08058870005','2002-01-07','2024-10-27',NULL),
(40,'cindy30@example.com','Vay5Yfck$1','daviscrystal','08762651385','1994-12-27','2022-12-26',0),
(41,'droberts@bustdat.com','+HEJzH1yJ3','matthewneal','08833276442','2001-12-24','2020-05-05',1),
(42,'james06@example.com','V&8%7PqGDt','lewisbrandon','08888314158','2003-08-06','2020-02-26',NULL),
(43,'mchapman@ambatu.com','(a)r6Jk8yT','dmitchell','08148934092','1986-05-04','2021-03-16',0),
(44,'davidrichard@example.com','@PRkiw*b5$','anthonymorgan','08939870432','1984-09-16','2024-01-01',0),
(45,'helenrichardson@google.com','M3JdIGNtG&','beckdaniel','08870021676','1977-09-19','2020-01-05',0),
(46,'michael42@example.com','VFC60LxcJ_','drewhayes','08167926862','1985-07-16','2024-09-01',0),
(47,'james69@itb.com','_5ODc&f5hU','ashley80','08492828860','1964-05-22','2020-02-08',0),
(48,'hannah71@example.com','$O4RW5i@b!','ndavis','08505761928','1978-10-30','2024-02-01',0),
(49,'ochoaeugene@yahoo.com','tEG5mJFg+!','morganjasmine','08607875672','1996-08-11','2022-10-15',0),
(50,'kellyapril@example.com','k*u4UolGnP','sonyalane','08705087464','1964-02-17','2024-07-10',0),
(51,'nicholasmcpherson@gamplai.com','2WtJem)5@+','susan76','08556152422','1975-05-07','2020-05-06',0),
(52,'moraerin@example.com','1)y3Siwm9B','richardchandler','08457176714','2002-06-16','2021-03-29',3),
(53,'aprilhughes@google.com','bE@6%mXhFr','jamespatricia','08859468982','2001-10-15','2022-07-15',0),
(54,'dsanders@example.com','%ZFC09n2^5','stephensallen','08912398865','2001-08-06','2022-03-01',NULL),
(55,'kbaker@example.com','H5W6pFFp&%','owright','08493735818','1986-02-16','2020-02-03',0),
(56,'tiffany62@gmail.com','3+pxMrz_(1','victoria31','08043863065','1976-05-02','2021-06-29',0),
(57,'changabriel@example.com','mi8$V3nHD^','robert25','08272513516','1966-08-26','2021-07-26',NULL),
(58,'gomezjoshua@facebook.com','_s14FnkCxR','meaganreed','08906787117','1957-06-25','2022-08-07',0),
(59,'tgibbs@example.com','&@4ALh_jCn','swolfe','08356184281','2005-05-31','2024-06-08',0),
(60,'jacksonmatthew@youtube.com','(F^1Y(a^+@','tracy33','08426907996','1961-04-02','2021-08-28',NULL),
(61,'jenniferrussell@example.com','(Jf28nNo%X','millerkendra','08211209963','2003-04-16','2020-01-18',NULL),
(62,'andreawarner@outlook.com','SYYn5CwzO#','mcmahonjulie','08748623041','1983-12-15','2022-05-15',NULL),
(63,'roy94@example.com','n*j^2yExal','stephanieduke','08803104199','1999-02-03','2024-02-16',0),
(64,'cynthia82@hostinger.com','3yzpLwaP@3','janetholmes','08182252236','1966-04-20','2024-01-29',0),
(65,'emilygutierrez@example.com','*Hm3qQFx62','davidmurray','08947794190','1960-05-08','2025-01-01',0),
(66,'andrew86@surya.com','10ECrWiN^S','jeremy02','08548340781','1975-08-31','2022-01-22',0),
(67,'lisa90@example.com','Cx(G0Gfj_1','amanda99','08468307696','1974-01-10','2021-10-07',0),
(68,'alan00@rocket.com','2E8cUB^q%n','melody77','08226489731','1981-12-12','2023-10-17',NULL),
(69,'catherine41@example.com','i7R13ZhUq+','qturner','08258058578','1983-03-25','2022-02-02',0),
(70,'angelalopez@outlook.com','6)4Lege%*q','wilsonsean','08012669060','1992-02-18','2025-02-10',0),
(71,'alan56@example.com','W)1sgMvmi+','whitesara','08741142544','1979-08-01','2021-12-04',NULL),
(72,'sarahkelly@ai.com','%f0Gbdel(u','smithkelsey','08759472961','1997-07-29','2020-09-04',0),
(73,'sharonfreeman@labpro.com','L+R2NHIh#Q','bjones','08858403834','1974-08-16','2021-10-03',0),
(74,'chasedana@example.com','B4CKssI8&4','halekelly','08420791024','1983-08-28','2023-06-21',0),
(75,'nicholasmullins@example.com','j9iD0)Ka@x','clineclaire','08259913328','1985-10-07','2020-03-23',0),
(76,'lewistroy@sister.com',')*L&g5CdqD','nflores','08198285542','1963-09-11','2021-10-18',0),
(77,'leemichael@example.com','WZ5Y0N6qw&','ariel56','08707549610','1963-12-02','2021-11-04',0),
(78,'crossjennifer@cisco.com','6@0vHEUnD#','silvatroy','08823981569','1975-01-27','2024-05-28',0),
(79,'jason62@example.com','e2yOk7tf_l','antoniojohnson','08901987088','1991-12-01','2024-12-23',0),
(80,'sowens@asisten.com','%(PZT)29z9','rhondapratt','08118714372','1963-02-13','2022-07-06',NULL),
(81,'robert28@example.com',')Gl18U7ar$','veronica97','08361020887','1954-10-11','2023-03-30',NULL),
(82,'mbass@youtube.com','DL4Dutmri)','fhansen','08818958402','1972-03-17','2024-02-01',NULL),
(83,'theresa09@example.com','$ACB62lwr9','christophermiller','08674899938','1956-11-03','2021-05-09',0),
(84,'jason74@facebook.com','@ZF6WTWm12','brandon72','08400052330','1979-11-02','2023-04-10',NULL),
(85,'kenneth37@example.com','rg0@(SHlf@','mark07','08275330000','2000-07-20','2022-09-27',0),
(86,'andreahunter@google.com','O5rhwnYu!M','annestone','08258375190','1956-09-10','2024-04-11',0),
(87,'kennethtorres@example.com','dSnTJ5IP(6','kyle68','08937321324','2006-11-24','2023-09-30',0),
(88,'pmccormick@outlook.com','&5jhlJ+lzS','rmaxwell','08638065108','1989-04-05','2025-02-22',0),
(89,'haileysexton@example.com','a$0L%0YawD','wesley56','08484338768','1974-01-03','2023-12-11',0),
(90,'browngary@itb.com','@RSXnOk5@4','brandy68','08120531816','1970-10-19','2022-11-26',0),
(91,'lisa44@example.com','%v#9Kh^65#','sheilagilmore','08802105321','1980-07-04','2021-10-22',0),
(92,'lwebster@gamplai.com','yfJShq6*_8','ortizbrooke','08597156934','1992-06-13','2023-11-11',0),
(93,'bennettcurtis@example.com','bwq2TgU%!&','hernandezsue','08790336767','1956-08-20','2020-10-13',NULL),
(94,'xobrien@tungtungtung.com','+e1Sps)n2V','kmiller','08872638531','1982-03-25','2020-12-18',0),
(95,'nuneztodd@example.com','XB8SWbj&V$','floresbeth','08959268374','1971-01-03','2023-07-31',0),
(96,'fshelton@ambatu.com','_1DHbsX9eM','ulewis','08348370855','1971-10-08','2020-04-15',0),
(97,'shawn27@example.com','Im9R^sWv#8','hpadilla','08678720921','1974-10-08','2021-06-04',NULL),
(98,'qpatel@aworawor.com','0E1XdCCh)0','harrisoncheryl','08253633596','1962-04-08','2024-09-15',0),
(99,'amandajordan@example.com','f#@rlVCi^4','jason15','08352106039','1995-03-25','2023-05-06',0),
(100,'lori95@yusuf.com','0uN2Up!m)h','kwilson','08657832105','2004-01-01','2021-06-29',0),
(101,'amandahouston@example.com','Bp4ZLY1EZ+','davidbailey','08519656002','1984-01-04','2020-01-01',0),
(102,'joanne84@example.com','(y0OpYOjH(','ewest','08467483180','2005-05-01','2022-06-30',0),
(103,'amandalamb@hostinger.com','A9S!XU6k&x','gilmorejerry','08518132041','1985-09-25','2023-02-18',0),
(104,'hkeith@example.com','(#H7TRThpx','uayers','08741040054','1975-11-15','2023-12-23',0),
(105,'vjohnson@surya.com','EP2A)n)i$s','jonathanaguilar','08380610121','1980-08-06','2020-03-24',NULL),
(106,'rbeck@example.com','4#!S%jCh&_','sharpkyle','08968577747','1957-02-07','2023-04-19',0),
(107,'brandonbrown@indomaret.com','&_j)0Sx3ry','david14','08521777073','1957-03-14','2023-11-28',0),
(108,'shannon86@gemini.com','^6fXUtrV+8','shawngraham','08684656497','1960-01-15','2023-12-08',0),
(109,'melody96@cursor.com','()4uFcM6)q','robert24','08866444852','1995-05-03','2025-03-05',0),
(110,'qmartinez@chatgpt.com','r5(5VS*k*!','alexcampbell','08861904005','1988-09-05','2023-11-11',NULL),
(111,'carla89@claude.com','#A_8RltzP8','michael85','08080115229','2003-05-02','2021-06-17',NULL),
(112,'tracygilbert@ai.com','h27VTx(i(u','kevin22','08093190107','1983-08-26','2020-08-16',0),
(113,'gwang@example.com','^&nZ5hMywF','erichardson','08564571759','1960-04-05','2024-07-01',NULL),
(114,'saraelliott@labpro.com','QVA9Xrtb+t','matthew53','08719091545','1984-05-09','2021-03-01',0),
(115,'ronald89@sister.com','dY!9LqfSz@','khart','08751883136','1965-02-26','2021-07-17',0),
(116,'nancypeters@facebook.com','GL$7Iu(Y!I','sarah34','08814031995','1966-10-23','2023-07-16',0),
(117,'halebradley@example.com','O7Ep+&H8*Z','deandaniel','08961503800','1982-10-02','2024-02-27',0),
(118,'mcclainscott@gamplai.com','(9y19MPnzk','jenniferryan','08280579300','2003-04-18','2020-08-23',0),
(119,'aramos@example.com','*d*8PvR!fD','rebeccanichols','08399471681','1971-08-01','2023-12-31',0),
(120,'kennethrivera@example.com','1f+$B(X!^g','hendersongrant','08945426512','1995-10-29','2022-08-27',0),
(121,'austin10@example.com','6*u2J8DtGe','buckrachel','08774525323','2003-10-04','2022-04-03',NULL),
(122,'shane85@asisten.com','gI6W%kh**3','davidcoleman','08169569708','1992-07-02','2020-03-09',0),
(123,'mrusso@example.com','))X8D4idC4','morriscameron','08026749839','1957-01-26','2025-01-23',0),
(124,'haroldlowery@bustdat.com','+3PFIPYa54','csantiago','08982747886','1960-07-07','2022-02-17',0),
(125,'donnahall@example.com',')!spKDod8L','khiggins','08388824487','1966-12-12','2021-09-27',NULL),
(126,'madison40@ambatu.com','(^PnH81cf2','abigailmendez','08053850924','1973-01-20','2020-06-27',0),
(127,'sergio16@example.com','+8+Z7MLoVF','ginacox','08240879258','1974-05-22','2022-03-02',0),
(128,'petersaunders@itb.com','!7V@jWlnHW','ogomez','08326291321','1980-04-07','2024-06-17',0),
(129,'brownvanessa@ambatu.com','X%_g8LtA%x','jason35','08973315381','1994-02-16','2024-06-19',0),
(130,'beth03@example.com','IBt3VGMrW(','johnholmes','08205328227','1973-10-28','2021-06-25',0),
(131,'xkelly@example.com','eJ#0D^d2Kf','olivia54','08114382608','1998-08-15','2024-10-30',0),
(132,'fcampbell@gamplai.com','%0tXpRAkOK','fullerbrooke','08937837929','2000-04-30','2023-03-04',0),
(133,'leblancchristy@example.com','Z(2uLMGvW0','edward61','08564182965','1996-04-04','2021-07-06',0),
(134,'zcruz@asisten.com','ornwLAsI@4','emma38','08236346772','1983-09-10','2022-12-27',2),
(135,'brianballard@example.com','I2&j(TLm^9','angela88','08291430770','2005-12-30','2021-07-15',0),
(136,'romanalbert@bustdat.com','x%DO5sYayJ','wpadilla','08327092927','1973-06-01','2021-12-17',0),
(137,'jeff69@example.com','@kdlLg753H','erikgutierrez','08688533202','1969-10-05','2023-09-06',0),
(138,'hendersonpaul@gamplai.com','J12nFxgq*+','raymondflores','08948694011','2004-02-23','2020-07-04',0),
(139,'christopherpatterson@example.com','oxp7G5gb+@','cthomas','08320313651','2000-10-02','2022-08-16',0),
(140,'mercadokeith@rocket.com','Sw+9GCgV+5','morganalan','08240153327','2001-03-25','2025-05-12',NULL),
(141,'perrymarcus@example.com','I^b0Yb(bE)','bryantmelissa','08286659219','1974-08-14','2023-04-18',0),
(142,'toddwalton@ambatu.com','_35Jx2Y^U+','joshuabrennan','08058322510','1968-04-15','2022-11-20',0),
(143,'hjones@example.com','G_6FJEBw!V','thomasjustin','08095644941','1968-12-30','2024-04-05',0),
(144,'jimenezzachary@itb.com','k*0_Wv!z2@','acevedojames','08006300703','2004-05-19','2024-01-01',0),
(145,'mary56@example.com','h1iAXkml)6','nicolenelson','08958473083','1993-03-03','2022-01-19',0),
(146,'johnsongeorge@google.com',')4dE#2G^y2','sierrabailey','08749311043','1973-06-13','2023-02-06',0),
(147,'cwoods@example.com','S3u1QzaM^m','tiffany80','08737806986','1997-10-16','2023-07-17',NULL),
(148,'hhenderson@example.com','0U82LzZd$1','leslie24','08723688879','1966-02-21','2020-10-02',0),
(149,'david60@rocket.com','+78PHGyzZT','krystalrose','08252804004','1968-11-04','2024-09-15',0),
(150,'ostout@example.com','1*2yDj)s^5','davidcline','08110010264','1966-09-20','2020-09-22',0);
/*!40000 ALTER TABLE `user` ENABLE KEYS */;
UNLOCK TABLES;
/*!50003 SET @saved_cs_client      = @@character_set_client */ ;
/*!50003 SET @saved_cs_results     = @@character_set_results */ ;
/*!50003 SET @saved_col_connection = @@collation_connection */ ;
/*!50003 SET character_set_client  = utf8mb4 */ ;
/*!50003 SET character_set_results = utf8mb4 */ ;
/*!50003 SET collation_connection  = utf8mb4_general_ci */ ;
/*!50003 SET @saved_sql_mode       = @@sql_mode */ ;
/*!50003 SET sql_mode              = 'STRICT_TRANS_TABLES,ERROR_FOR_DIVISION_BY_ZERO,NO_AUTO_CREATE_USER,NO_ENGINE_SUBSTITUTION' */ ;
DELIMITER ;;
/*!50003 CREATE*/ /*!50017 DEFINER=`root`@`localhost`*/ /*!50003 TRIGGER trg_user_after_insert
AFTER INSERT ON `User`
FOR EACH ROW
BEGIN
  INSERT INTO Statistik_Kreator (user_id, pap_count, lens_count)
  VALUES (NEW.user_id, 0, 0);
END */;;
DELIMITER ;
/*!50003 SET sql_mode              = @saved_sql_mode */ ;
/*!50003 SET character_set_client  = @saved_cs_client */ ;
/*!50003 SET character_set_results = @saved_cs_results */ ;
/*!50003 SET collation_connection  = @saved_col_connection */ ;
/*!50003 SET @saved_cs_client      = @@character_set_client */ ;
/*!50003 SET @saved_cs_results     = @@character_set_results */ ;
/*!50003 SET @saved_col_connection = @@collation_connection */ ;
/*!50003 SET character_set_client  = utf8mb4 */ ;
/*!50003 SET character_set_results = utf8mb4 */ ;
/*!50003 SET collation_connection  = utf8mb4_general_ci */ ;
/*!50003 SET @saved_sql_mode       = @@sql_mode */ ;
/*!50003 SET sql_mode              = 'STRICT_TRANS_TABLES,ERROR_FOR_DIVISION_BY_ZERO,NO_AUTO_CREATE_USER,NO_ENGINE_SUBSTITUTION' */ ;
DELIMITER ;;
/*!50003 CREATE*/ /*!50017 DEFINER=`root`@`localhost`*/ /*!50003 TRIGGER trg_user_after_update
AFTER UPDATE ON `User`
FOR EACH ROW
BEGIN
  IF NEW.user_id <> OLD.user_id THEN
    UPDATE Statistik_Kreator
       SET user_id = NEW.user_id
     WHERE user_id = OLD.user_id;
  END IF;
END */;;
DELIMITER ;
/*!50003 SET sql_mode              = @saved_sql_mode */ ;
/*!50003 SET character_set_client  = @saved_cs_client */ ;
/*!50003 SET character_set_results = @saved_cs_results */ ;
/*!50003 SET collation_connection  = @saved_col_connection */ ;
/*!50003 SET @saved_cs_client      = @@character_set_client */ ;
/*!50003 SET @saved_cs_results     = @@character_set_results */ ;
/*!50003 SET @saved_col_connection = @@collation_connection */ ;
/*!50003 SET character_set_client  = utf8mb4 */ ;
/*!50003 SET character_set_results = utf8mb4 */ ;
/*!50003 SET collation_connection  = utf8mb4_general_ci */ ;
/*!50003 SET @saved_sql_mode       = @@sql_mode */ ;
/*!50003 SET sql_mode              = 'STRICT_TRANS_TABLES,ERROR_FOR_DIVISION_BY_ZERO,NO_AUTO_CREATE_USER,NO_ENGINE_SUBSTITUTION' */ ;
DELIMITER ;;
/*!50003 CREATE*/ /*!50017 DEFINER=`root`@`localhost`*/ /*!50003 TRIGGER trg_user_after_delete
AFTER DELETE ON `User`
FOR EACH ROW
BEGIN
  DELETE FROM Statistik_Kreator
   WHERE user_id = OLD.user_id;
END */;;
DELIMITER ;
/*!50003 SET sql_mode              = @saved_sql_mode */ ;
/*!50003 SET character_set_client  = @saved_cs_client */ ;
/*!50003 SET character_set_results = @saved_cs_results */ ;
/*!50003 SET collation_connection  = @saved_col_connection */ ;

--
-- Table structure for table `user_snap_stats`
--

DROP TABLE IF EXISTS `user_snap_stats`;
/*!40101 SET @saved_cs_client     = @@character_set_client */;
/*!40101 SET character_set_client = utf8mb4 */;
CREATE TABLE `user_snap_stats` (
  `user_id` int(11) NOT NULL,
  `is_active` tinyint(1) NOT NULL DEFAULT 0,
  `total_snap` int(11) NOT NULL DEFAULT 0,
  PRIMARY KEY (`user_id`),
  CONSTRAINT `user_snap_stats_ibfk_1` FOREIGN KEY (`user_id`) REFERENCES `user` (`user_id`)
) ENGINE=InnoDB DEFAULT CHARSET=latin1 COLLATE=latin1_swedish_ci;
/*!40101 SET character_set_client = @saved_cs_client */;

--
-- Dumping data for table `user_snap_stats`
--

LOCK TABLES `user_snap_stats` WRITE;
/*!40000 ALTER TABLE `user_snap_stats` DISABLE KEYS */;
INSERT INTO `user_snap_stats` (`user_id`, `is_active`, `total_snap`) VALUES (1,1,1),
(3,1,2),
(5,1,4),
(7,1,2),
(8,1,1),
(9,1,2),
(10,1,1),
(11,1,3),
(12,1,1),
(13,1,1),
(14,1,1),
(16,1,6),
(17,1,2),
(18,1,2),
(20,1,3),
(21,1,2),
(22,1,1),
(23,1,1),
(25,1,2),
(26,1,2),
(27,1,1),
(28,1,3),
(30,1,2),
(31,1,1),
(32,1,1),
(33,1,1),
(34,1,2),
(35,1,3),
(36,1,1),
(37,1,1),
(38,1,1),
(41,1,3),
(43,1,2),
(44,1,1),
(45,1,1),
(46,1,2),
(47,1,1),
(48,1,3),
(49,1,1),
(50,1,2),
(51,1,3),
(52,1,2),
(54,1,1),
(57,1,2),
(58,1,1),
(59,1,1),
(60,1,2),
(61,1,3),
(62,1,2),
(63,1,1),
(64,1,3),
(67,1,1),
(68,1,3),
(69,1,1),
(70,1,4),
(74,1,2),
(75,1,1),
(76,1,3),
(80,1,1),
(83,1,2),
(84,1,1),
(85,1,2),
(86,1,1),
(88,1,2),
(89,1,1),
(90,1,3),
(91,1,2),
(92,1,1),
(93,1,1),
(95,1,2),
(97,1,2),
(98,1,3),
(99,1,1),
(100,1,1),
(102,1,2),
(105,1,1),
(107,1,2),
(108,1,2),
(109,1,3),
(110,1,2),
(111,1,1),
(112,1,2),
(114,1,1),
(115,1,1),
(116,1,1),
(117,1,2),
(118,1,4),
(120,1,2),
(122,1,1),
(123,1,1),
(124,1,1),
(125,1,1),
(126,1,2),
(127,1,2),
(129,1,3),
(130,1,3),
(131,1,1),
(133,1,2),
(134,1,2),
(135,1,2),
(136,1,2),
(137,1,1),
(138,1,1),
(140,1,2),
(141,1,1),
(142,1,1),
(143,1,1),
(144,1,2),
(145,1,1),
(146,1,2),
(147,1,1);
/*!40000 ALTER TABLE `user_snap_stats` ENABLE KEYS */;
UNLOCK TABLES;

--
-- Current Database: `papchat`
--

USE `papchat`;

--
-- Final view structure for view `recent_pap`
--

/*!50001 DROP VIEW IF EXISTS `recent_pap`*/;
/*!50001 SET @saved_cs_client          = @@character_set_client */;
/*!50001 SET @saved_cs_results         = @@character_set_results */;
/*!50001 SET @saved_col_connection     = @@collation_connection */;
/*!50001 SET character_set_client      = utf8mb4 */;
/*!50001 SET character_set_results     = utf8mb4 */;
/*!50001 SET collation_connection      = utf8mb4_general_ci */;
/*!50001 CREATE ALGORITHM=UNDEFINED */
/*!50013 DEFINER=`root`@`localhost` SQL SECURITY DEFINER */
/*!50001 VIEW `recent_pap` AS select `p`.`user_id` AS `user_id`,`p`.`room_id` AS `room_id`,`p`.`sent_order` AS `sent_order`,`p`.`lens_id` AS `lens_id`,`p`.`duration` AS `duration`,`p`.`type` AS `type` from (`pap` `p` join `content` `c` on(`p`.`user_id` = `c`.`user_id` and `p`.`room_id` = `c`.`room_id` and `p`.`sent_order` = `c`.`sent_order`)) where `c`.`send_time` >= curdate() - interval 2 year */;
/*!50001 SET character_set_client      = @saved_cs_client */;
/*!50001 SET character_set_results     = @saved_cs_results */;
/*!50001 SET collation_connection      = @saved_col_connection */;

--
-- Final view structure for view `top10_users_by_lens_usage`
--

/*!50001 DROP VIEW IF EXISTS `top10_users_by_lens_usage`*/;
/*!50001 SET @saved_cs_client          = @@character_set_client */;
/*!50001 SET @saved_cs_results         = @@character_set_results */;
/*!50001 SET @saved_col_connection     = @@collation_connection */;
/*!50001 SET character_set_client      = utf8mb4 */;
/*!50001 SET character_set_results     = utf8mb4 */;
/*!50001 SET collation_connection      = utf8mb4_general_ci */;
/*!50001 CREATE ALGORITHM=UNDEFINED */
/*!50013 DEFINER=`root`@`localhost` SQL SECURITY DEFINER */
/*!50001 VIEW `top10_users_by_lens_usage` AS select `u`.`username` AS `username`,count(0) AS `total_snap_with_lens`,count(distinct `p`.`lens_id`) AS `total_distinct_lens_used` from (`pap` `p` join `user` `u` on(`p`.`user_id` = `u`.`user_id`)) where `p`.`lens_id` is not null group by `u`.`user_id`,`u`.`username` order by count(0) desc limit 10 */;
/*!50001 SET character_set_client      = @saved_cs_client */;
/*!50001 SET character_set_results     = @saved_cs_results */;
/*!50001 SET collation_connection      = @saved_col_connection */;
/*!40103 SET TIME_ZONE=@OLD_TIME_ZONE */;

/*!40101 SET SQL_MODE=@OLD_SQL_MODE */;
/*!40014 SET FOREIGN_KEY_CHECKS=@OLD_FOREIGN_KEY_CHECKS */;
/*!40014 SET UNIQUE_CHECKS=@OLD_UNIQUE_CHECKS */;
/*!40101 SET CHARACTER_SET_CLIENT=@OLD_CHARACTER_SET_CLIENT */;
/*!40101 SET CHARACTER_SET_RESULTS=@OLD_CHARACTER_SET_RESULTS */;
/*!40101 SET COLLATION_CONNECTION=@OLD_COLLATION_CONNECTION */;
/*M!100616 SET NOTE_VERBOSITY=@OLD_NOTE_VERBOSITY */;

-- Dump completed on 2025-05-31 21:40:30
