/*M!999999\- enable the sandbox mode */ 
-- MariaDB dump 10.19-11.4.5-MariaDB, for Win64 (AMD64)
--
-- Host: localhost    Database: papchat
-- ------------------------------------------------------
-- Server version	11.4.5-MariaDB

/*!40101 SET @OLD_CHARACTER_SET_CLIENT=@@CHARACTER_SET_CLIENT */;
/*!40101 SET @OLD_CHARACTER_SET_RESULTS=@@CHARACTER_SET_RESULTS */;
/*!40101 SET @OLD_COLLATION_CONNECTION=@@COLLATION_CONNECTION */;
/*!40101 SET NAMES utf8mb4 */;
/*!40103 SET @OLD_TIME_ZONE=@@TIME_ZONE */;
/*!40103 SET TIME_ZONE='+00:00' */;
/*!40014 SET @OLD_UNIQUE_CHECKS=@@UNIQUE_CHECKS, UNIQUE_CHECKS=0 */;
/*!40014 SET @OLD_FOREIGN_KEY_CHECKS=@@FOREIGN_KEY_CHECKS, FOREIGN_KEY_CHECKS=0 */;
/*!40101 SET @OLD_SQL_MODE=@@SQL_MODE, SQL_MODE='NO_AUTO_VALUE_ON_ZERO' */;
/*M!100616 SET @OLD_NOTE_VERBOSITY=@@NOTE_VERBOSITY, NOTE_VERBOSITY=0 */;

--
-- Current Database: `papchat`
--

CREATE DATABASE /*!32312 IF NOT EXISTS*/ `papchat` /*!40100 DEFAULT CHARACTER SET latin1 COLLATE latin1_swedish_ci */;

USE `papchat`;

--
-- Table structure for table `add_on`
--

DROP TABLE IF EXISTS `add_on`;
/*!40101 SET @saved_cs_client     = @@character_set_client */;
/*!40101 SET character_set_client = utf8mb4 */;
CREATE TABLE `add_on` (
  `user_id` int(11) NOT NULL,
  `room_id` int(11) NOT NULL,
  `sent_order` int(11) NOT NULL,
  `addon_idx` int(11) NOT NULL,
  `x_start` int(11) NOT NULL,
  `x_end` int(11) NOT NULL,
  `y_start` int(11) NOT NULL,
  `y_end` int(11) NOT NULL,
  PRIMARY KEY (`user_id`,`room_id`,`sent_order`,`addon_idx`),
  CONSTRAINT `add_on_ibfk_1` FOREIGN KEY (`user_id`, `room_id`, `sent_order`) REFERENCES `pap` (`user_id`, `room_id`, `sent_order`)
) ENGINE=InnoDB DEFAULT CHARSET=latin1 COLLATE=latin1_swedish_ci;
/*!40101 SET character_set_client = @saved_cs_client */;

--
-- Dumping data for table `add_on`
--

LOCK TABLES `add_on` WRITE;
/*!40000 ALTER TABLE `add_on` DISABLE KEYS */;
INSERT INTO `add_on` (`user_id`, `room_id`, `sent_order`, `addon_idx`, `x_start`, `x_end`, `y_start`, `y_end`) VALUES (418,703,2,1,78,119,113,139),
(418,703,2,2,51,97,6,64),
(418,703,2,3,102,185,183,256),
(418,703,2,4,132,150,52,119),
(418,703,2,5,48,70,163,217),
(418,703,2,6,185,270,3,70),
(418,703,2,7,55,111,59,142),
(418,703,2,8,154,215,145,209),
(418,703,2,9,67,165,140,235),
(418,703,2,10,110,124,7,56),
(418,703,2,11,27,113,124,160),
(418,703,2,12,8,67,46,110),
(418,5120,19,1,113,179,64,109),
(418,5120,19,2,11,26,171,248),
(418,5120,19,3,168,241,174,254),
(418,5120,19,4,85,167,190,261),
(418,5120,19,5,148,239,2,82),
(418,5120,19,6,163,248,138,218),
(418,5120,19,7,185,204,108,173),
(418,5120,19,8,109,197,41,101),
(418,5120,19,9,39,121,175,214),
(418,5120,19,10,60,75,91,126),
(418,5120,19,11,26,111,119,172),
(418,5120,19,12,87,157,100,180),
(418,5120,19,13,36,53,111,154),
(418,5120,19,14,52,75,168,193),
(418,5120,19,15,26,86,127,155),
(766,9213,232,1,67,127,24,87),
(766,9213,232,2,8,37,180,190),
(766,9213,232,3,108,155,76,88),
(766,9213,232,4,43,80,33,44),
(766,9213,232,5,182,225,178,199),
(766,9213,232,6,16,40,180,201),
(766,9213,232,7,65,80,15,27),
(766,9213,232,8,140,179,49,125),
(766,9213,232,9,113,130,26,97),
(766,9213,232,10,178,218,106,126),
(766,9213,232,11,25,59,1,92),
(766,9213,232,12,5,97,5,81),
(766,9213,232,13,95,131,132,220),
(766,9213,232,14,16,76,110,175),
(1219,5263,192,1,43,76,126,158),
(1219,5263,192,2,105,121,78,95),
(1219,5263,192,3,151,162,95,139),
(1219,5263,192,4,14,40,55,129),
(1219,5263,192,5,163,179,108,124),
(1219,5263,192,6,102,144,183,250),
(1219,5263,192,7,196,245,113,150),
(1219,5263,192,8,58,118,80,163),
(1219,5263,192,9,152,175,31,65),
(1219,5263,192,10,74,132,196,215),
(1219,5263,192,11,175,193,123,191),
(1219,5263,192,12,191,256,180,197),
(1219,5263,192,13,80,91,91,189),
(1466,8842,331,1,127,170,200,285),
(1466,8842,331,2,180,198,82,103),
(1466,8842,331,3,80,160,171,184),
(1466,8842,331,4,38,65,183,263),
(1466,8842,331,5,39,85,169,264),
(1466,8842,331,6,46,110,82,132),
(1466,8842,331,7,54,79,164,186),
(1655,8020,375,1,110,167,76,142),
(1655,8020,375,2,56,107,147,177),
(1655,8020,375,3,141,237,127,145),
(1655,8020,375,4,132,197,183,278),
(1655,8020,375,5,26,49,97,118),
(1655,8020,375,6,152,199,117,186),
(1655,8020,375,7,23,45,43,84),
(1655,8020,375,8,33,67,97,107),
(1655,8020,375,9,70,110,36,113),
(1655,8020,375,10,92,110,25,43),
(1655,8020,375,11,82,149,13,23),
(1655,8020,375,12,3,33,176,273),
(1655,8020,375,13,18,115,139,189),
(1655,8020,375,14,48,125,66,93),
(1655,8020,375,15,190,226,89,161),
(1681,1782,229,1,181,206,195,224),
(1681,1782,229,2,102,142,112,169),
(1681,1782,229,3,56,112,81,164),
(1681,1782,229,4,87,183,53,130),
(1681,1782,229,5,194,263,74,161),
(1681,1782,229,6,161,203,115,196),
(1681,1782,229,7,199,222,61,71),
(1681,1782,229,8,40,93,177,216),
(1681,1782,229,9,139,151,67,80),
(1875,3687,207,1,191,252,193,240),
(1875,3687,207,2,66,155,88,151),
(1875,3687,207,3,30,62,140,170),
(1875,3687,207,4,51,91,155,191),
(1875,3687,207,5,58,79,141,218),
(1875,3687,207,6,167,263,123,149),
(1875,3687,207,7,149,209,37,82),
(1875,3687,207,8,190,209,25,72),
(1875,3687,207,9,30,58,77,102),
(1875,3687,207,10,53,111,120,196),
(1971,1339,160,1,15,83,16,45),
(1971,1339,160,2,31,100,106,163),
(1971,1339,160,3,32,79,188,201),
(1971,1339,160,4,129,198,68,84),
(1971,1339,160,5,36,110,159,248),
(1971,1339,160,6,196,250,14,67),
(1971,1339,160,7,48,58,179,190),
(1971,1339,160,8,106,116,65,77),
(1971,1339,160,9,141,231,28,47),
(1971,8252,308,1,167,218,130,172),
(1971,8252,308,2,33,44,131,220),
(1971,8252,308,3,145,199,47,73),
(1971,8252,308,4,179,247,72,135),
(1971,8252,308,5,98,190,86,109),
(1971,8252,308,6,81,106,25,48),
(1971,8252,308,7,95,174,39,116),
(1971,8252,308,8,73,95,93,163),
(1971,8252,308,9,37,80,4,50),
(1971,8252,308,10,42,88,159,238),
(1971,8252,308,11,118,154,56,121),
(2092,3741,78,1,129,189,141,203),
(2092,3741,78,2,37,55,56,137),
(2092,3741,78,3,24,87,133,155),
(2092,3741,78,4,51,116,164,255),
(2092,3741,78,5,55,118,173,214),
(2092,3741,78,6,114,146,126,160),
(2092,3741,78,7,70,129,2,69),
(2120,2787,253,1,157,206,96,116),
(2120,2787,253,2,33,125,95,129),
(2120,2787,253,3,106,169,94,192),
(2120,2787,253,4,108,145,80,99),
(2120,2787,253,5,103,192,109,203),
(2120,2787,253,6,21,44,129,174),
(2120,2787,253,7,193,291,66,155),
(2120,2787,253,8,190,213,62,86),
(2120,2787,253,9,24,85,72,155),
(2120,2787,253,10,134,233,119,158),
(2120,2787,253,11,13,91,75,165),
(2193,9468,106,1,177,219,200,248),
(2193,9468,106,2,37,112,194,283),
(2193,9468,106,3,104,177,90,156),
(2193,9468,106,4,17,69,11,90),
(2193,9468,106,5,100,186,5,80),
(2193,9468,106,6,11,96,156,199),
(2193,9468,106,7,122,199,26,36),
(2193,9616,88,1,74,130,101,150),
(2193,9616,88,2,3,100,1,46),
(2193,9616,88,3,78,100,74,111),
(2193,9616,88,4,22,62,39,94),
(2193,9616,88,5,107,190,121,218),
(2193,9616,88,6,34,59,197,290),
(2193,9616,88,7,170,235,194,254),
(2193,9616,88,8,65,105,165,213),
(2193,9616,88,9,118,197,76,98),
(2193,9616,88,10,181,262,150,205),
(2193,9616,88,11,1,26,95,120),
(2193,9616,88,12,166,198,79,114),
(2193,9616,88,13,174,236,106,128),
(2256,4334,80,1,2,40,20,82),
(2256,4334,80,2,87,181,76,109),
(2256,4334,80,3,128,201,137,158),
(2256,4334,80,4,118,198,117,131),
(2343,9733,158,1,39,64,101,148),
(2343,9733,158,2,187,285,58,146),
(2343,9733,158,3,192,216,137,172),
(2343,9733,158,4,78,136,21,73),
(2721,703,195,1,86,96,128,198),
(2721,703,195,2,166,206,184,267),
(2721,703,195,3,76,100,2,38),
(2721,703,195,4,101,190,168,210),
(2721,703,195,5,66,82,133,210),
(2721,703,195,6,103,116,145,169),
(2721,703,195,7,8,87,88,107),
(2721,703,195,8,40,140,58,77),
(2721,703,195,9,162,260,11,34),
(2721,703,195,10,108,156,151,244),
(2721,703,195,11,4,55,90,105),
(2721,703,195,12,164,235,32,78),
(2721,703,195,13,49,99,151,234),
(2721,703,195,14,36,95,139,237),
(2721,703,195,15,46,117,30,98),
(2990,3388,137,1,166,221,134,225),
(2990,3388,137,2,12,55,62,97),
(2990,3388,137,3,189,282,9,91),
(2990,3388,137,4,137,169,104,117),
(2990,3388,137,5,36,92,80,141),
(2990,3388,137,6,24,120,72,169),
(2990,3388,137,7,103,202,191,204),
(2990,3388,137,8,94,144,193,255),
(2990,3388,137,9,193,270,13,110),
(2990,3388,137,10,124,134,16,46),
(3052,4719,272,1,37,55,47,130),
(3052,4719,272,2,36,84,167,227),
(3052,4719,272,3,103,117,52,147),
(3052,4719,272,4,6,26,74,143),
(3052,4719,272,5,178,197,192,257),
(3052,4719,272,6,25,98,165,191),
(3052,4719,272,7,171,193,65,147),
(3052,4719,272,8,78,108,167,245),
(3052,4719,272,9,186,270,59,130),
(3052,4719,272,10,41,81,116,162),
(3052,4719,272,11,71,122,14,84),
(3052,4719,272,12,51,121,43,123),
(3052,4719,272,13,32,82,172,191),
(3210,789,179,1,153,181,167,183),
(3210,789,179,2,33,56,143,187),
(3210,789,179,3,27,60,0,16),
(3210,789,179,4,179,247,162,207),
(3210,789,179,5,147,196,182,232),
(3210,789,179,6,66,145,40,118),
(3210,789,179,7,30,114,51,111),
(3210,789,179,8,111,160,176,258),
(3210,789,179,9,8,94,7,58),
(3210,1819,344,1,200,282,181,220),
(3210,1819,344,2,89,143,138,175),
(3210,1819,344,3,74,110,34,45),
(3210,1819,344,4,142,235,130,184),
(3210,1819,344,5,123,169,90,104),
(3210,1819,344,6,164,180,130,230),
(3210,1819,344,7,89,182,137,205),
(3290,1709,385,1,188,227,108,173),
(3290,1709,385,2,146,244,54,92),
(3290,1709,385,3,11,83,200,229),
(3392,905,102,1,13,62,80,104),
(3392,905,102,2,66,114,52,142),
(3392,905,102,3,86,101,28,58),
(3392,905,102,4,129,225,35,108),
(3392,905,102,5,81,136,197,278),
(3392,905,102,6,79,151,95,124),
(3392,9638,178,1,133,208,93,140),
(3392,9638,178,2,126,144,161,220),
(3392,9638,178,3,199,296,124,145),
(3392,9638,178,4,60,147,121,192),
(3392,9638,178,5,53,67,195,267),
(3392,9638,178,6,52,118,66,93),
(3392,9638,178,7,66,142,118,145),
(3392,9638,178,8,191,216,73,156),
(3392,9638,178,9,61,117,110,133),
(3392,9638,178,10,190,238,87,168),
(3392,9638,178,11,89,145,49,85),
(3392,9638,178,12,35,101,14,112),
(3392,9638,178,13,86,113,88,114),
(3392,9638,178,14,91,188,28,106),
(3392,9638,178,15,136,193,37,77),
(3392,9638,178,16,146,236,15,85),
(3392,9638,178,17,34,76,11,74),
(3392,9638,178,18,123,209,129,139),
(3392,9638,178,19,192,256,119,212),
(3576,581,157,1,48,144,176,208),
(3576,581,157,2,179,278,192,203),
(3576,581,157,3,34,88,58,154),
(3576,2436,90,1,105,136,155,213),
(3576,2436,90,2,143,206,55,141),
(3576,2436,90,3,68,152,25,55),
(3576,2436,90,4,2,60,27,91),
(3576,2436,90,5,109,175,3,28),
(3576,2436,90,6,54,134,145,238),
(3576,2436,90,7,27,84,1,13),
(3576,2436,90,8,137,224,104,193),
(3576,2436,90,9,46,64,134,219),
(3576,2436,90,10,98,162,198,228),
(3576,2436,90,11,133,191,64,137),
(3576,2436,90,12,70,150,43,141),
(3576,2436,90,13,75,116,34,44),
(3804,4464,149,1,22,64,66,134),
(3804,4464,149,2,25,64,21,47),
(3804,4464,149,3,171,184,69,142),
(3804,4464,149,4,51,74,118,198),
(3804,4464,149,5,24,44,175,252),
(3804,4464,149,6,109,122,28,112),
(3832,1775,75,1,14,101,107,185),
(3832,1775,75,2,75,159,170,184),
(3832,1775,75,3,50,145,175,243),
(3832,1775,75,4,128,197,0,25),
(3832,1775,75,5,127,151,31,49),
(3832,1775,75,6,141,235,75,89),
(4094,6234,94,1,22,114,163,174),
(4094,6234,94,2,82,173,162,184),
(4094,6234,94,3,136,197,11,107),
(4094,6234,94,4,117,129,63,122),
(4094,6234,94,5,21,100,20,113),
(4094,6234,94,6,43,68,108,207),
(4094,6234,94,7,79,94,138,182),
(4094,6234,94,8,134,205,4,47),
(4094,6234,94,9,88,168,158,250),
(4094,6234,94,10,56,98,78,120),
(4142,3863,228,1,163,233,98,177),
(4142,3863,228,2,24,103,100,140),
(4142,3863,228,3,119,150,43,63),
(4142,3863,228,4,99,192,100,146),
(4142,3863,228,5,31,63,92,136),
(4142,3863,228,6,56,119,40,67),
(4142,3863,228,7,102,145,3,94),
(4142,3863,228,8,1,49,171,226),
(4142,3863,228,9,122,218,140,204),
(4200,8020,399,1,109,196,27,85),
(4200,8020,399,2,48,134,124,218),
(4200,8020,399,3,174,228,13,61),
(4200,8020,399,4,93,123,93,164),
(4200,8020,399,5,125,138,103,134),
(4200,8020,399,6,158,183,118,144),
(4200,8020,399,7,61,83,14,54),
(4200,8020,399,8,108,147,174,224),
(4200,8020,399,9,199,284,36,99),
(4200,8020,399,10,22,57,62,84),
(4200,8020,399,11,148,207,171,215),
(4200,8020,399,12,118,194,178,195),
(4200,8020,399,13,84,104,124,176),
(4200,8020,399,14,153,247,94,146),
(4335,7582,45,1,25,100,5,87),
(4335,7582,45,2,18,106,117,145),
(4335,7582,45,3,195,263,146,219),
(4335,7582,45,4,156,192,178,259),
(4335,7582,45,5,186,257,12,83),
(4335,7582,45,6,156,197,100,169),
(4335,7582,45,7,35,98,170,183),
(4335,7582,45,8,172,214,26,102),
(4335,7582,45,9,19,64,181,270),
(4335,7582,45,10,101,138,182,232),
(4335,7582,45,11,68,113,166,221),
(4335,7582,45,12,87,154,107,179),
(4335,7582,45,13,149,234,197,225),
(4335,8354,227,1,65,150,35,82),
(4335,8354,227,2,200,264,195,291),
(4335,8354,227,3,196,264,84,128),
(4335,8354,227,4,48,61,36,98),
(4335,8354,227,5,6,89,13,44),
(4335,8877,126,1,113,169,158,198),
(4335,8877,126,2,99,184,82,129),
(4335,8877,126,3,114,135,149,196),
(4335,8877,126,4,24,83,27,95),
(4335,8877,126,5,84,131,20,80),
(4335,8877,126,6,186,216,140,211),
(4451,3863,119,1,47,82,54,135),
(4451,3863,119,2,172,197,194,216),
(4451,3863,119,3,188,215,171,242),
(4451,3863,119,4,44,132,163,175),
(4451,3863,119,5,117,204,89,139),
(4451,3863,119,6,162,230,144,166),
(4451,3863,119,7,140,224,141,229),
(4451,3863,119,8,105,205,156,210),
(4451,3863,119,9,97,169,145,175),
(4451,3863,119,10,162,183,81,104),
(4451,3892,101,1,164,233,13,77),
(4451,3892,101,2,177,271,96,188),
(4451,3892,101,3,109,165,165,199),
(4451,3892,101,4,82,140,71,90),
(4451,3892,101,5,128,140,103,129),
(4451,3892,101,6,146,244,12,23),
(4451,3892,101,7,115,182,134,156),
(4451,3892,101,8,27,48,90,150),
(4451,3892,101,9,115,168,166,228),
(4451,3892,101,10,190,282,120,206),
(4451,3892,101,11,178,238,4,71),
(4451,3892,101,12,92,145,29,97),
(4451,3892,101,13,12,86,35,50),
(4468,8877,345,1,37,68,168,243),
(4468,8877,345,2,152,199,60,97),
(4468,8877,345,3,60,144,8,22),
(4468,8877,345,4,85,177,40,92),
(4468,8877,345,5,53,70,12,110),
(4468,8877,345,6,53,146,66,151),
(4534,8877,395,1,108,129,47,75),
(4534,8877,395,2,175,227,129,150),
(4534,8877,395,3,160,190,52,94),
(4534,8877,395,4,98,122,6,22),
(4534,8877,395,5,103,165,85,106),
(4534,8877,395,6,17,59,154,175),
(4534,8877,395,7,138,153,146,207),
(4534,8877,395,8,42,107,147,199),
(4534,8877,395,9,9,90,131,215),
(4534,8877,395,10,6,89,137,157),
(4534,8877,395,11,111,208,134,221),
(4534,8877,395,12,146,211,181,242),
(4534,8877,395,13,9,29,82,171),
(4534,8877,395,14,54,124,28,40),
(4534,8877,395,15,140,218,169,259),
(4534,8877,395,16,181,271,168,189),
(4624,8079,15,1,147,172,85,154),
(4624,8079,15,2,132,155,181,237),
(4624,8079,15,3,86,164,144,216),
(4624,8079,15,4,58,79,27,95),
(4624,8079,15,5,99,190,77,90),
(4624,8079,15,6,162,227,8,86),
(4658,1473,202,1,46,126,129,189),
(4658,1473,202,2,159,182,66,82),
(4658,1473,202,3,11,60,169,248),
(4658,1473,202,4,0,15,10,54),
(4658,1473,202,5,25,62,2,89),
(4658,1473,202,6,121,214,154,238),
(4658,1473,202,7,67,91,72,113),
(4658,1473,202,8,125,194,149,214),
(4658,1473,202,9,119,152,188,212),
(4658,1473,202,10,23,64,186,255),
(4658,1473,202,11,37,109,90,108),
(4658,1473,202,12,142,200,13,28),
(4658,1473,202,13,82,143,145,216),
(4658,6856,256,1,55,69,129,221),
(4658,6856,256,2,195,225,105,168),
(4658,6856,256,3,89,154,138,197),
(4658,6856,256,4,39,113,111,121),
(4720,1846,299,1,68,133,11,30),
(4720,1846,299,2,60,116,41,67),
(4720,1846,299,3,147,196,157,190),
(4720,1846,299,4,183,233,13,108),
(4817,1849,186,1,130,197,6,84),
(4817,1849,186,2,192,284,23,102),
(4817,1849,186,3,182,220,0,100),
(4817,1849,186,4,179,253,20,77),
(4817,1849,186,5,107,180,85,139),
(4817,1849,186,6,151,219,51,127),
(4817,1849,186,7,41,101,51,113),
(4817,1849,186,8,30,106,109,172),
(4817,1849,186,9,173,184,11,77),
(4817,1849,186,10,52,84,55,127),
(4817,1849,186,11,158,233,129,156),
(4817,1849,186,12,149,168,158,254),
(4817,1849,186,13,35,134,94,172),
(4817,1849,186,14,0,38,172,200),
(4817,1849,186,15,143,155,49,72),
(4817,1849,186,16,17,36,169,249),
(4817,1849,186,17,156,182,48,102),
(4817,1849,186,18,51,117,121,193),
(4817,1849,186,19,110,134,20,97),
(4885,1473,136,1,132,216,65,111),
(4885,1473,136,2,50,144,45,127),
(4885,1473,136,3,133,216,36,69),
(4885,1473,136,4,153,237,9,62),
(4885,1473,136,5,62,159,75,108),
(4885,1473,136,6,49,124,102,171),
(4885,1473,136,7,64,129,199,279),
(4885,1473,136,8,180,246,147,224),
(4885,1473,136,9,9,24,137,170),
(4885,1473,136,10,127,137,182,269),
(4921,2348,394,1,123,188,110,132),
(4921,2348,394,2,144,215,94,159),
(4921,2348,394,3,49,65,52,74),
(4921,2348,394,4,154,195,187,255),
(4921,2348,394,5,198,251,37,69),
(4921,2348,394,6,55,105,170,270),
(4921,2348,394,7,24,118,192,208),
(4921,2348,394,8,112,150,188,282),
(4921,2348,394,9,116,153,110,170),
(4921,2348,394,10,77,126,31,100),
(4921,2348,394,11,193,292,16,61),
(4921,2348,394,12,21,109,91,134),
(4921,2348,394,13,147,183,175,248),
(4921,2348,394,14,105,146,186,262),
(4921,2348,394,15,23,66,63,111),
(4921,2348,394,16,100,128,40,78),
(4921,2348,394,17,86,173,199,267),
(4981,6278,36,1,117,209,174,266),
(4981,6278,36,2,29,43,59,100),
(4981,6278,36,3,16,86,100,181),
(4981,6278,36,4,71,136,68,156),
(4981,6278,36,5,191,223,45,85),
(4981,6278,36,6,164,197,54,89),
(4981,6278,36,7,68,116,158,238),
(4981,6278,36,8,102,135,24,97),
(4981,6278,36,9,197,276,172,232),
(4981,6278,36,10,7,31,99,173),
(4981,6278,36,11,128,226,151,237),
(4981,6278,36,12,120,148,96,167),
(4981,6278,36,13,129,195,193,246),
(4981,6278,36,14,160,192,75,156),
(4981,6278,36,15,190,289,89,134),
(5150,2728,76,1,158,239,171,229),
(5150,2728,76,2,30,53,116,213),
(5150,2728,76,3,39,126,74,172),
(5150,2728,76,4,125,201,198,268),
(5150,2728,76,5,133,179,119,149),
(5150,2728,76,6,159,257,140,209),
(5150,2728,76,7,31,79,19,58),
(5150,7773,115,1,153,198,74,129),
(5150,7773,115,2,182,268,65,76),
(5150,7773,115,3,19,85,175,208),
(5150,7773,115,4,43,119,174,187),
(5150,7773,115,5,3,26,5,56),
(5150,7773,115,6,54,125,118,183),
(5528,2728,103,1,183,259,115,176),
(5528,2728,103,2,195,257,52,63),
(5528,2728,103,3,52,62,154,211),
(5528,2728,103,4,187,197,24,111),
(5528,2728,103,5,91,102,125,159),
(5528,2728,103,6,184,205,17,45),
(5528,3388,393,1,167,183,191,261),
(5528,3388,393,2,24,51,59,71),
(5528,3388,393,3,24,60,144,175),
(5528,3388,393,4,40,55,143,175),
(5528,3388,393,5,58,140,160,181),
(5528,3388,393,6,135,207,22,80),
(5528,3388,393,7,138,196,130,196),
(5528,3388,393,8,88,104,170,251),
(5528,3388,393,9,148,179,150,192),
(5528,3388,393,10,199,227,49,111),
(5528,3388,393,11,168,264,77,141),
(5528,3388,393,12,89,115,87,187),
(5528,3388,393,13,8,46,138,236),
(5528,3388,393,14,40,76,77,93),
(5528,3388,393,15,101,142,56,125),
(5528,3388,393,16,8,20,189,229),
(5528,3388,393,17,137,166,3,66),
(5528,6364,124,1,8,77,186,214),
(5528,6364,124,2,80,124,26,45),
(5528,6364,124,3,57,98,196,249),
(5549,2711,187,1,10,54,8,64),
(5549,2711,187,2,197,231,186,283),
(5549,2711,187,3,25,107,148,226),
(5549,2711,187,4,26,112,197,237),
(5549,2711,187,5,56,105,105,124),
(5549,2711,187,6,9,94,84,163),
(5549,2711,187,7,186,247,144,164),
(5549,2711,187,8,179,201,8,84),
(5549,2711,187,9,151,214,120,208),
(5549,2711,187,10,134,192,49,82),
(5549,2711,187,11,184,209,88,101),
(5549,2711,187,12,32,99,138,152),
(5549,2711,187,13,162,198,56,122),
(5549,2711,187,14,138,230,88,145),
(5549,2711,187,15,161,237,181,252),
(5549,2711,187,16,180,268,6,104),
(5549,6258,151,1,125,210,10,41),
(5549,6258,151,2,139,191,31,119),
(5549,6258,151,3,80,137,15,34),
(5549,6258,151,4,180,248,7,18),
(5549,6258,151,5,191,240,64,127),
(5549,6258,151,6,157,217,191,227),
(5549,6258,151,7,123,171,93,177),
(5549,6258,151,8,89,128,76,105),
(5549,6258,151,9,70,111,13,111),
(5549,6258,151,10,94,177,109,169),
(5639,6364,166,1,98,111,29,43),
(5639,6364,166,2,16,48,138,195),
(5639,6364,166,3,164,197,53,92),
(5639,6364,166,4,71,142,61,161),
(5639,6364,166,5,16,87,55,145),
(5639,8079,201,1,118,204,111,174),
(5639,8079,201,2,125,160,86,183),
(5639,8079,201,3,95,128,63,152),
(5639,8079,201,4,193,223,22,49),
(5639,8079,201,5,101,131,4,53),
(5639,8079,201,6,97,155,122,198),
(5639,8079,201,7,169,250,108,124),
(5639,8079,201,8,192,266,92,156),
(5639,8079,201,9,34,45,31,100),
(5639,8079,201,10,120,157,86,144),
(5658,2348,133,1,86,170,151,218),
(5658,2348,133,2,73,170,176,250),
(5658,2348,133,3,92,147,171,189),
(5658,2348,133,4,39,111,94,116),
(5658,2348,133,5,190,227,58,151),
(5658,2348,133,6,38,83,138,197),
(5658,2348,133,7,175,260,34,62),
(5658,2348,133,8,100,155,157,180),
(5658,2348,133,9,76,122,40,112),
(5658,2348,133,10,103,166,134,161),
(5783,7103,219,1,94,158,81,176),
(5783,7103,219,2,200,211,58,156),
(5783,7103,219,3,7,97,0,24),
(5783,7103,219,4,26,73,114,159),
(5783,7103,219,5,1,89,51,134),
(5949,4464,233,1,47,73,161,255),
(5949,4464,233,2,129,220,59,69),
(5949,4464,233,3,177,203,104,187),
(5949,4464,233,4,110,206,187,248),
(5949,4464,233,5,169,194,48,86),
(5949,4464,233,6,15,69,24,100),
(5949,4464,233,7,67,141,115,208),
(5949,4464,233,8,142,230,121,218),
(5949,4464,233,9,80,100,180,224),
(5949,4464,233,10,29,47,152,216),
(5949,4464,233,11,152,180,59,118),
(5949,4719,5,1,145,181,80,174),
(5949,4719,5,2,44,130,180,251),
(5949,4719,5,3,44,70,151,202),
(5949,4719,5,4,172,239,4,98),
(5949,4719,5,5,148,180,14,80),
(5949,4719,5,6,131,163,99,117),
(5949,4719,5,7,81,151,191,237),
(5949,4719,5,8,199,282,7,93),
(5949,4719,5,9,92,164,20,96),
(5949,4719,5,10,46,120,48,80),
(5949,4719,5,11,59,85,76,169),
(5949,4719,5,12,70,107,169,231),
(5949,4719,5,13,111,150,80,119),
(5949,4719,5,14,5,23,171,243),
(6114,4464,33,1,145,191,196,246),
(6114,4464,33,2,91,176,124,213),
(6114,4464,33,3,66,137,61,79),
(6114,4464,33,4,97,185,0,46),
(6114,4464,33,5,16,64,170,261),
(6114,4464,33,6,102,152,82,157),
(6114,4464,33,7,107,131,39,132),
(6114,4464,33,8,108,126,157,172),
(6114,4464,33,9,61,123,46,81),
(6114,7282,26,1,104,134,35,87),
(6114,7282,26,2,37,72,145,162),
(6114,7282,26,3,154,251,64,97),
(6114,7282,26,4,41,113,111,143),
(6114,7282,26,5,142,170,78,141),
(6114,7282,26,6,6,32,149,169),
(6114,7282,26,7,119,190,166,223),
(6114,7282,26,8,50,97,113,202),
(6114,7282,26,9,13,44,115,165),
(6114,7282,26,10,182,215,51,64),
(6114,7282,26,11,77,107,146,218),
(6233,996,362,1,10,38,143,189),
(6233,996,362,2,94,182,166,214),
(6233,996,362,3,20,49,74,160),
(6233,996,362,4,102,151,105,158),
(6233,996,362,5,7,97,48,135),
(6233,996,362,6,0,27,94,181),
(6233,996,362,7,154,216,143,183),
(6233,996,362,8,163,205,196,275),
(6233,996,362,9,51,103,57,75),
(6233,996,362,10,146,245,156,199),
(6233,996,362,11,189,229,152,207),
(6233,996,362,12,77,132,78,157),
(6233,996,362,13,28,103,165,194),
(6758,7264,311,1,142,220,48,139),
(6758,7264,311,2,80,95,182,251),
(6758,7264,311,3,53,97,8,43),
(6758,7264,311,4,9,98,79,150),
(6758,7264,311,5,28,110,24,84),
(6758,7264,311,6,33,53,119,137),
(6758,7264,311,7,73,138,185,197),
(6758,7264,311,8,44,135,195,256),
(6758,7264,311,9,116,174,67,164),
(6758,7264,311,10,20,71,16,102),
(6758,7264,311,11,100,183,14,67),
(6758,7264,311,12,138,222,153,217),
(6758,7264,311,13,28,126,20,53),
(6758,7264,311,14,24,60,111,204),
(6758,8435,380,1,128,179,50,106),
(6758,8435,380,2,23,57,105,139),
(6758,8435,380,3,92,145,73,165),
(6758,8435,380,4,49,137,66,159),
(6758,8435,380,5,50,121,152,176),
(6758,8435,380,6,193,270,4,18),
(6758,8435,380,7,18,107,7,76),
(6758,8435,380,8,122,214,110,136),
(6809,8753,161,1,109,137,143,205),
(6809,8753,161,2,109,208,16,67),
(6809,8753,161,3,144,177,39,99),
(6809,8753,161,4,35,66,159,249),
(6809,8753,161,5,187,285,63,89),
(6809,8753,161,6,175,212,40,134),
(6809,8753,161,7,69,155,87,186),
(6809,8753,161,8,145,211,117,165),
(6809,8753,161,9,84,107,88,147),
(6975,5120,292,1,11,49,174,184),
(6975,5120,292,2,129,159,78,115),
(7014,5006,283,1,167,255,140,189),
(7014,5006,283,2,2,35,55,124),
(7014,5006,283,3,79,94,130,151),
(7014,5006,283,4,61,99,150,234),
(7014,5006,283,5,87,141,88,183),
(7014,5006,283,6,163,239,154,210),
(7204,6896,381,1,111,205,188,285),
(7204,6896,381,2,178,215,112,158),
(7204,6896,381,3,27,112,124,167),
(7204,6896,381,4,60,113,195,248),
(7204,6896,381,5,15,112,39,129),
(7204,6896,381,6,185,219,42,99),
(7339,522,392,1,128,216,84,129),
(7339,522,392,2,82,97,77,149),
(7339,522,392,3,25,118,178,247),
(7339,522,392,4,25,81,143,210),
(7402,8020,218,1,121,186,148,230),
(7402,8020,218,2,42,70,16,59),
(7402,8020,218,3,39,129,195,211),
(7402,8020,218,4,135,151,28,104),
(7402,8020,218,5,10,39,175,210),
(7402,8020,218,6,99,165,108,169),
(7402,8020,218,7,50,148,38,133),
(7402,8020,218,8,30,114,157,226),
(7402,8020,218,9,82,154,75,152),
(7402,8020,218,10,149,232,26,55),
(7402,8020,218,11,31,44,191,257),
(7402,8020,218,12,64,101,45,130),
(7402,8020,218,13,136,167,31,85),
(7402,8020,218,14,140,214,156,173),
(7402,8020,218,15,82,155,14,63),
(7402,8020,218,16,140,175,34,47),
(7402,8020,218,17,40,89,120,196),
(7462,2787,212,1,199,243,122,205),
(7462,2787,212,2,121,137,104,154),
(7462,2787,212,3,5,17,188,215),
(7462,2787,212,4,86,159,2,77),
(7462,2787,212,5,195,250,67,145),
(7462,2787,212,6,28,51,132,150),
(7462,2787,212,7,170,209,155,199),
(7462,2787,212,8,190,258,37,135),
(7462,2787,212,9,104,144,16,56),
(7602,6896,367,1,78,144,138,206),
(7602,6896,367,2,162,184,79,135),
(7602,6896,367,3,117,204,145,200),
(7602,6896,367,4,138,155,88,134),
(7602,6896,367,5,189,255,58,99),
(7602,6896,367,6,108,155,99,140),
(7602,6896,367,7,2,54,195,279),
(7602,6896,367,8,93,117,155,231),
(7644,5616,287,1,2,101,33,66),
(7644,5616,287,2,54,133,130,169),
(7644,5616,287,3,69,127,18,54),
(7644,5616,287,4,35,61,37,133),
(7644,5616,287,5,159,243,193,251),
(7644,5616,287,6,98,192,10,30),
(7644,5616,287,7,115,204,24,113),
(7644,5616,287,8,92,126,2,84),
(7770,2379,391,1,30,83,5,21),
(7770,2379,391,2,186,232,99,164),
(7770,2379,391,3,37,52,32,97),
(7770,2379,391,4,17,114,52,66),
(7770,2379,391,5,95,146,40,77),
(7770,2379,391,6,170,226,161,173),
(7770,2379,391,7,21,100,55,121),
(7770,2379,391,8,79,108,119,219),
(7770,2379,391,9,31,100,193,251),
(7770,2379,391,10,39,136,182,280),
(8076,4319,168,1,8,20,183,241),
(8076,4319,168,2,29,49,114,153),
(8076,4319,168,3,180,225,200,271),
(8076,4319,168,4,91,102,151,247),
(8076,4319,168,5,96,110,97,160),
(8076,4319,168,6,76,134,1,71),
(8076,4319,168,7,39,76,198,215),
(8076,4319,168,8,168,235,107,205),
(8076,4319,168,9,160,202,125,213),
(8076,4319,168,10,65,86,18,89),
(8076,4319,168,11,92,107,9,87),
(8076,4319,168,12,123,197,36,122),
(8076,4319,168,13,89,150,105,197),
(8522,2178,252,1,172,258,99,137),
(8522,2178,252,2,143,218,102,126),
(8522,2178,252,3,188,267,124,164),
(8522,2178,252,4,45,115,177,220),
(8522,2178,252,5,55,102,43,88),
(8522,2178,252,6,167,178,82,158),
(8522,2178,252,7,33,131,14,84),
(8522,2178,252,8,98,124,112,137),
(8522,2178,252,9,23,100,93,188),
(8522,2178,252,10,48,135,6,83),
(8522,2178,252,11,169,257,59,121),
(8522,2178,252,12,54,65,175,213),
(8522,2178,252,13,35,66,70,137),
(8522,2178,252,14,59,90,195,242),
(8522,6308,55,1,149,160,101,165),
(8522,6308,55,2,128,153,177,198),
(8522,6308,55,3,164,208,153,222),
(8522,6308,55,4,154,193,81,165),
(8522,6308,55,5,46,74,19,53),
(8522,6308,55,6,171,221,106,204),
(8522,6308,55,7,47,135,29,89),
(8522,6308,55,8,115,155,101,180),
(8522,6364,266,1,35,120,112,141),
(8522,6364,266,2,108,185,144,244),
(8522,6364,266,3,126,178,114,207),
(8522,6364,266,4,53,143,129,183),
(8522,8079,30,1,177,238,156,214),
(8522,8079,30,2,126,182,159,207),
(8522,8079,30,3,99,156,166,252),
(8851,136,49,1,19,61,57,82),
(8851,136,49,2,4,95,107,130),
(8851,136,49,3,177,234,170,247),
(8851,136,49,4,51,67,54,92),
(8851,136,49,5,102,156,5,60),
(8851,136,49,6,151,201,177,269),
(8851,136,49,7,24,50,103,158),
(8851,136,49,8,164,224,14,31),
(8851,136,49,9,94,131,129,219),
(9383,3066,306,1,41,138,55,120),
(9383,3066,306,2,144,220,43,91),
(9383,3066,306,3,74,119,103,159),
(9383,3066,306,4,104,161,84,107),
(9383,3066,306,5,180,232,79,92),
(9383,3066,306,6,106,184,90,171),
(9383,3066,306,7,108,165,4,16),
(9383,3066,306,8,126,146,110,166),
(9383,3066,306,9,73,87,139,151),
(9383,3066,306,10,70,128,103,115),
(9383,3066,306,11,30,74,124,173),
(9383,3066,306,12,92,137,134,179),
(9383,3066,306,13,23,63,71,111),
(9383,3066,306,14,88,155,75,130),
(9383,3066,306,15,79,169,118,184),
(9441,7140,47,1,184,280,146,202),
(9441,7140,47,2,179,261,80,106),
(9441,7140,47,3,113,141,132,210),
(9441,7140,47,4,8,105,155,232),
(9441,7140,47,5,142,206,162,207),
(9441,7140,47,6,154,178,146,222),
(9441,7140,47,7,149,221,97,145),
(9441,7140,47,8,56,100,5,63),
(9441,7140,47,9,142,230,46,139),
(9441,7140,47,10,137,183,40,107),
(9441,7140,47,11,101,199,188,237),
(9441,7140,47,12,86,169,177,272),
(9660,1775,293,1,122,186,172,212),
(9660,1775,293,2,27,61,59,74),
(9660,1775,293,3,194,209,93,175),
(9660,1775,293,4,169,253,97,174),
(9660,1775,293,5,118,153,77,91),
(9660,1775,293,6,170,185,50,62),
(9660,1775,293,7,12,81,23,102),
(9660,1775,293,8,136,161,37,79),
(9660,1775,293,9,36,48,181,259),
(9660,1775,293,10,33,54,83,96),
(9836,8753,10,1,73,135,42,70),
(9836,8753,10,2,25,76,139,223),
(9836,8753,10,3,74,148,53,91),
(9836,8753,10,4,90,154,81,134),
(9836,8753,10,5,35,102,62,90),
(9836,8753,10,6,21,107,158,195),
(9836,8753,10,7,131,198,9,41),
(9836,8753,10,8,36,124,11,95),
(9889,2060,286,1,146,156,33,69),
(9889,2060,286,2,166,199,90,178),
(9889,2060,286,3,47,143,177,209),
(9889,2060,286,4,100,143,29,87),
(9889,2060,286,5,34,60,173,247),
(9889,2060,286,6,52,124,2,48),
(9889,2060,286,7,153,195,17,68);
/*!40000 ALTER TABLE `add_on` ENABLE KEYS */;
UNLOCK TABLES;

--
-- Table structure for table `caption`
--

DROP TABLE IF EXISTS `caption`;
/*!40101 SET @saved_cs_client     = @@character_set_client */;
/*!40101 SET character_set_client = utf8mb4 */;
CREATE TABLE `caption` (
  `user_id` int(11) NOT NULL,
  `room_id` int(11) NOT NULL,
  `sent_order` int(11) NOT NULL,
  `addon_idx` int(11) NOT NULL,
  `font_style` varchar(50) NOT NULL,
  `text` text NOT NULL,
  PRIMARY KEY (`user_id`,`room_id`,`sent_order`,`addon_idx`),
  CONSTRAINT `caption_ibfk_1` FOREIGN KEY (`user_id`, `room_id`, `sent_order`, `addon_idx`) REFERENCES `add_on` (`user_id`, `room_id`, `sent_order`, `addon_idx`)
) ENGINE=InnoDB DEFAULT CHARSET=latin1 COLLATE=latin1_swedish_ci;
/*!40101 SET character_set_client = @saved_cs_client */;

--
-- Dumping data for table `caption`
--

LOCK TABLES `caption` WRITE;
/*!40000 ALTER TABLE `caption` DISABLE KEYS */;
INSERT INTO `caption` (`user_id`, `room_id`, `sent_order`, `addon_idx`, `font_style`, `text`) VALUES (418,703,2,6,'Arial','Effort yeah herself offer million.'),
(418,703,2,7,'Comic Sans','Term read note generation account.'),
(418,703,2,8,'Verdana','That free writer each.'),
(418,703,2,9,'Comic Sans','Nearly above area car.'),
(418,703,2,10,'Arial','Us than position fight expect better itself inside.'),
(418,703,2,11,'Verdana','He buy exist identify job hand.'),
(418,703,2,12,'Arial','Congress town likely.'),
(418,5120,19,8,'Comic Sans','Book increase church green trade study partner.'),
(418,5120,19,9,'Arial','Should environment either production.'),
(418,5120,19,10,'Arial','Example end Mr.'),
(418,5120,19,11,'Comic Sans','On machine color reach throughout believe.'),
(418,5120,19,12,'Verdana','Simple brother leader suddenly.'),
(418,5120,19,13,'Arial','Across talk beyond star would him.'),
(418,5120,19,14,'Verdana','Travel wide full force whole PM city write.'),
(418,5120,19,15,'Comic Sans','Gun tell seat do rise miss loss final.'),
(766,9213,232,11,'Comic Sans','Risk career use long strategy.'),
(766,9213,232,12,'Arial','Admit simply occur attorney.'),
(766,9213,232,13,'Verdana','National question difference.'),
(766,9213,232,14,'Verdana','Provide entire three past window sister line.'),
(1219,5263,192,8,'Verdana','Laugh beat approach.'),
(1219,5263,192,9,'Verdana','Send billion turn change usually sense reason.'),
(1219,5263,192,10,'Comic Sans','Land society laugh significant military.'),
(1219,5263,192,11,'Verdana','Glass collection any author.'),
(1219,5263,192,12,'Comic Sans','Couple better phone road wait every product.'),
(1219,5263,192,13,'Arial','Heavy kid time during democratic material.'),
(1466,8842,331,1,'Arial','Forward worker fill health likely.'),
(1466,8842,331,2,'Arial','Chair authority its industry fund expert season image.'),
(1466,8842,331,3,'Comic Sans','Determine might whose important care scientist become investment.'),
(1466,8842,331,4,'Arial','Throughout PM into political mean special.'),
(1466,8842,331,5,'Arial','Claim area here those agent short gas north.'),
(1466,8842,331,6,'Verdana','Name ten include be thousand career left.'),
(1466,8842,331,7,'Comic Sans','Shoulder western ok dark likely wide yet.'),
(1655,8020,375,6,'Verdana','Attention southern have another shake move skill.'),
(1655,8020,375,7,'Verdana','Choose respond instead call.'),
(1655,8020,375,8,'Verdana','History career modern goal within.'),
(1655,8020,375,9,'Arial','Board government contain.'),
(1655,8020,375,10,'Arial','Back return type Republican.'),
(1655,8020,375,11,'Verdana','Fund finish happen establish.'),
(1655,8020,375,12,'Verdana','Thank keep sell north adult me.'),
(1655,8020,375,13,'Verdana','Kid easy into ever as front.'),
(1655,8020,375,14,'Comic Sans','Find firm too speak.'),
(1655,8020,375,15,'Verdana','Improve we quickly.'),
(1875,3687,207,4,'Comic Sans','Fall price sit.'),
(1875,3687,207,5,'Arial','Animal able read live couple poor.'),
(1875,3687,207,6,'Arial','Today door new chance management.'),
(1875,3687,207,7,'Verdana','Hot else computer.'),
(1875,3687,207,8,'Arial','Seek water half still hour.'),
(1875,3687,207,9,'Arial','Kid provide discussion gas.'),
(1875,3687,207,10,'Comic Sans','Film the save than stage try.'),
(1971,1339,160,3,'Comic Sans','Forward least show wide either participant example.'),
(1971,1339,160,4,'Arial','Suddenly early newspaper enjoy moment guess defense.'),
(1971,1339,160,5,'Comic Sans','I last trial heart entire.'),
(1971,1339,160,6,'Verdana','Whose but kid control there financial necessary.'),
(1971,1339,160,7,'Comic Sans','Especially charge culture many up.'),
(1971,1339,160,8,'Arial','Close two million.'),
(1971,1339,160,9,'Arial','End of various at perform.'),
(1971,8252,308,3,'Verdana','Since out store.'),
(1971,8252,308,4,'Verdana','Country choose total similar candidate participant.'),
(1971,8252,308,5,'Arial','Factor present talk foreign.'),
(1971,8252,308,6,'Comic Sans','Describe security ok allow black smile.'),
(1971,8252,308,7,'Comic Sans','Present part him room.'),
(1971,8252,308,8,'Comic Sans','Dog agree region assume.'),
(1971,8252,308,9,'Comic Sans','Region management appear now hour.'),
(1971,8252,308,10,'Arial','Truth challenge former professional ball better animal.'),
(1971,8252,308,11,'Arial','Hand plant measure short herself.'),
(2092,3741,78,5,'Verdana','Same road light require capital strong offer.'),
(2092,3741,78,6,'Arial','Short sit professor social dream.'),
(2092,3741,78,7,'Arial','Yes behind structure statement.'),
(2120,2787,253,4,'Arial','Nearly public front claim control successful.'),
(2120,2787,253,5,'Arial','What end receive sort use public.'),
(2120,2787,253,6,'Arial','Sign job worry develop responsibility strategy garden whose.'),
(2120,2787,253,7,'Comic Sans','Approach coach morning tonight.'),
(2120,2787,253,8,'Verdana','Best board explain office.'),
(2120,2787,253,9,'Verdana','Include case cup commercial.'),
(2120,2787,253,10,'Comic Sans','Including owner thousand suddenly.'),
(2120,2787,253,11,'Verdana','Contain teach physical challenge tree player.'),
(2193,9468,106,2,'Arial','Standard Mrs impact avoid simple.'),
(2193,9468,106,3,'Verdana','Only put wrong million right capital performance.'),
(2193,9468,106,4,'Verdana','Police community section side structure authority.'),
(2193,9468,106,5,'Verdana','First series number might ten determine.'),
(2193,9468,106,6,'Comic Sans','These actually hard wonder short or.'),
(2193,9468,106,7,'Verdana','Pass minute western avoid reach.'),
(2193,9616,88,4,'Comic Sans','Ahead I vote painting discuss walk white effort.'),
(2193,9616,88,5,'Comic Sans','Improve option discover hot type civil.'),
(2193,9616,88,6,'Verdana','Wall best model between.'),
(2193,9616,88,7,'Comic Sans','Pull election simply serve.'),
(2193,9616,88,8,'Verdana','Strong just image the.'),
(2193,9616,88,9,'Arial','Country kitchen rich upon.'),
(2193,9616,88,10,'Comic Sans','About down billion effort example.'),
(2193,9616,88,11,'Verdana','Glass yet wide through provide.'),
(2193,9616,88,12,'Verdana','Eat tonight crime teach arm.'),
(2193,9616,88,13,'Comic Sans','Republican off term wall practice threat however.'),
(2256,4334,80,3,'Comic Sans','Foreign social nature open practice.'),
(2256,4334,80,4,'Arial','After ready news thousand sit.'),
(2721,703,195,11,'Comic Sans','Somebody music subject each letter total wall.'),
(2721,703,195,12,'Comic Sans','Time early image raise democratic.'),
(2721,703,195,13,'Comic Sans','Difference see church eye teach far.'),
(2721,703,195,14,'Comic Sans','Environment skill another million population serve seat.'),
(2721,703,195,15,'Verdana','Financial me across increase make receive outside five.'),
(2990,3388,137,6,'Arial','Either often night.'),
(2990,3388,137,7,'Comic Sans','Everyone huge join would none if.'),
(2990,3388,137,8,'Arial','Already painting process sense poor relate too.'),
(2990,3388,137,9,'Comic Sans','Store though offer yourself guy listen.'),
(2990,3388,137,10,'Arial','Least person just position southern.'),
(3052,4719,272,9,'Comic Sans','Usually skin before choose page.'),
(3052,4719,272,10,'Verdana','Mission score wife high.'),
(3052,4719,272,11,'Comic Sans','True appear economic.'),
(3052,4719,272,12,'Arial','Skill who season result.'),
(3052,4719,272,13,'Comic Sans','Idea board his begin chance.'),
(3210,789,179,4,'Arial','Quickly camera argue.'),
(3210,789,179,5,'Comic Sans','Maybe himself computer and economy art final ever.'),
(3210,789,179,6,'Verdana','Yeah its group worry key today.'),
(3210,789,179,7,'Verdana','Same beautiful you establish.'),
(3210,789,179,8,'Comic Sans','Thing camera represent media term.'),
(3210,789,179,9,'Verdana','Bank worker able couple both.'),
(3210,1819,344,7,'Verdana','Born country herself there area.'),
(3392,905,102,3,'Verdana','Drive may end his deal friend fill.'),
(3392,905,102,4,'Comic Sans','We doctor rest big.'),
(3392,905,102,5,'Verdana','Executive drive itself worker pressure claim.'),
(3392,905,102,6,'Arial','Deal him soldier charge create sit than.'),
(3392,9638,178,10,'Comic Sans','Build tend hot west feel.'),
(3392,9638,178,11,'Comic Sans','Scene shake ability resource pass.'),
(3392,9638,178,12,'Arial','Gun true hundred stuff yard under plan.'),
(3392,9638,178,13,'Verdana','Raise rest admit food trade.'),
(3392,9638,178,14,'Arial','Way provide card fund our easy water.'),
(3392,9638,178,15,'Verdana','Nice discussion significant resource investment organization.'),
(3392,9638,178,16,'Verdana','Scene yard same out author article security base.'),
(3392,9638,178,17,'Comic Sans','Land face wide.'),
(3392,9638,178,18,'Verdana','Interest would expect number another seven.'),
(3392,9638,178,19,'Verdana','Item no not wait either prepare.'),
(3576,581,157,1,'Comic Sans','Risk every nor image participant strategy pay.'),
(3576,581,157,2,'Comic Sans','Serious involve conference up.'),
(3576,581,157,3,'Arial','Black who sound Mr.'),
(3576,2436,90,10,'Verdana','Inside human run agent attack expert save investment.'),
(3576,2436,90,11,'Comic Sans','Part beautiful people series.'),
(3576,2436,90,12,'Comic Sans','Actually animal green Democrat.'),
(3576,2436,90,13,'Verdana','In more only source.'),
(3804,4464,149,2,'Verdana','Painting each see cell number lot city score.'),
(3804,4464,149,3,'Verdana','They prove play crime daughter light.'),
(3804,4464,149,4,'Comic Sans','Education it likely media hear arm.'),
(3804,4464,149,5,'Verdana','The environment one institution.'),
(3804,4464,149,6,'Verdana','Wonder choose season economic.'),
(4094,6234,94,5,'Verdana','Maintain task garden they attorney whose who real.'),
(4094,6234,94,6,'Verdana','Mention choice important artist local in happy.'),
(4094,6234,94,7,'Verdana','Huge how discover material condition focus newspaper strategy.'),
(4094,6234,94,8,'Verdana','Laugh where trial history daughter series.'),
(4094,6234,94,9,'Verdana','Not feeling with exactly catch pull.'),
(4094,6234,94,10,'Arial','Source option option.'),
(4142,3863,228,7,'Verdana','Strong clearly watch page.'),
(4142,3863,228,8,'Comic Sans','Head model throw fish.'),
(4142,3863,228,9,'Verdana','New give mouth practice and phone.'),
(4200,8020,399,7,'Comic Sans','He skill special allow near far.'),
(4200,8020,399,8,'Comic Sans','As teacher protect past must believe.'),
(4200,8020,399,9,'Comic Sans','White long three must why prepare television.'),
(4200,8020,399,10,'Verdana','Particular huge produce form newspaper.'),
(4200,8020,399,11,'Comic Sans','Day reflect position card without project early particularly.'),
(4200,8020,399,12,'Arial','Test way training must quality nothing.'),
(4200,8020,399,13,'Comic Sans','Office skin data defense enough very.'),
(4200,8020,399,14,'Arial','Others program sing mission realize response.'),
(4335,7582,45,9,'Arial','Everybody dark prevent evening keep soon hope.'),
(4335,7582,45,10,'Comic Sans','Recognize quality easy professional nation.'),
(4335,7582,45,11,'Arial','Street change attorney example notice bring.'),
(4335,7582,45,12,'Comic Sans','Live life onto.'),
(4335,7582,45,13,'Arial','Manage magazine leg under.'),
(4335,8354,227,2,'Comic Sans','Remember outside gun able floor.'),
(4335,8354,227,3,'Arial','Other leader hand network idea country.'),
(4335,8354,227,4,'Comic Sans','System chair national letter.'),
(4335,8354,227,5,'Arial','Sometimes attorney cost thus.'),
(4335,8877,126,1,'Comic Sans','Score inside tend before economic seat capital.'),
(4335,8877,126,2,'Verdana','Also yeah tree follow firm carry.'),
(4335,8877,126,3,'Comic Sans','Realize rich oil prevent management factor draw.'),
(4335,8877,126,4,'Verdana','Cup chance from never.'),
(4335,8877,126,5,'Verdana','Build child expect clearly.'),
(4335,8877,126,6,'Arial','Trade high speak outside plan near last.'),
(4451,3863,119,4,'Verdana','Wait catch suddenly member among experience possible.'),
(4451,3863,119,5,'Verdana','About truth let.'),
(4451,3863,119,6,'Comic Sans','Pattern whom community story billion back.'),
(4451,3863,119,7,'Comic Sans','Throw for action order future sister each.'),
(4451,3863,119,8,'Verdana','Pressure method whom everything common.'),
(4451,3863,119,9,'Arial','Each act chair front collection bit sure.'),
(4451,3863,119,10,'Arial','Poor debate parent soldier mouth.'),
(4451,3892,101,9,'Arial','Simple fall wonder.'),
(4451,3892,101,10,'Verdana','Difference goal since live writer value happy.'),
(4451,3892,101,11,'Arial','Project half tough everything.'),
(4451,3892,101,12,'Arial','Pressure floor just among chance hit.'),
(4451,3892,101,13,'Arial','Anything site show blue court safe live.'),
(4468,8877,345,5,'Verdana','Fight one particularly.'),
(4468,8877,345,6,'Comic Sans','Play bit face race big place leader.'),
(4534,8877,395,8,'Arial','Successful throughout enter card lose.'),
(4534,8877,395,9,'Comic Sans','Hour politics can Democrat.'),
(4534,8877,395,10,'Comic Sans','Especially full nearly teacher.'),
(4534,8877,395,11,'Verdana','Huge evening statement kind.'),
(4534,8877,395,12,'Verdana','Side chance fine population ahead image.'),
(4534,8877,395,13,'Comic Sans','Seek believe wrong.'),
(4534,8877,395,14,'Verdana','Study thousand claim bar lead start term.'),
(4534,8877,395,15,'Comic Sans','Learn draw economic last idea.'),
(4534,8877,395,16,'Comic Sans','Its natural on table.'),
(4624,8079,15,2,'Arial','Cold set rise none about campaign which seem.'),
(4624,8079,15,3,'Arial','Shake employee political almost.'),
(4624,8079,15,4,'Arial','East expect box bag.'),
(4624,8079,15,5,'Verdana','Minute focus toward land section politics thank become.'),
(4624,8079,15,6,'Verdana','Listen wall can yard.'),
(4658,1473,202,5,'Comic Sans','Debate reveal of customer present before.'),
(4658,1473,202,6,'Verdana','Teacher off just near prevent popular.'),
(4658,1473,202,7,'Arial','Product join care.'),
(4658,1473,202,8,'Comic Sans','Later easy window marriage program green.'),
(4658,1473,202,9,'Comic Sans','Father yourself place science.'),
(4658,1473,202,10,'Comic Sans','Middle quality rate.'),
(4658,1473,202,11,'Arial','Safe increase maintain growth city agreement movie.'),
(4658,1473,202,12,'Verdana','Section exactly always certain bill science join.'),
(4658,1473,202,13,'Verdana','Before occur country street democratic after tell level.'),
(4720,1846,299,1,'Verdana','Well create town individual.'),
(4720,1846,299,2,'Arial','Lawyer light central treatment Mrs stand.'),
(4720,1846,299,3,'Verdana','Help cause key shake.'),
(4720,1846,299,4,'Verdana','Fall build south inside resource food already church.'),
(4817,1849,186,11,'Comic Sans','Thing result trouble radio feeling ground.'),
(4817,1849,186,12,'Comic Sans','See the necessary age vote everyone.'),
(4817,1849,186,13,'Comic Sans','Speech above where modern live high rule.'),
(4817,1849,186,14,'Arial','Fact cell trade night these rise.'),
(4817,1849,186,15,'Arial','Crime daughter training low what another very.'),
(4817,1849,186,16,'Arial','Animal what service quite.'),
(4817,1849,186,17,'Comic Sans','Goal while wife fish smile memory employee.'),
(4817,1849,186,18,'Comic Sans','Street theory official.'),
(4817,1849,186,19,'Verdana','Begin talk task read.'),
(4885,1473,136,7,'Comic Sans','While summer fact him.'),
(4885,1473,136,8,'Arial','Born story work they.'),
(4885,1473,136,9,'Arial','Create man simply black remember.'),
(4885,1473,136,10,'Comic Sans','Party compare each town age remain rich road.'),
(4921,2348,394,9,'Comic Sans','Others almost often well pull military support after.'),
(4921,2348,394,10,'Arial','Arrive picture pick reach add stand face recently.'),
(4921,2348,394,11,'Comic Sans','Walk inside far never decide.'),
(4921,2348,394,12,'Arial','Million off record pay.'),
(4921,2348,394,13,'Verdana','List price each leader.'),
(4921,2348,394,14,'Verdana','Through decide consumer prevent responsibility pattern.'),
(4921,2348,394,15,'Arial','Dinner note evening trial.'),
(4921,2348,394,16,'Verdana','Exist his foot contain until return.'),
(4921,2348,394,17,'Arial','Yard item window without produce blue.'),
(4981,6278,36,11,'Arial','Air or threat new tax star evening entire.'),
(4981,6278,36,12,'Arial','Town star while skill listen.'),
(4981,6278,36,13,'Comic Sans','Grow woman law gun value never.'),
(4981,6278,36,14,'Arial','Similar next item staff interview executive simple treat.'),
(4981,6278,36,15,'Arial','I still north likely.'),
(5150,2728,76,7,'Comic Sans','Middle close star at race each agency defense.'),
(5528,3388,393,11,'Comic Sans','Face effort edge.'),
(5528,3388,393,12,'Verdana','Range treat career.'),
(5528,3388,393,13,'Arial','Action stop reach stage development so.'),
(5528,3388,393,14,'Arial','Sense final born.'),
(5528,3388,393,15,'Arial','Mean measure likely television hear.'),
(5528,3388,393,16,'Arial','Down especially star training prevent pick good.'),
(5528,3388,393,17,'Verdana','Enter though sure.'),
(5528,6364,124,2,'Comic Sans','Else trial second.'),
(5528,6364,124,3,'Verdana','Director process record fight.'),
(5549,2711,187,10,'Verdana','Someone window question.'),
(5549,2711,187,11,'Verdana','Full protect full give clearly.'),
(5549,2711,187,12,'Arial','Kitchen their you only history officer vote.'),
(5549,2711,187,13,'Arial','Play since treatment so really bad.'),
(5549,2711,187,14,'Verdana','Onto ten with prove water.'),
(5549,2711,187,15,'Arial','Soldier sister cover wait.'),
(5549,2711,187,16,'Verdana','Play hair research son civil.'),
(5639,6364,166,4,'Verdana','Sell child imagine.'),
(5639,6364,166,5,'Verdana','Member buy change city.'),
(5639,8079,201,5,'Arial','A near writer much into ok.'),
(5639,8079,201,6,'Comic Sans','Point free generation feeling church allow ready kind.'),
(5639,8079,201,7,'Comic Sans','Travel age suffer.'),
(5639,8079,201,8,'Verdana','Far together next site and might day.'),
(5639,8079,201,9,'Verdana','Bring everyone buy both note attention international manager.'),
(5639,8079,201,10,'Comic Sans','Sense call thus indicate culture think peace.'),
(5658,2348,133,8,'Arial','Color about or.'),
(5658,2348,133,9,'Arial','Race ten personal senior culture degree police.'),
(5658,2348,133,10,'Comic Sans','Property spring least team stock add food.'),
(5783,7103,219,2,'Verdana','East long price teach.'),
(5783,7103,219,3,'Comic Sans','Gun tell than.'),
(5783,7103,219,4,'Comic Sans','Maybe blue find admit likely what.'),
(5783,7103,219,5,'Comic Sans','Institution even camera bed.'),
(5949,4464,233,3,'Arial','Far impact network animal head.'),
(5949,4464,233,4,'Comic Sans','Candidate speak letter break perform writer.'),
(5949,4464,233,5,'Comic Sans','Republican trouble determine.'),
(5949,4464,233,6,'Verdana','Drop young foreign.'),
(5949,4464,233,7,'Arial','Financial college full dinner.'),
(5949,4464,233,8,'Verdana','Item contain PM fish pull head lot.'),
(5949,4464,233,9,'Arial','May so treat.'),
(5949,4464,233,10,'Arial','Drop me size show or what.'),
(5949,4464,233,11,'Verdana','Including hospital fast whatever always piece.'),
(5949,4719,5,5,'Verdana','Student card future away.'),
(5949,4719,5,6,'Comic Sans','Magazine defense success.'),
(5949,4719,5,7,'Arial','Suggest again such want shoulder support.'),
(5949,4719,5,8,'Verdana','Catch most group film study say little.'),
(5949,4719,5,9,'Comic Sans','Whether seek determine actually guy.'),
(5949,4719,5,10,'Verdana','Somebody every ten even available sign.'),
(5949,4719,5,11,'Arial','Watch hundred partner everybody movie since whose.'),
(5949,4719,5,12,'Arial','Break push address walk peace.'),
(5949,4719,5,13,'Comic Sans','Either onto continue.'),
(5949,4719,5,14,'Arial','Price step reduce woman central always.'),
(6114,4464,33,3,'Comic Sans','Wrong care resource song yard.'),
(6114,4464,33,4,'Verdana','Same around black career.'),
(6114,4464,33,5,'Arial','Bit exactly business citizen.'),
(6114,4464,33,6,'Comic Sans','Shoulder experience report.'),
(6114,4464,33,7,'Comic Sans','Center Mr case step personal year program explain.'),
(6114,4464,33,8,'Verdana','Open smile give stuff sound necessary.'),
(6114,4464,33,9,'Verdana','White there like late tree from buy why.'),
(6114,7282,26,11,'Arial','That role remember station.'),
(6233,996,362,4,'Comic Sans','During fight television energy clearly drug picture.'),
(6233,996,362,5,'Comic Sans','Inside think watch behavior soon.'),
(6233,996,362,6,'Verdana','Student agent sense organization politics wind song.'),
(6233,996,362,7,'Comic Sans','Quickly end alone mouth world.'),
(6233,996,362,8,'Arial','Available contain share not leader keep Republican goal.'),
(6233,996,362,9,'Verdana','Lead these practice inside play up.'),
(6233,996,362,10,'Verdana','Forward option science care check into school.'),
(6233,996,362,11,'Verdana','Relationship some high everyone space.'),
(6233,996,362,12,'Verdana','Senior program tax range game popular democratic the.'),
(6233,996,362,13,'Arial','Current others industry address.'),
(6758,7264,311,6,'Comic Sans','Hundred quickly fear notice city yourself nor short.'),
(6758,7264,311,7,'Verdana','Whom idea product director pattern natural.'),
(6758,7264,311,8,'Arial','Social politics push fill successful three.'),
(6758,7264,311,9,'Arial','Day eye training civil concern no.'),
(6758,7264,311,10,'Comic Sans','Improve range everyone president once.'),
(6758,7264,311,11,'Verdana','Able himself plant cell.'),
(6758,7264,311,12,'Comic Sans','Economic determine month measure room least ready.'),
(6758,7264,311,13,'Arial','Radio bar low fact apply then into.'),
(6758,7264,311,14,'Arial','Society line safe home weight.'),
(6758,8435,380,5,'Comic Sans','Animal you see bit knowledge.'),
(6758,8435,380,6,'Verdana','Information mission carry.'),
(6758,8435,380,7,'Verdana','Or range culture reach already apply drug and.'),
(6758,8435,380,8,'Verdana','Network better great.'),
(6809,8753,161,3,'Verdana','Writer push film everybody land power various.'),
(6809,8753,161,4,'Comic Sans','Method see itself put player bar.'),
(6809,8753,161,5,'Comic Sans','Myself from reflect others family.'),
(6809,8753,161,6,'Comic Sans','High building property raise political.'),
(6809,8753,161,7,'Arial','Understand off away be many west someone.'),
(6809,8753,161,8,'Comic Sans','Over need truth check receive step.'),
(6809,8753,161,9,'Comic Sans','Member same hour social difficult though.'),
(6975,5120,292,2,'Comic Sans','Avoid else democratic grow take best career.'),
(7014,5006,283,3,'Verdana','Cut weight hope former film receive thank.'),
(7014,5006,283,4,'Arial','Shoulder right record use.'),
(7014,5006,283,5,'Comic Sans','Yeah order exist response ever.'),
(7014,5006,283,6,'Verdana','Number owner way center.'),
(7204,6896,381,2,'Verdana','Start ok health red option any.'),
(7204,6896,381,3,'Arial','Pick leg set another.'),
(7204,6896,381,4,'Comic Sans','Act act fast.'),
(7204,6896,381,5,'Verdana','Admit different national include TV writer.'),
(7204,6896,381,6,'Verdana','Development option own door.'),
(7339,522,392,3,'Verdana','Organization news trouble miss.'),
(7339,522,392,4,'Comic Sans','Party no staff agent several.'),
(7402,8020,218,10,'Comic Sans','Morning possible news through white staff.'),
(7402,8020,218,11,'Comic Sans','Something property service together be turn reason.'),
(7402,8020,218,12,'Arial','Sense from wear model wish discover.'),
(7402,8020,218,13,'Comic Sans','Very business option right picture already.'),
(7402,8020,218,14,'Comic Sans','Find list rule best race.'),
(7402,8020,218,15,'Comic Sans','Act high against.'),
(7402,8020,218,16,'Arial','Generation be control.'),
(7402,8020,218,17,'Verdana','Wish sound stop dark community.'),
(7462,2787,212,8,'Arial','War group everyone hotel audience which.'),
(7462,2787,212,9,'Comic Sans','Against various service should.'),
(7602,6896,367,8,'Verdana','Live kitchen security support every production spring.'),
(7644,5616,287,4,'Verdana','On maintain prepare career source.'),
(7644,5616,287,5,'Arial','Management yet performance various.'),
(7644,5616,287,6,'Arial','Send carry media number real their require must.'),
(7644,5616,287,7,'Comic Sans','Remain old see rather grow.'),
(7644,5616,287,8,'Verdana','Report onto reduce together issue interview.'),
(7770,2379,391,3,'Comic Sans','Live many culture community them television.'),
(7770,2379,391,4,'Verdana','Marriage something bad too travel concern mother think.'),
(7770,2379,391,5,'Comic Sans','Place seven change indeed country eat.'),
(7770,2379,391,6,'Arial','School military choice.'),
(7770,2379,391,7,'Comic Sans','Series itself its what quite.'),
(7770,2379,391,8,'Verdana','Nor series beat hand while miss.'),
(7770,2379,391,9,'Comic Sans','Budget night should movie product political try feeling.'),
(7770,2379,391,10,'Verdana','Nearly program everybody product home them.'),
(8076,4319,168,7,'Verdana','News leader so kitchen affect theory trouble determine.'),
(8076,4319,168,8,'Comic Sans','Let chair animal food do push catch.'),
(8076,4319,168,9,'Arial','Billion hit certainly nice all avoid owner any.'),
(8076,4319,168,10,'Verdana','Control majority media chair.'),
(8076,4319,168,11,'Comic Sans','Player person group.'),
(8076,4319,168,12,'Verdana','Dinner tend world really guy.'),
(8076,4319,168,13,'Comic Sans','Tonight land wonder now.'),
(8522,2178,252,6,'Comic Sans','Civil economy analysis bank paper rather.'),
(8522,2178,252,7,'Comic Sans','Decision laugh me trade.'),
(8522,2178,252,8,'Comic Sans','Plant white upon environmental.'),
(8522,2178,252,9,'Comic Sans','Never fight bad fear prove instead range.'),
(8522,2178,252,10,'Comic Sans','Bring whose husband letter form third issue.'),
(8522,2178,252,11,'Arial','Assume can Mr detail able likely.'),
(8522,2178,252,12,'Verdana','Cover receive cause hope.'),
(8522,2178,252,13,'Verdana','Our little degree my experience box stock manager.'),
(8522,2178,252,14,'Comic Sans','Science actually local difference site.'),
(8522,6308,55,4,'Verdana','Station economy certainly exactly.'),
(8522,6308,55,5,'Arial','Music off wind allow organization administration public.'),
(8522,6308,55,6,'Comic Sans','Opportunity water campaign.'),
(8522,6308,55,7,'Arial','Tonight I year might reduce forward owner.'),
(8522,6308,55,8,'Comic Sans','Step enter push sense trouble run.'),
(8522,6364,266,3,'Arial','Book language father chance several station choice.'),
(8522,6364,266,4,'Arial','Believe always mission beat.'),
(8851,136,49,7,'Verdana','Wife team ok.'),
(8851,136,49,8,'Verdana','Fine partner any contain.'),
(8851,136,49,9,'Arial','Reason hospital cup activity democratic experience.'),
(9383,3066,306,9,'Comic Sans','Record fight term go call necessary tonight.'),
(9383,3066,306,10,'Verdana','Same describe keep seven decision painting.'),
(9383,3066,306,11,'Verdana','Body value machine wall offer.'),
(9383,3066,306,12,'Comic Sans','Nice painting road modern store size.'),
(9383,3066,306,13,'Arial','Together response lose.'),
(9383,3066,306,14,'Comic Sans','Team manage guess character structure trip war.'),
(9383,3066,306,15,'Comic Sans','Investment individual well operation get try throughout.'),
(9441,7140,47,9,'Verdana','Here floor them compare.'),
(9441,7140,47,10,'Verdana','Share for involve fight edge whose discuss mission.'),
(9441,7140,47,11,'Arial','Change during road herself.'),
(9441,7140,47,12,'Verdana','Remain goal themselves lead age down myself.'),
(9836,8753,10,5,'Comic Sans','Sort rate role effect.'),
(9836,8753,10,6,'Comic Sans','Recent system capital partner partner majority.'),
(9836,8753,10,7,'Arial','When room bar time.'),
(9836,8753,10,8,'Arial','Market start past process action own.');
/*!40000 ALTER TABLE `caption` ENABLE KEYS */;
UNLOCK TABLES;

--
-- Table structure for table `chat`
--

DROP TABLE IF EXISTS `chat`;
/*!40101 SET @saved_cs_client     = @@character_set_client */;
/*!40101 SET character_set_client = utf8mb4 */;
CREATE TABLE `chat` (
  `user_id` int(11) NOT NULL,
  `room_id` int(11) NOT NULL,
  `sent_order` int(11) NOT NULL,
  `message` text NOT NULL,
  PRIMARY KEY (`user_id`,`room_id`,`sent_order`),
  CONSTRAINT `chat_ibfk_1` FOREIGN KEY (`user_id`, `room_id`, `sent_order`) REFERENCES `content` (`user_id`, `room_id`, `sent_order`)
) ENGINE=InnoDB DEFAULT CHARSET=latin1 COLLATE=latin1_swedish_ci;
/*!40101 SET character_set_client = @saved_cs_client */;

--
-- Dumping data for table `chat`
--

LOCK TABLES `chat` WRITE;
/*!40000 ALTER TABLE `chat` DISABLE KEYS */;
INSERT INTO `chat` (`user_id`, `room_id`, `sent_order`, `message`) VALUES (144,1819,135,'Edge green grow detail difficult truth letter.'),
(336,2178,134,'Air instead maintain house change member.'),
(336,2330,165,'Stock leader space property ten.'),
(417,2711,206,'Direction back my every message shoulder.'),
(417,9638,321,'Win college wind arm event total.'),
(418,2336,97,'Yes far arm like game hotel.'),
(496,3388,349,'You citizen walk.'),
(496,4688,290,'Nothing or fly particular.'),
(496,6472,374,'Sing as kind produce meet letter.'),
(663,1782,387,'Soon nice maintain artist hard role.'),
(766,522,368,'Resource drug team significant send apply.'),
(766,1473,189,'Home indicate citizen statement child.'),
(766,8020,112,'Food home job pay always like my whose.'),
(787,6242,317,'Third answer try police others draw health tend.'),
(787,8835,116,'Both moment area.'),
(832,9733,361,'Mention those sense in meet including senior.'),
(902,996,359,'Like human relationship but.'),
(902,7106,333,'Garden fire mean end hear air station.'),
(966,1070,297,'Financial bill service four.'),
(1466,2178,314,'Skin mouth media thousand performance yes.'),
(1466,2787,278,'Start whatever Mr attack weight respond poor.'),
(1655,5208,214,'Reflect brother summer easy hand.'),
(1661,3119,386,'Also plan cell law budget natural beat husband.'),
(1789,140,32,'Trouble when spring billion.'),
(1789,3858,302,'Other product seven community certain.'),
(1789,6368,231,'Response turn model race adult customer.'),
(1818,3735,125,'Soon still political probably.'),
(1818,9158,199,'Upon hold probably human voice happy source.'),
(1875,2578,43,'People TV well senior hair message lot.'),
(1900,3084,238,'Morning interesting anyone interview she crime.'),
(1971,6234,282,'Long last throughout charge crime.'),
(2120,7773,305,'Wall society while product itself order management.'),
(2193,9468,174,'Forget under full up to others strategy.'),
(2256,2330,41,'Economic I prove executive record ball short.'),
(2256,6488,86,'Help operation lay debate film pick article.'),
(2322,5390,276,'Exist structure cover study rather guess.'),
(2322,8299,203,'Strong military national piece participant she recently.'),
(2343,4178,295,'Order good lawyer run resource structure poor.'),
(2343,4319,38,'Compare change radio.'),
(2357,3348,285,'Gun benefit consumer bill garden that physical.'),
(2357,7031,108,'Around material sing condition.'),
(2357,7103,378,'Market even difference if west service bank.'),
(2381,1849,34,'Remain girl never down interesting pull.'),
(2381,2546,182,'Relationship yourself which community you coach.'),
(2721,4719,377,'Worker will certain.'),
(2910,3388,22,'Them form offer artist thank.'),
(2910,5413,121,'Avoid one data nice.'),
(2910,9914,12,'Lose will take paper treatment follow responsibility.'),
(2990,7264,277,'Hand television build whether agree start.'),
(3007,2436,104,'Poor official defense first station.'),
(3007,3084,77,'People family college court author.'),
(3007,5616,309,'American light three water become thousand probably.'),
(3007,6565,281,'My series side fly consumer concern.'),
(3007,8003,389,'Benefit money individual talk world.'),
(3052,2436,397,'Cause beyond surface.'),
(3052,3388,56,'Trip able left.'),
(3052,8354,44,'Possible color describe behavior front lose wrong worry.'),
(3053,4082,87,'Serve all development ok.'),
(3210,4464,142,'Fish theory himself spend culture leader.'),
(3216,9733,59,'Shoulder summer finally kid determine thing.'),
(3240,8344,185,'Moment my detail defense.'),
(3290,3741,190,'Close or budget just simple rich our.'),
(3315,497,128,'Democrat huge especially weight pattern none practice.'),
(3365,1775,74,'Husband yard follow none conference have.'),
(3365,8299,131,'Decade huge find unit.'),
(3377,373,20,'Scene movie use guy toward already.'),
(3377,691,81,'Save professor response trouble help feeling chance increase.'),
(3388,5857,261,'Public scene Mrs her lay pay.'),
(3388,8009,27,'Item might industry loss thing.'),
(3388,9468,29,'Color think someone act walk.'),
(3392,4612,249,'Truth true chair guy police own material happy.'),
(3392,7106,6,'Open positive professor eight.'),
(3392,8009,205,'Knowledge nature reflect once behavior drive matter.'),
(3392,8299,129,'Late theory general in health ability describe.'),
(3804,8877,114,'Politics voice loss citizen Congress.'),
(3832,9638,250,'Woman war threat partner pick example determine book.'),
(3868,8470,171,'Computer sound maintain room then.'),
(3891,1097,85,'Reduce yeah turn weight available international happy.'),
(3891,5120,334,'Particular senior officer wait week.'),
(3891,7715,3,'South idea staff clearly recent Mrs.'),
(3891,8252,210,'Computer feeling response establish financial especially.'),
(4074,8354,16,'Ground plan gun several heavy expert decision throughout.'),
(4094,3017,24,'Guy bill building condition figure.'),
(4094,7773,284,'Act guy gas usually their.'),
(4200,2728,204,'Inside group chair.'),
(4200,8470,298,'Fight despite even rise rate attorney science.'),
(4335,2359,138,'Structure one TV step establish already wide.'),
(4335,3925,79,'Arrive take factor talk plan.'),
(4335,6472,175,'Professional color where garden physical ahead send scientist.'),
(4451,1849,123,'Act more stand bed.'),
(4451,6364,360,'Camera interesting able mean common this present.'),
(4451,6856,193,'Down understand fine since finally radio very.'),
(4464,9438,325,'Simple create suffer serve heart suddenly sport.'),
(4506,1782,270,'Realize where miss project meeting investment.'),
(4506,7140,140,'Project environment west possible.'),
(4534,4670,354,'Push suffer imagine task.'),
(4698,3858,244,'Woman hair develop scene tonight consumer.'),
(4698,5616,98,'Amount military of real take top.'),
(4720,1470,339,'Difference new parent since soon.'),
(4921,96,255,'Popular above million probably yet.'),
(4921,4334,120,'Learn window reduce speak take.'),
(4921,6308,82,'Majority magazine laugh arrive identify.'),
(4981,9914,40,'Project during fear country develop act them.'),
(5150,9158,21,'End certainly rule total not.'),
(5256,1548,145,'Follow pick decade.'),
(5256,8842,318,'Clearly take guess new room rock.'),
(5528,3735,215,'Picture remain them seat computer rest.'),
(5549,2116,237,'Behind action list eye do size throughout.'),
(5549,8344,369,'Compare in brother type.'),
(5567,581,263,'Real teach environment piece.'),
(5618,469,262,'Trip beautiful return.'),
(5639,3066,326,'Cost agreement ten no.'),
(5658,581,300,'Financial follow beautiful need main.'),
(5658,3892,62,'Medical paper thus job perhaps cell.'),
(5658,5120,328,'Machine food effect quite field challenge budget.'),
(5759,5980,239,'Moment easy act high note compare.'),
(5783,9213,315,'Marriage give nice us.'),
(5849,17,230,'Each toward throw general cause western.'),
(5849,6242,240,'Yes director it truth relate teacher.'),
(5849,7773,225,'Tend for hard employee.'),
(5868,3858,294,'Really appear really situation job land.'),
(5949,2116,53,'Always door while away position.'),
(5949,3687,313,'Agent only city behind modern.'),
(6041,4719,122,'Task only but hold bank event.'),
(6068,9616,271,'Moment threat month chair hot hard way important.'),
(6114,1562,324,'Wear administration beat play.'),
(6147,1070,67,'Pull moment add claim law mean third.'),
(6147,8252,42,'Perhaps his admit method.'),
(6233,96,194,'Miss capital happy itself door.'),
(6233,6368,143,'Develop even laugh leg study night thousand.'),
(6287,5414,31,'Plan west third.'),
(6392,5263,198,'Natural ability remember.'),
(6550,703,366,'Company section sure friend various often.'),
(6718,2724,346,'Middle event ability purpose so majority newspaper choose.'),
(6718,9438,350,'Top prove shoulder stage.'),
(6794,9733,111,'Senior Mrs particular often outside report likely.'),
(6903,9911,390,'Imagine ground world half down unit.'),
(7013,1139,330,'Citizen author everybody PM choose statement ask near.'),
(7013,4082,191,'Reason guess whom successful player product relate.'),
(7014,522,264,'Program money partner education letter Mrs amount entire.'),
(7024,4778,347,'Human see watch figure the between.'),
(7078,522,113,'Edge international cup any simply visit similar.'),
(7127,808,150,'Add off friend seem myself large.'),
(7127,1548,1,'Get truth opportunity six.'),
(7169,3081,130,'Long remain between.'),
(7402,4464,316,'Agent movie meet require country.'),
(7402,7750,310,'Line rich create none than less once.'),
(7462,373,14,'Because grow big.'),
(7462,1846,96,'Exist many money human side current.'),
(7462,7140,322,'Western sit eight under natural president money and.'),
(7462,8753,288,'Morning benefit war task rule even term.'),
(7527,5006,70,'Forward alone southern everyone play during.'),
(7527,5390,388,'Art whether few position.'),
(7527,7582,132,'Board though remain without material.'),
(7527,8835,11,'Me teacher common.'),
(7602,1709,54,'Visit left down participant.'),
(7644,2436,234,'Story late guess such magazine.'),
(8019,808,155,'Condition piece teacher will young language.'),
(8019,1161,235,'Fly beautiful popular media new population.'),
(8019,6164,152,'Region authority peace girl.'),
(8019,6308,83,'Nothing interesting have watch.'),
(8075,9733,200,'Else way finish time woman.'),
(8181,1709,242,'Participant capital maybe respond not appear.'),
(8181,4972,99,'Anything give follow article message sing.'),
(8418,4489,89,'Bed race return term.'),
(8522,2578,8,'Into behavior floor way whole total type.'),
(8555,4178,46,'Positive run include head law support gun capital.'),
(8764,5208,173,'Mind now sister.'),
(8851,1775,332,'Seat either project throw research.'),
(8851,3924,52,'Specific well serious option firm ten deal.'),
(8851,4612,340,'Look way race because several.'),
(9439,3863,373,'Edge attorney rule structure gas.'),
(9439,3923,260,'Whom bill rich herself social south work concern.'),
(9439,6565,84,'Choice and still.'),
(9449,4489,216,'My interesting push admit.'),
(9547,1846,357,'Serious itself identify door positive.'),
(9547,3664,245,'East least mention language well.'),
(9547,9911,153,'Source wish career society college nature.'),
(9660,5208,66,'Bed leg card offer employee thought poor.'),
(9792,2330,267,'During according west.'),
(9792,3923,383,'Join hit must institution state medical behind.'),
(9792,7031,329,'Thing account low investment.'),
(9836,140,327,'Pay eat news value may quality special.'),
(9836,1070,209,'Movie will individual recognize Mr receive book.'),
(9836,5208,269,'Cup world deep bring stock theory key.'),
(9889,7103,400,'Beat might admit upon.');
/*!40000 ALTER TABLE `chat` ENABLE KEYS */;
UNLOCK TABLES;

--
-- Table structure for table `content`
--

DROP TABLE IF EXISTS `content`;
/*!40101 SET @saved_cs_client     = @@character_set_client */;
/*!40101 SET character_set_client = utf8mb4 */;
CREATE TABLE `content` (
  `user_id` int(11) NOT NULL,
  `room_id` int(11) NOT NULL,
  `sent_order` int(11) NOT NULL,
  `send_time` datetime NOT NULL,
  `is_exists` tinyint(4) NOT NULL,
  PRIMARY KEY (`user_id`,`room_id`,`sent_order`),
  KEY `room_id` (`room_id`),
  CONSTRAINT `content_ibfk_1` FOREIGN KEY (`user_id`) REFERENCES `user` (`user_id`),
  CONSTRAINT `content_ibfk_2` FOREIGN KEY (`room_id`) REFERENCES `room_chat` (`room_id`)
) ENGINE=InnoDB DEFAULT CHARSET=latin1 COLLATE=latin1_swedish_ci;
/*!40101 SET character_set_client = @saved_cs_client */;

--
-- Dumping data for table `content`
--

LOCK TABLES `content` WRITE;
/*!40000 ALTER TABLE `content` DISABLE KEYS */;
INSERT INTO `content` (`user_id`, `room_id`, `sent_order`, `send_time`, `is_exists`) VALUES (144,1819,135,'2025-03-08 15:13:49',1),
(336,1470,196,'2025-04-26 19:42:07',1),
(336,2178,134,'2025-02-18 05:06:11',1),
(336,2330,165,'2025-01-04 19:49:10',1),
(417,2711,206,'2025-05-13 12:51:15',1),
(417,9638,321,'2025-03-27 09:27:25',1),
(418,703,2,'2025-05-09 06:41:53',1),
(418,2336,97,'2025-04-07 08:01:59',1),
(418,5120,19,'2025-04-12 06:22:28',1),
(496,703,164,'2025-03-29 14:17:51',1),
(496,3388,349,'2025-01-27 00:44:13',1),
(496,4688,290,'2025-02-09 19:04:10',1),
(496,6472,374,'2025-02-20 09:44:24',1),
(663,1782,387,'2025-02-08 05:33:30',1),
(766,522,368,'2025-01-06 22:08:08',1),
(766,1473,189,'2025-01-13 09:24:42',1),
(766,8020,112,'2025-02-02 01:29:32',1),
(766,9213,232,'2025-03-03 13:17:09',1),
(787,3863,384,'2025-02-27 06:24:29',1),
(787,6242,317,'2025-04-07 11:10:09',1),
(787,8835,116,'2025-02-22 20:46:51',1),
(832,140,258,'2025-04-09 15:23:27',1),
(832,1782,154,'2025-01-12 05:44:17',1),
(832,3735,289,'2025-03-22 01:55:02',1),
(832,9733,361,'2025-04-28 15:12:46',1),
(902,996,359,'2025-01-17 11:18:54',1),
(902,3119,213,'2025-02-11 11:09:12',1),
(902,5120,139,'2025-03-17 06:17:11',1),
(902,7106,333,'2025-03-29 07:27:44',1),
(966,1070,297,'2025-02-06 20:54:01',1),
(966,6303,58,'2025-01-05 03:03:42',1),
(1219,5263,192,'2025-04-21 00:20:59',1),
(1466,2178,314,'2025-02-19 17:56:29',1),
(1466,2787,278,'2025-03-24 23:59:28',1),
(1466,8842,331,'2025-04-26 23:09:59',1),
(1655,3081,7,'2025-04-19 22:30:42',1),
(1655,5208,214,'2025-04-19 05:40:04',1),
(1655,8020,375,'2025-03-13 01:59:37',1),
(1661,808,159,'2025-04-15 06:32:06',1),
(1661,3119,386,'2025-04-01 16:31:49',1),
(1681,1782,229,'2025-03-28 16:16:11',1),
(1681,6308,254,'2025-04-08 07:05:47',1),
(1789,140,32,'2025-02-08 01:16:46',1),
(1789,2336,146,'2025-02-04 00:46:34',1),
(1789,3858,302,'2025-03-15 10:05:25',1),
(1789,6368,231,'2025-04-26 12:02:57',1),
(1818,3735,125,'2025-02-06 18:41:38',1),
(1818,9158,199,'2025-04-08 11:26:31',1),
(1875,1709,236,'2025-01-27 19:14:39',1),
(1875,2578,43,'2025-05-11 23:03:56',1),
(1875,3687,207,'2025-01-15 09:24:10',1),
(1900,3084,238,'2025-01-01 15:36:38',1),
(1971,1339,160,'2025-03-02 01:48:58',1),
(1971,4504,68,'2025-01-10 05:09:26',1),
(1971,6234,282,'2025-01-08 16:50:17',1),
(1971,8252,308,'2025-04-10 02:29:07',1),
(2092,3741,78,'2025-05-14 18:41:59',1),
(2120,2787,253,'2025-03-02 02:00:12',1),
(2120,7773,305,'2025-01-05 11:45:37',1),
(2193,3863,257,'2025-03-08 12:04:34',1),
(2193,9468,106,'2025-03-04 02:20:54',1),
(2193,9468,174,'2025-05-06 22:38:47',1),
(2193,9616,88,'2025-01-06 05:44:16',1),
(2256,2330,41,'2025-04-21 11:12:38',1),
(2256,4334,80,'2025-01-10 21:07:12',1),
(2256,6488,86,'2025-02-21 02:17:18',1),
(2322,3892,65,'2025-04-19 04:29:18',1),
(2322,5390,276,'2025-03-27 09:58:58',1),
(2322,8299,203,'2025-04-14 19:24:28',1),
(2323,3924,268,'2025-03-10 22:06:38',1),
(2323,7773,241,'2025-03-20 19:14:10',1),
(2343,2336,338,'2025-03-11 02:16:16',1),
(2343,4165,348,'2025-04-02 13:07:32',1),
(2343,4178,295,'2025-04-02 23:00:38',1),
(2343,4319,38,'2025-01-23 08:12:25',1),
(2343,9733,158,'2025-04-19 15:29:11',1),
(2357,3348,285,'2025-01-14 21:28:20',1),
(2357,7031,108,'2025-01-13 22:56:22',1),
(2357,7103,378,'2025-02-18 05:20:33',1),
(2357,7582,4,'2025-01-30 06:44:41',1),
(2381,1849,34,'2025-02-02 16:31:08',1),
(2381,2546,182,'2025-02-24 15:23:32',1),
(2721,703,195,'2025-04-12 20:01:51',1),
(2721,1339,323,'2025-01-23 11:43:03',1),
(2721,2787,13,'2025-03-16 03:22:01',1),
(2721,4719,377,'2025-05-03 19:52:48',1),
(2910,1849,243,'2025-05-15 15:57:44',1),
(2910,3388,22,'2025-04-17 13:41:48',1),
(2910,3892,105,'2025-04-15 05:18:00',1),
(2910,5413,121,'2025-05-13 11:42:08',1),
(2910,9914,12,'2025-03-03 16:40:58',1),
(2990,3388,137,'2025-04-19 10:16:22',1),
(2990,7264,277,'2025-03-11 21:31:11',1),
(3007,2436,104,'2025-03-15 00:44:21',1),
(3007,3084,77,'2025-05-04 07:47:19',1),
(3007,5616,309,'2025-03-12 03:58:19',1),
(3007,6368,370,'2025-03-16 11:26:42',1),
(3007,6565,281,'2025-04-12 04:54:04',1),
(3007,8003,389,'2025-04-20 23:21:53',1),
(3052,2436,397,'2025-04-29 06:08:05',1),
(3052,3388,56,'2025-02-20 10:37:09',1),
(3052,4165,320,'2025-03-01 11:42:40',1),
(3052,4719,272,'2025-05-10 14:53:21',1),
(3052,8354,44,'2025-03-29 19:15:54',1),
(3053,17,9,'2025-01-30 19:36:30',1),
(3053,4082,87,'2025-01-21 09:05:24',1),
(3210,789,179,'2025-01-13 02:21:43',1),
(3210,1819,344,'2025-01-16 04:42:08',1),
(3210,4464,142,'2025-05-12 01:24:39',1),
(3216,3119,355,'2025-01-04 14:36:06',1),
(3216,7140,144,'2025-05-13 19:46:15',1),
(3216,9733,59,'2025-01-29 01:48:30',1),
(3240,2766,181,'2025-04-10 12:30:27',1),
(3240,8344,185,'2025-04-09 23:51:05',1),
(3290,1709,385,'2025-04-30 06:03:00',1),
(3290,3741,190,'2025-03-15 21:24:34',1),
(3315,497,128,'2025-02-04 03:17:45',1),
(3315,1473,365,'2025-05-11 06:42:42',1),
(3315,4178,17,'2025-01-28 00:03:46',1),
(3365,581,337,'2025-03-25 23:13:44',1),
(3365,1775,74,'2025-02-17 18:44:15',1),
(3365,8299,131,'2025-05-14 13:38:00',1),
(3377,373,20,'2025-01-17 21:14:29',1),
(3377,691,81,'2025-04-14 21:36:48',1),
(3377,3119,296,'2025-03-09 07:46:28',1),
(3388,5857,261,'2025-04-19 05:42:31',1),
(3388,6154,57,'2025-04-08 23:59:53',1),
(3388,8009,27,'2025-03-11 12:28:38',1),
(3388,9468,29,'2025-02-20 08:08:46',1),
(3392,905,102,'2025-03-30 22:53:29',1),
(3392,4178,188,'2025-02-08 01:05:11',1),
(3392,4612,249,'2025-05-12 18:27:35',1),
(3392,7106,6,'2025-05-12 15:06:59',1),
(3392,8009,205,'2025-03-08 08:52:26',1),
(3392,8299,129,'2025-01-13 22:55:14',1),
(3392,9638,178,'2025-05-07 05:04:35',1),
(3576,581,157,'2025-01-27 01:31:39',1),
(3576,1846,176,'2025-04-14 09:55:13',1),
(3576,2436,90,'2025-04-05 18:23:02',1),
(3576,4504,335,'2025-04-24 07:55:57',1),
(3576,6472,61,'2025-02-23 08:59:53',1),
(3804,3664,223,'2025-03-31 01:16:55',1),
(3804,4464,149,'2025-03-10 15:57:43',1),
(3804,8877,114,'2025-01-04 09:08:38',1),
(3832,1775,75,'2025-04-15 23:45:34',1),
(3832,4972,312,'2025-04-04 09:24:06',1),
(3832,6856,341,'2025-05-01 16:37:14',1),
(3832,9638,250,'2025-03-23 23:01:58',1),
(3868,8470,171,'2025-02-11 16:18:36',1),
(3891,1097,85,'2025-04-10 12:56:21',1),
(3891,5120,334,'2025-01-15 11:33:55',1),
(3891,7715,3,'2025-04-13 16:30:30',1),
(3891,8252,210,'2025-01-11 17:58:24',1),
(4074,6856,147,'2025-02-17 06:04:01',1),
(4074,8354,16,'2025-03-08 08:31:34',1),
(4094,2178,197,'2025-03-31 12:34:46',1),
(4094,3017,24,'2025-01-23 15:25:00',1),
(4094,6234,94,'2025-03-12 10:41:22',1),
(4094,6488,18,'2025-02-27 09:08:44',1),
(4094,7773,284,'2025-05-12 05:12:18',1),
(4142,996,93,'2025-03-31 07:01:15',1),
(4142,3863,228,'2025-03-29 17:34:27',1),
(4200,2728,204,'2025-04-20 04:34:29',1),
(4200,6258,304,'2025-02-20 14:30:55',1),
(4200,6364,275,'2025-01-26 18:15:37',1),
(4200,7582,72,'2025-01-04 22:57:39',1),
(4200,8020,399,'2025-02-06 16:47:15',1),
(4200,8470,298,'2025-01-02 12:10:34',1),
(4335,2359,138,'2025-04-29 19:04:31',1),
(4335,3925,79,'2025-01-04 17:52:24',1),
(4335,6472,175,'2025-03-20 17:04:25',1),
(4335,7582,45,'2025-03-06 20:25:23',1),
(4335,8354,227,'2025-04-06 11:28:44',1),
(4335,8877,126,'2025-04-05 08:11:40',1),
(4419,581,247,'2025-04-13 14:10:20',1),
(4451,1849,123,'2025-05-09 20:10:29',1),
(4451,3863,119,'2025-03-30 18:46:20',1),
(4451,3892,101,'2025-03-17 03:47:42',1),
(4451,6258,163,'2025-05-07 01:19:07',1),
(4451,6364,360,'2025-03-25 01:08:40',1),
(4451,6856,193,'2025-04-23 08:09:16',1),
(4451,8252,396,'2025-02-01 00:53:56',1),
(4464,7715,63,'2025-05-08 19:00:12',1),
(4464,9438,325,'2025-04-19 15:46:49',1),
(4468,3735,109,'2025-02-04 02:59:40',1),
(4468,8877,345,'2025-04-07 18:01:36',1),
(4506,1782,270,'2025-04-11 05:16:22',1),
(4506,4319,28,'2025-01-07 03:30:39',1),
(4506,7140,140,'2025-02-05 21:40:10',1),
(4534,4670,354,'2025-03-28 12:14:53',1),
(4534,8877,395,'2025-04-08 03:25:15',1),
(4624,996,141,'2025-05-04 15:10:27',1),
(4624,8079,15,'2025-02-13 15:31:49',1),
(4658,1473,202,'2025-02-27 09:10:21',1),
(4658,1782,372,'2025-01-14 19:27:17',1),
(4658,6856,256,'2025-01-14 03:01:28',1),
(4698,691,342,'2025-04-19 09:15:59',1),
(4698,3858,244,'2025-01-04 22:06:37',1),
(4698,5616,98,'2025-03-27 08:16:28',1),
(4720,17,92,'2025-04-25 20:35:51',1),
(4720,1470,339,'2025-01-10 11:03:53',1),
(4720,1846,299,'2025-03-23 11:22:31',1),
(4817,1849,186,'2025-01-12 23:51:23',1),
(4885,1473,136,'2025-03-30 12:49:19',1),
(4885,3066,371,'2025-02-16 22:02:07',1),
(4885,7582,351,'2025-04-14 23:54:52',1),
(4915,8354,35,'2025-03-04 04:12:54',1),
(4921,96,255,'2025-05-09 13:59:36',1),
(4921,2348,394,'2025-01-08 21:48:00',1),
(4921,4334,120,'2025-03-02 02:10:22',1),
(4921,4688,25,'2025-03-26 04:40:10',1),
(4921,6308,82,'2025-02-26 10:08:45',1),
(4921,8753,224,'2025-01-16 22:10:15',1),
(4981,6278,36,'2025-03-16 22:10:11',1),
(4981,9914,40,'2025-01-27 21:41:34',1),
(5150,2728,76,'2025-01-17 12:02:51',1),
(5150,7773,115,'2025-01-09 15:52:48',1),
(5150,9158,21,'2025-01-09 08:58:24',1),
(5150,9468,363,'2025-02-11 16:00:37',1),
(5256,1548,145,'2025-03-11 17:45:22',1),
(5256,2728,221,'2025-02-08 04:42:22',1),
(5256,8842,318,'2025-05-08 15:55:38',1),
(5271,2546,274,'2025-02-21 03:48:27',1),
(5396,140,291,'2025-05-14 10:18:36',1),
(5528,2728,103,'2025-05-01 01:09:35',1),
(5528,3388,393,'2025-03-21 10:21:07',1),
(5528,3735,215,'2025-04-05 15:34:59',1),
(5528,6364,124,'2025-03-24 23:41:23',1),
(5528,8299,91,'2025-05-07 08:31:47',1),
(5549,1473,110,'2025-04-03 14:55:10',1),
(5549,2116,237,'2025-03-03 20:59:49',1),
(5549,2711,187,'2025-04-22 01:12:55',1),
(5549,4670,259,'2025-04-07 02:33:17',1),
(5549,6258,151,'2025-02-01 01:49:04',1),
(5549,8344,369,'2025-01-12 07:06:09',1),
(5567,581,263,'2025-04-30 15:43:31',1),
(5567,3735,117,'2025-02-24 17:46:06',1),
(5567,8435,73,'2025-02-07 22:02:47',1),
(5618,469,262,'2025-03-22 16:41:13',1),
(5618,4972,48,'2025-01-12 12:24:33',1),
(5639,3066,326,'2025-03-17 19:56:06',1),
(5639,6364,166,'2025-04-02 05:16:54',1),
(5639,8079,201,'2025-04-16 16:55:31',1),
(5658,581,300,'2025-04-29 16:25:05',1),
(5658,2348,133,'2025-04-18 04:55:35',1),
(5658,3892,62,'2025-04-29 03:49:20',1),
(5658,5120,328,'2025-03-30 03:26:04',1),
(5658,5634,248,'2025-02-16 18:47:39',1),
(5759,5980,239,'2025-02-05 17:55:55',1),
(5783,905,71,'2025-04-24 02:18:20',1),
(5783,7103,219,'2025-03-18 18:28:23',1),
(5783,9213,315,'2025-02-06 20:49:57',1),
(5805,4489,169,'2025-01-22 19:38:00',1),
(5805,5120,398,'2025-04-05 08:50:18',1),
(5805,8835,64,'2025-03-19 14:50:46',1),
(5849,17,230,'2025-01-21 13:35:00',1),
(5849,6242,240,'2025-04-28 06:40:48',1),
(5849,7773,225,'2025-01-16 16:35:28',1),
(5868,3858,294,'2025-02-27 16:46:32',1),
(5868,6303,177,'2025-01-24 10:35:58',1),
(5949,2116,53,'2025-05-12 02:13:30',1),
(5949,3687,313,'2025-01-10 20:06:00',1),
(5949,4464,233,'2025-02-10 16:31:59',1),
(5949,4719,5,'2025-04-14 03:47:34',1),
(6041,4719,122,'2025-01-13 16:14:32',1),
(6068,9468,376,'2025-03-11 19:37:55',1),
(6068,9616,271,'2025-03-16 02:09:16',1),
(6114,1562,324,'2025-02-15 20:37:59',1),
(6114,4464,33,'2025-04-26 14:12:08',1),
(6114,7282,26,'2025-02-24 04:04:23',1),
(6147,1070,67,'2025-01-04 04:31:18',1),
(6147,1775,280,'2025-04-08 08:09:13',1),
(6147,8252,42,'2025-04-27 03:00:22',1),
(6233,96,194,'2025-01-09 17:12:48',1),
(6233,905,50,'2025-02-17 16:53:01',1),
(6233,996,362,'2025-02-05 18:41:17',1),
(6233,1782,37,'2025-04-12 07:35:06',1),
(6233,6368,143,'2025-02-19 00:33:07',1),
(6287,5414,31,'2025-03-31 15:00:31',1),
(6392,5263,198,'2025-04-01 11:41:08',1),
(6550,703,366,'2025-03-31 19:47:48',1),
(6550,4168,51,'2025-01-13 21:09:29',1),
(6550,5208,356,'2025-02-22 05:12:14',1),
(6718,2379,301,'2025-02-05 06:04:19',1),
(6718,2724,346,'2025-03-03 04:39:51',1),
(6718,6472,183,'2025-02-13 03:11:29',1),
(6718,7340,352,'2025-01-12 21:20:07',1),
(6718,9438,350,'2025-02-04 16:38:28',1),
(6758,1709,226,'2025-03-26 02:06:29',1),
(6758,3081,127,'2025-02-07 21:29:40',1),
(6758,3664,39,'2025-04-17 03:37:00',1),
(6758,4464,148,'2025-01-14 12:39:22',1),
(6758,7264,311,'2025-05-03 15:32:35',1),
(6758,8435,380,'2025-03-18 06:32:25',1),
(6794,691,217,'2025-02-12 18:29:41',1),
(6794,9733,111,'2025-04-09 02:32:30',1),
(6809,8753,161,'2025-02-07 07:59:42',1),
(6903,2766,172,'2025-01-12 00:55:55',1),
(6903,7750,170,'2025-02-02 06:14:00',1),
(6903,9911,390,'2025-01-01 16:26:03',1),
(6975,5120,292,'2025-05-04 04:29:40',1),
(7013,1139,330,'2025-04-26 22:36:39',1),
(7013,4082,191,'2025-05-06 18:37:45',1),
(7014,522,264,'2025-04-07 22:36:03',1),
(7014,1473,220,'2025-01-01 22:51:18',1),
(7014,5006,283,'2025-02-10 09:17:02',1),
(7014,5980,23,'2025-02-10 19:14:58',1),
(7024,1139,382,'2025-05-07 01:18:38',1),
(7024,4778,347,'2025-02-09 02:19:13',1),
(7078,522,113,'2025-04-05 23:04:07',1),
(7078,3923,358,'2025-03-09 15:58:42',1),
(7127,808,150,'2025-02-19 02:29:15',1),
(7127,1548,1,'2025-02-26 15:01:31',1),
(7169,3081,130,'2025-01-31 01:32:48',1),
(7169,8702,273,'2025-03-05 02:29:27',1),
(7169,8835,118,'2025-04-12 04:42:07',1),
(7204,6896,381,'2025-04-06 05:56:18',1),
(7221,1339,69,'2025-04-15 03:56:43',1),
(7339,522,392,'2025-02-23 07:51:56',1),
(7339,3858,251,'2025-01-02 09:30:09',1),
(7339,5120,279,'2025-03-28 04:02:45',1),
(7402,4464,316,'2025-01-31 19:54:44',1),
(7402,7750,310,'2025-05-14 03:10:30',1),
(7402,8020,218,'2025-01-22 06:49:36',1),
(7462,373,14,'2025-04-15 23:15:14',1),
(7462,1846,96,'2025-03-25 16:43:35',1),
(7462,2787,212,'2025-05-04 19:12:09',1),
(7462,7140,322,'2025-01-31 12:08:22',1),
(7462,8753,288,'2025-05-05 21:15:11',1),
(7527,5006,70,'2025-03-03 06:22:18',1),
(7527,5390,388,'2025-05-05 11:43:19',1),
(7527,6488,167,'2025-03-03 04:22:21',1),
(7527,7582,132,'2025-01-30 06:03:08',1),
(7527,8835,11,'2025-04-04 02:44:44',1),
(7602,1709,54,'2025-05-05 18:02:46',1),
(7602,6896,367,'2025-03-28 14:32:27',1),
(7644,2436,234,'2025-05-06 07:58:41',1),
(7644,5616,287,'2025-03-27 07:57:43',1),
(7770,2379,391,'2025-01-05 18:59:52',1),
(7840,2578,162,'2025-05-06 16:49:33',1),
(7840,9914,379,'2025-02-09 00:52:07',1),
(8019,808,155,'2025-05-07 22:29:38',1),
(8019,1161,235,'2025-01-17 12:16:07',1),
(8019,6164,152,'2025-05-15 15:44:30',1),
(8019,6308,83,'2025-03-27 20:27:47',1),
(8019,8842,353,'2025-05-05 10:31:06',1),
(8075,9733,200,'2025-04-07 07:53:07',1),
(8076,1097,265,'2025-05-16 12:05:40',1),
(8076,4319,168,'2025-03-19 08:07:00',1),
(8181,1709,242,'2025-01-31 19:16:52',1),
(8181,4972,99,'2025-01-13 14:03:38',1),
(8418,2578,156,'2025-04-05 16:49:04',1),
(8418,4489,89,'2025-04-02 01:57:03',1),
(8418,6488,343,'2025-02-19 17:52:23',1),
(8522,2178,252,'2025-01-25 07:35:46',1),
(8522,2578,8,'2025-01-09 06:28:33',1),
(8522,5390,100,'2025-02-04 22:46:03',1),
(8522,6308,55,'2025-02-20 15:07:09',1),
(8522,6364,266,'2025-04-02 07:42:06',1),
(8522,8079,30,'2025-04-02 00:58:40',1),
(8522,9733,364,'2025-04-03 15:23:40',1),
(8542,4778,303,'2025-03-20 02:45:41',1),
(8555,4178,46,'2025-03-15 23:21:11',1),
(8693,6154,180,'2025-04-16 12:46:58',1),
(8693,6565,60,'2025-03-12 22:23:52',1),
(8764,5208,173,'2025-04-19 01:59:18',1),
(8851,136,49,'2025-02-23 16:48:59',1),
(8851,1775,332,'2025-03-20 22:00:17',1),
(8851,1782,107,'2025-02-07 18:11:32',1),
(8851,3924,52,'2025-04-22 16:22:27',1),
(8851,4612,340,'2025-03-09 02:53:30',1),
(8851,6896,336,'2025-03-12 04:54:09',1),
(8958,7282,307,'2025-01-26 22:16:00',1),
(9383,3066,306,'2025-02-27 18:10:42',1),
(9439,1139,319,'2025-04-02 11:10:46',1),
(9439,3863,373,'2025-01-21 01:33:51',1),
(9439,3923,260,'2025-02-05 04:20:43',1),
(9439,6565,84,'2025-04-26 04:57:02',1),
(9441,7140,47,'2025-05-04 07:02:17',1),
(9441,9911,95,'2025-03-11 16:15:33',1),
(9449,497,222,'2025-03-05 13:28:22',1),
(9449,3081,208,'2025-05-10 06:19:44',1),
(9449,4489,216,'2025-02-22 16:46:44',1),
(9449,9911,211,'2025-03-08 04:52:48',1),
(9547,1846,357,'2025-04-18 13:12:52',1),
(9547,3664,245,'2025-05-14 14:01:35',1),
(9547,6856,184,'2025-01-20 09:10:11',1),
(9547,9911,153,'2025-01-24 09:30:09',1),
(9660,1775,293,'2025-02-15 09:26:42',1),
(9660,5208,66,'2025-04-25 11:50:01',1),
(9792,2330,267,'2025-01-18 11:23:44',1),
(9792,3923,383,'2025-05-01 11:59:21',1),
(9792,7031,329,'2025-03-04 08:32:10',1),
(9836,140,327,'2025-04-30 19:55:25',1),
(9836,1070,209,'2025-02-24 00:20:55',1),
(9836,5208,269,'2025-02-09 13:46:21',1),
(9836,5413,246,'2025-04-02 10:45:39',1),
(9836,8753,10,'2025-01-16 18:23:25',1),
(9889,2060,286,'2025-04-22 22:05:00',1),
(9889,7103,400,'2025-02-07 19:24:26',1);
/*!40000 ALTER TABLE `content` ENABLE KEYS */;
UNLOCK TABLES;

--
-- Table structure for table `friend`
--

DROP TABLE IF EXISTS `friend`;
/*!40101 SET @saved_cs_client     = @@character_set_client */;
/*!40101 SET character_set_client = utf8mb4 */;
CREATE TABLE `friend` (
  `user_id` int(11) NOT NULL,
  `friend_id` int(11) NOT NULL,
  PRIMARY KEY (`user_id`,`friend_id`),
  KEY `friend_id` (`friend_id`),
  CONSTRAINT `friend_ibfk_1` FOREIGN KEY (`user_id`) REFERENCES `user` (`user_id`),
  CONSTRAINT `friend_ibfk_2` FOREIGN KEY (`friend_id`) REFERENCES `user` (`user_id`)
) ENGINE=InnoDB DEFAULT CHARSET=latin1 COLLATE=latin1_swedish_ci;
/*!40101 SET character_set_client = @saved_cs_client */;

--
-- Dumping data for table `friend`
--

LOCK TABLES `friend` WRITE;
/*!40000 ALTER TABLE `friend` DISABLE KEYS */;
INSERT INTO `friend` (`user_id`, `friend_id`) VALUES (336,144),
(418,144),
(3007,144),
(3365,144),
(4142,144),
(4915,144),
(6114,144),
(6794,144),
(966,151),
(5639,151),
(7078,151),
(8693,151),
(144,336),
(832,336),
(4142,336),
(4506,336),
(5256,336),
(6392,336),
(6550,336),
(7527,336),
(9836,336),
(832,417),
(1219,417),
(3052,417),
(3491,417),
(9439,417),
(144,418),
(1971,418),
(3052,418),
(3053,418),
(4720,418),
(5577,418),
(5949,418),
(2323,496),
(2910,496),
(3315,496),
(5271,496),
(7644,496),
(8181,496),
(3007,663),
(4074,663),
(6147,663),
(4419,766),
(5256,766),
(5271,766),
(6758,766),
(8076,766),
(8693,766),
(1655,787),
(5868,787),
(7024,787),
(336,832),
(417,832),
(3707,832),
(4624,832),
(5849,832),
(7339,832),
(3315,902),
(5271,902),
(151,966),
(5528,966),
(6809,966),
(7014,966),
(9660,966),
(417,1219),
(4885,1219),
(6975,1219),
(1875,1466),
(4200,1466),
(4698,1466),
(5613,1466),
(787,1655),
(3216,1655),
(4142,1655),
(6550,1655),
(7402,1655),
(2381,1661),
(4885,1661),
(5150,1661),
(5658,1661),
(8418,1661),
(1875,1681),
(2343,1681),
(3053,1681),
(5396,1681),
(7602,1681),
(9439,1681),
(4419,1789),
(4534,1789),
(6233,1789),
(6392,1789),
(7024,1789),
(4200,1818),
(9383,1818),
(1466,1875),
(1681,1875),
(2343,1875),
(3290,1875),
(4720,1900),
(4915,1900),
(418,1971),
(3301,1971),
(3315,1971),
(7602,1971),
(3007,2092),
(6903,2092),
(6975,2092),
(7127,2092),
(3007,2120),
(3365,2120),
(3388,2120),
(4915,2193),
(7602,2193),
(9889,2193),
(3868,2256),
(4419,2256),
(4981,2256),
(5639,2256),
(6114,2256),
(4074,2322),
(5783,2322),
(9439,2322),
(496,2323),
(3576,2323),
(3868,2323),
(3891,2323),
(5588,2323),
(1681,2343),
(1875,2343),
(6718,2343),
(3576,2357),
(1661,2381),
(2721,2381),
(4624,2381),
(5567,2381),
(6068,2381),
(2381,2721),
(4094,2721),
(5549,2721),
(5588,2721),
(8660,2721),
(8693,2721),
(8958,2721),
(496,2910),
(5783,2910),
(5849,2910),
(7078,2910),
(8418,2990),
(8764,2990),
(9060,2990),
(9803,2990),
(144,3007),
(663,3007),
(2092,3007),
(2120,3007),
(6809,3007),
(7610,3007),
(417,3052),
(418,3052),
(3216,3052),
(418,3053),
(1681,3053),
(4698,3053),
(5549,3053),
(8181,3053),
(4094,3210),
(5658,3210),
(1655,3216),
(3052,3216),
(3868,3216),
(4142,3216),
(4915,3216),
(5567,3216),
(9383,3216),
(3832,3240),
(6041,3240),
(8693,3240),
(1875,3290),
(6287,3290),
(7840,3290),
(1971,3301),
(496,3315),
(902,3315),
(1971,3315),
(6147,3315),
(144,3365),
(2120,3365),
(3377,3365),
(9547,3365),
(3365,3377),
(4094,3377),
(7013,3377),
(8075,3377),
(2120,3388),
(6903,3388),
(7169,3388),
(8555,3388),
(9836,3388),
(8075,3392),
(417,3491),
(4419,3491),
(7221,3491),
(2323,3576),
(2357,3576),
(3891,3576),
(4624,3576),
(8181,3576),
(8418,3576),
(832,3707),
(7078,3707),
(7602,3707),
(7840,3707),
(5658,3804),
(3240,3832),
(5567,3832),
(4200,3865),
(8555,3865),
(9792,3865),
(2256,3868),
(2323,3868),
(3216,3868),
(4921,3868),
(5150,3868),
(5528,3868),
(2323,3891),
(3576,3891),
(7127,3891),
(663,4074),
(2322,4074),
(6114,4074),
(8660,4074),
(9660,4074),
(2721,4094),
(3210,4094),
(3377,4094),
(4698,4094),
(7770,4094),
(8019,4094),
(144,4142),
(336,4142),
(1655,4142),
(3216,4142),
(5396,4142),
(6287,4142),
(9060,4142),
(1466,4200),
(1818,4200),
(3865,4200),
(5150,4200),
(4506,4335),
(6903,4335),
(766,4419),
(1789,4419),
(2256,4419),
(3491,4419),
(5396,4419),
(7770,4419),
(4658,4451),
(7127,4451),
(4915,4464),
(5783,4464),
(7610,4464),
(7127,4468),
(8019,4468),
(8075,4468),
(9660,4468),
(336,4506),
(4335,4506),
(4624,4506),
(6718,4506),
(7014,4506),
(7127,4506),
(1789,4534),
(5783,4534),
(6041,4534),
(9547,4534),
(832,4624),
(2381,4624),
(3576,4624),
(4506,4624),
(6975,4624),
(8555,4624),
(9792,4624),
(4451,4658),
(5528,4658),
(6758,4658),
(1466,4698),
(3053,4698),
(4094,4698),
(5271,4698),
(7221,4698),
(418,4720),
(1900,4720),
(4817,4720),
(5868,4720),
(7770,4720),
(9792,4720),
(4720,4817),
(9547,4817),
(1219,4885),
(1661,4885),
(5528,4885),
(144,4915),
(1900,4915),
(2193,4915),
(3216,4915),
(4464,4915),
(3868,4921),
(5256,4921),
(9449,4921),
(9792,4921),
(2256,4981),
(5150,4981),
(5588,4981),
(7024,4981),
(9803,4981),
(9836,4981),
(1661,5150),
(3868,5150),
(4200,5150),
(4981,5150),
(336,5256),
(766,5256),
(4921,5256),
(7610,5256),
(496,5271),
(766,5271),
(902,5271),
(4698,5271),
(5759,5271),
(6392,5271),
(1681,5396),
(4142,5396),
(4419,5396),
(5588,5396),
(5783,5450),
(9836,5450),
(966,5528),
(3868,5528),
(4658,5528),
(4885,5528),
(5805,5528),
(6550,5528),
(9889,5528),
(2721,5549),
(3053,5549),
(2381,5567),
(3216,5567),
(3832,5567),
(7602,5567),
(418,5577),
(6975,5577),
(7169,5577),
(8019,5577),
(2323,5588),
(2721,5588),
(4981,5588),
(5396,5588),
(8418,5588),
(1466,5613),
(6114,5618),
(151,5639),
(2256,5639),
(8418,5639),
(8958,5639),
(1661,5658),
(3210,5658),
(3804,5658),
(7339,5658),
(8693,5658),
(5271,5759),
(9836,5759),
(2322,5783),
(2910,5783),
(4464,5783),
(4534,5783),
(5450,5783),
(6114,5783),
(6758,5783),
(7610,5783),
(5528,5805),
(9792,5805),
(832,5849),
(2910,5849),
(8075,5849),
(787,5868),
(4720,5868),
(7127,5868),
(9836,5868),
(418,5949),
(3240,6041),
(4534,6041),
(2381,6068),
(7127,6068),
(9383,6068),
(144,6114),
(2256,6114),
(4074,6114),
(5618,6114),
(5783,6114),
(6550,6114),
(7014,6114),
(663,6147),
(3315,6147),
(7169,6147),
(1789,6233),
(7527,6233),
(3290,6287),
(4142,6287),
(336,6392),
(1789,6392),
(5271,6392),
(7644,6392),
(336,6550),
(1655,6550),
(5528,6550),
(6114,6550),
(2343,6718),
(4506,6718),
(766,6758),
(4658,6758),
(5783,6758),
(7527,6758),
(144,6794),
(7610,6794),
(966,6809),
(3007,6809),
(2092,6903),
(3388,6903),
(4335,6903),
(7204,6903),
(1219,6975),
(2092,6975),
(4624,6975),
(5577,6975),
(3377,7013),
(966,7014),
(4506,7014),
(6114,7014),
(7610,7014),
(787,7024),
(1789,7024),
(4981,7024),
(8181,7024),
(151,7078),
(2910,7078),
(3707,7078),
(9439,7078),
(2092,7127),
(3891,7127),
(4451,7127),
(4468,7127),
(4506,7127),
(5868,7127),
(6068,7127),
(7610,7127),
(8764,7127),
(3388,7169),
(5577,7169),
(6147,7169),
(6903,7204),
(3491,7221),
(4698,7221),
(832,7339),
(5658,7339),
(7602,7339),
(8555,7339),
(1655,7402),
(8764,7402),
(8555,7462),
(336,7527),
(6233,7527),
(6758,7527),
(1681,7602),
(1971,7602),
(2193,7602),
(3707,7602),
(5567,7602),
(7339,7602),
(8076,7602),
(3007,7610),
(4464,7610),
(5256,7610),
(5783,7610),
(6794,7610),
(7014,7610),
(7127,7610),
(8522,7610),
(496,7644),
(6392,7644),
(4094,7770),
(4419,7770),
(4720,7770),
(9836,7770),
(3290,7840),
(3707,7840),
(4094,8019),
(4468,8019),
(5577,8019),
(9836,8019),
(3377,8075),
(3392,8075),
(4468,8075),
(5849,8075),
(8958,8075),
(766,8076),
(7602,8076),
(496,8181),
(3053,8181),
(3576,8181),
(7024,8181),
(8418,8181),
(1661,8418),
(2990,8418),
(3576,8418),
(5588,8418),
(5639,8418),
(8181,8418),
(9660,8418),
(7610,8522),
(8555,8522),
(8764,8522),
(3388,8555),
(3865,8555),
(4624,8555),
(7339,8555),
(7462,8555),
(8522,8555),
(2721,8660),
(4074,8660),
(151,8693),
(766,8693),
(2721,8693),
(3240,8693),
(5658,8693),
(9803,8693),
(2990,8764),
(7127,8764),
(7402,8764),
(8522,8764),
(2721,8958),
(5639,8958),
(8075,8958),
(9060,8958),
(2990,9060),
(4142,9060),
(8958,9060),
(1818,9383),
(3216,9383),
(6068,9383),
(9547,9383),
(417,9439),
(1681,9439),
(2322,9439),
(7078,9439),
(9803,9441),
(4921,9449),
(3365,9547),
(4534,9547),
(4817,9547),
(9383,9547),
(966,9660),
(4074,9660),
(4468,9660),
(8418,9660),
(9803,9660),
(3865,9792),
(4624,9792),
(4720,9792),
(4921,9792),
(5805,9792),
(2990,9803),
(4981,9803),
(8693,9803),
(9441,9803),
(9660,9803),
(336,9836),
(3388,9836),
(4981,9836),
(5450,9836),
(5759,9836),
(5868,9836),
(7770,9836),
(8019,9836),
(2193,9889),
(5528,9889);
/*!40000 ALTER TABLE `friend` ENABLE KEYS */;
UNLOCK TABLES;

--
-- Table structure for table `image`
--

DROP TABLE IF EXISTS `image`;
/*!40101 SET @saved_cs_client     = @@character_set_client */;
/*!40101 SET character_set_client = utf8mb4 */;
CREATE TABLE `image` (
  `user_id` int(11) NOT NULL,
  `room_id` int(11) NOT NULL,
  `sent_order` int(11) NOT NULL,
  `addon_idx` int(11) NOT NULL,
  `name` varchar(255) NOT NULL,
  PRIMARY KEY (`user_id`,`room_id`,`sent_order`,`addon_idx`),
  CONSTRAINT `image_ibfk_1` FOREIGN KEY (`user_id`, `room_id`, `sent_order`, `addon_idx`) REFERENCES `add_on` (`user_id`, `room_id`, `sent_order`, `addon_idx`)
) ENGINE=InnoDB DEFAULT CHARSET=latin1 COLLATE=latin1_swedish_ci;
/*!40101 SET character_set_client = @saved_cs_client */;

--
-- Dumping data for table `image`
--

LOCK TABLES `image` WRITE;
/*!40000 ALTER TABLE `image` DISABLE KEYS */;
INSERT INTO `image` (`user_id`, `room_id`, `sent_order`, `addon_idx`, `name`) VALUES (418,703,2,1,'image_1.jpg'),
(418,703,2,2,'image_1.jpg'),
(418,703,2,3,'image_1.jpg'),
(418,703,2,4,'image_1.jpg'),
(418,703,2,5,'image_1.jpg'),
(418,5120,19,1,'image_18.jpg'),
(418,5120,19,2,'image_18.jpg'),
(418,5120,19,3,'image_18.jpg'),
(418,5120,19,4,'image_18.jpg'),
(418,5120,19,5,'image_18.jpg'),
(418,5120,19,6,'image_18.jpg'),
(418,5120,19,7,'image_18.jpg'),
(766,9213,232,1,'image_231.jpg'),
(766,9213,232,2,'image_231.jpg'),
(766,9213,232,3,'image_231.jpg'),
(766,9213,232,4,'image_231.jpg'),
(766,9213,232,5,'image_231.jpg'),
(766,9213,232,6,'image_231.jpg'),
(766,9213,232,7,'image_231.jpg'),
(766,9213,232,8,'image_231.jpg'),
(766,9213,232,9,'image_231.jpg'),
(766,9213,232,10,'image_231.jpg'),
(1219,5263,192,1,'image_191.jpg'),
(1219,5263,192,2,'image_191.jpg'),
(1219,5263,192,3,'image_191.jpg'),
(1219,5263,192,4,'image_191.jpg'),
(1219,5263,192,5,'image_191.jpg'),
(1219,5263,192,6,'image_191.jpg'),
(1219,5263,192,7,'image_191.jpg'),
(1655,8020,375,1,'image_374.jpg'),
(1655,8020,375,2,'image_374.jpg'),
(1655,8020,375,3,'image_374.jpg'),
(1655,8020,375,4,'image_374.jpg'),
(1655,8020,375,5,'image_374.jpg'),
(1681,1782,229,1,'image_228.jpg'),
(1681,1782,229,2,'image_228.jpg'),
(1681,1782,229,3,'image_228.jpg'),
(1681,1782,229,4,'image_228.jpg'),
(1681,1782,229,5,'image_228.jpg'),
(1681,1782,229,6,'image_228.jpg'),
(1681,1782,229,7,'image_228.jpg'),
(1681,1782,229,8,'image_228.jpg'),
(1681,1782,229,9,'image_228.jpg'),
(1875,3687,207,1,'image_206.jpg'),
(1875,3687,207,2,'image_206.jpg'),
(1875,3687,207,3,'image_206.jpg'),
(1971,1339,160,1,'image_159.jpg'),
(1971,1339,160,2,'image_159.jpg'),
(1971,8252,308,1,'image_307.jpg'),
(1971,8252,308,2,'image_307.jpg'),
(2092,3741,78,1,'image_77.jpg'),
(2092,3741,78,2,'image_77.jpg'),
(2092,3741,78,3,'image_77.jpg'),
(2092,3741,78,4,'image_77.jpg'),
(2120,2787,253,1,'image_252.jpg'),
(2120,2787,253,2,'image_252.jpg'),
(2120,2787,253,3,'image_252.jpg'),
(2193,9468,106,1,'image_105.jpg'),
(2193,9616,88,1,'image_87.jpg'),
(2193,9616,88,2,'image_87.jpg'),
(2193,9616,88,3,'image_87.jpg'),
(2256,4334,80,1,'image_79.jpg'),
(2256,4334,80,2,'image_79.jpg'),
(2343,9733,158,1,'image_157.jpg'),
(2343,9733,158,2,'image_157.jpg'),
(2343,9733,158,3,'image_157.jpg'),
(2343,9733,158,4,'image_157.jpg'),
(2721,703,195,1,'image_194.jpg'),
(2721,703,195,2,'image_194.jpg'),
(2721,703,195,3,'image_194.jpg'),
(2721,703,195,4,'image_194.jpg'),
(2721,703,195,5,'image_194.jpg'),
(2721,703,195,6,'image_194.jpg'),
(2721,703,195,7,'image_194.jpg'),
(2721,703,195,8,'image_194.jpg'),
(2721,703,195,9,'image_194.jpg'),
(2721,703,195,10,'image_194.jpg'),
(2990,3388,137,1,'image_136.jpg'),
(2990,3388,137,2,'image_136.jpg'),
(2990,3388,137,3,'image_136.jpg'),
(2990,3388,137,4,'image_136.jpg'),
(2990,3388,137,5,'image_136.jpg'),
(3052,4719,272,1,'image_271.jpg'),
(3052,4719,272,2,'image_271.jpg'),
(3052,4719,272,3,'image_271.jpg'),
(3052,4719,272,4,'image_271.jpg'),
(3052,4719,272,5,'image_271.jpg'),
(3052,4719,272,6,'image_271.jpg'),
(3052,4719,272,7,'image_271.jpg'),
(3052,4719,272,8,'image_271.jpg'),
(3210,789,179,1,'image_178.jpg'),
(3210,789,179,2,'image_178.jpg'),
(3210,789,179,3,'image_178.jpg'),
(3210,1819,344,1,'image_343.jpg'),
(3210,1819,344,2,'image_343.jpg'),
(3210,1819,344,3,'image_343.jpg'),
(3210,1819,344,4,'image_343.jpg'),
(3210,1819,344,5,'image_343.jpg'),
(3210,1819,344,6,'image_343.jpg'),
(3290,1709,385,1,'image_384.jpg'),
(3290,1709,385,2,'image_384.jpg'),
(3290,1709,385,3,'image_384.jpg'),
(3392,905,102,1,'image_101.jpg'),
(3392,905,102,2,'image_101.jpg'),
(3392,9638,178,1,'image_177.jpg'),
(3392,9638,178,2,'image_177.jpg'),
(3392,9638,178,3,'image_177.jpg'),
(3392,9638,178,4,'image_177.jpg'),
(3392,9638,178,5,'image_177.jpg'),
(3392,9638,178,6,'image_177.jpg'),
(3392,9638,178,7,'image_177.jpg'),
(3392,9638,178,8,'image_177.jpg'),
(3392,9638,178,9,'image_177.jpg'),
(3576,2436,90,1,'image_89.jpg'),
(3576,2436,90,2,'image_89.jpg'),
(3576,2436,90,3,'image_89.jpg'),
(3576,2436,90,4,'image_89.jpg'),
(3576,2436,90,5,'image_89.jpg'),
(3576,2436,90,6,'image_89.jpg'),
(3576,2436,90,7,'image_89.jpg'),
(3576,2436,90,8,'image_89.jpg'),
(3576,2436,90,9,'image_89.jpg'),
(3804,4464,149,1,'image_148.jpg'),
(3832,1775,75,1,'image_74.jpg'),
(3832,1775,75,2,'image_74.jpg'),
(3832,1775,75,3,'image_74.jpg'),
(3832,1775,75,4,'image_74.jpg'),
(3832,1775,75,5,'image_74.jpg'),
(3832,1775,75,6,'image_74.jpg'),
(4094,6234,94,1,'image_93.jpg'),
(4094,6234,94,2,'image_93.jpg'),
(4094,6234,94,3,'image_93.jpg'),
(4094,6234,94,4,'image_93.jpg'),
(4142,3863,228,1,'image_227.jpg'),
(4142,3863,228,2,'image_227.jpg'),
(4142,3863,228,3,'image_227.jpg'),
(4142,3863,228,4,'image_227.jpg'),
(4142,3863,228,5,'image_227.jpg'),
(4142,3863,228,6,'image_227.jpg'),
(4200,8020,399,1,'image_398.jpg'),
(4200,8020,399,2,'image_398.jpg'),
(4200,8020,399,3,'image_398.jpg'),
(4200,8020,399,4,'image_398.jpg'),
(4200,8020,399,5,'image_398.jpg'),
(4200,8020,399,6,'image_398.jpg'),
(4335,7582,45,1,'image_44.jpg'),
(4335,7582,45,2,'image_44.jpg'),
(4335,7582,45,3,'image_44.jpg'),
(4335,7582,45,4,'image_44.jpg'),
(4335,7582,45,5,'image_44.jpg'),
(4335,7582,45,6,'image_44.jpg'),
(4335,7582,45,7,'image_44.jpg'),
(4335,7582,45,8,'image_44.jpg'),
(4335,8354,227,1,'image_226.jpg'),
(4451,3863,119,1,'image_118.jpg'),
(4451,3863,119,2,'image_118.jpg'),
(4451,3863,119,3,'image_118.jpg'),
(4451,3892,101,1,'image_100.jpg'),
(4451,3892,101,2,'image_100.jpg'),
(4451,3892,101,3,'image_100.jpg'),
(4451,3892,101,4,'image_100.jpg'),
(4451,3892,101,5,'image_100.jpg'),
(4451,3892,101,6,'image_100.jpg'),
(4451,3892,101,7,'image_100.jpg'),
(4451,3892,101,8,'image_100.jpg'),
(4468,8877,345,1,'image_344.jpg'),
(4468,8877,345,2,'image_344.jpg'),
(4468,8877,345,3,'image_344.jpg'),
(4468,8877,345,4,'image_344.jpg'),
(4534,8877,395,1,'image_394.jpg'),
(4534,8877,395,2,'image_394.jpg'),
(4534,8877,395,3,'image_394.jpg'),
(4534,8877,395,4,'image_394.jpg'),
(4534,8877,395,5,'image_394.jpg'),
(4534,8877,395,6,'image_394.jpg'),
(4534,8877,395,7,'image_394.jpg'),
(4624,8079,15,1,'image_14.jpg'),
(4658,1473,202,1,'image_201.jpg'),
(4658,1473,202,2,'image_201.jpg'),
(4658,1473,202,3,'image_201.jpg'),
(4658,1473,202,4,'image_201.jpg'),
(4658,6856,256,1,'image_255.jpg'),
(4658,6856,256,2,'image_255.jpg'),
(4658,6856,256,3,'image_255.jpg'),
(4658,6856,256,4,'image_255.jpg'),
(4817,1849,186,1,'image_185.jpg'),
(4817,1849,186,2,'image_185.jpg'),
(4817,1849,186,3,'image_185.jpg'),
(4817,1849,186,4,'image_185.jpg'),
(4817,1849,186,5,'image_185.jpg'),
(4817,1849,186,6,'image_185.jpg'),
(4817,1849,186,7,'image_185.jpg'),
(4817,1849,186,8,'image_185.jpg'),
(4817,1849,186,9,'image_185.jpg'),
(4817,1849,186,10,'image_185.jpg'),
(4885,1473,136,1,'image_135.jpg'),
(4885,1473,136,2,'image_135.jpg'),
(4885,1473,136,3,'image_135.jpg'),
(4885,1473,136,4,'image_135.jpg'),
(4885,1473,136,5,'image_135.jpg'),
(4885,1473,136,6,'image_135.jpg'),
(4921,2348,394,1,'image_393.jpg'),
(4921,2348,394,2,'image_393.jpg'),
(4921,2348,394,3,'image_393.jpg'),
(4921,2348,394,4,'image_393.jpg'),
(4921,2348,394,5,'image_393.jpg'),
(4921,2348,394,6,'image_393.jpg'),
(4921,2348,394,7,'image_393.jpg'),
(4921,2348,394,8,'image_393.jpg'),
(4981,6278,36,1,'image_35.jpg'),
(4981,6278,36,2,'image_35.jpg'),
(4981,6278,36,3,'image_35.jpg'),
(4981,6278,36,4,'image_35.jpg'),
(4981,6278,36,5,'image_35.jpg'),
(4981,6278,36,6,'image_35.jpg'),
(4981,6278,36,7,'image_35.jpg'),
(4981,6278,36,8,'image_35.jpg'),
(4981,6278,36,9,'image_35.jpg'),
(4981,6278,36,10,'image_35.jpg'),
(5150,2728,76,1,'image_75.jpg'),
(5150,2728,76,2,'image_75.jpg'),
(5150,2728,76,3,'image_75.jpg'),
(5150,2728,76,4,'image_75.jpg'),
(5150,2728,76,5,'image_75.jpg'),
(5150,2728,76,6,'image_75.jpg'),
(5150,7773,115,1,'image_114.jpg'),
(5150,7773,115,2,'image_114.jpg'),
(5150,7773,115,3,'image_114.jpg'),
(5150,7773,115,4,'image_114.jpg'),
(5150,7773,115,5,'image_114.jpg'),
(5150,7773,115,6,'image_114.jpg'),
(5528,2728,103,1,'image_102.jpg'),
(5528,2728,103,2,'image_102.jpg'),
(5528,2728,103,3,'image_102.jpg'),
(5528,2728,103,4,'image_102.jpg'),
(5528,2728,103,5,'image_102.jpg'),
(5528,2728,103,6,'image_102.jpg'),
(5528,3388,393,1,'image_392.jpg'),
(5528,3388,393,2,'image_392.jpg'),
(5528,3388,393,3,'image_392.jpg'),
(5528,3388,393,4,'image_392.jpg'),
(5528,3388,393,5,'image_392.jpg'),
(5528,3388,393,6,'image_392.jpg'),
(5528,3388,393,7,'image_392.jpg'),
(5528,3388,393,8,'image_392.jpg'),
(5528,3388,393,9,'image_392.jpg'),
(5528,3388,393,10,'image_392.jpg'),
(5528,6364,124,1,'image_123.jpg'),
(5549,2711,187,1,'image_186.jpg'),
(5549,2711,187,2,'image_186.jpg'),
(5549,2711,187,3,'image_186.jpg'),
(5549,2711,187,4,'image_186.jpg'),
(5549,2711,187,5,'image_186.jpg'),
(5549,2711,187,6,'image_186.jpg'),
(5549,2711,187,7,'image_186.jpg'),
(5549,2711,187,8,'image_186.jpg'),
(5549,2711,187,9,'image_186.jpg'),
(5549,6258,151,1,'image_150.jpg'),
(5549,6258,151,2,'image_150.jpg'),
(5549,6258,151,3,'image_150.jpg'),
(5549,6258,151,4,'image_150.jpg'),
(5549,6258,151,5,'image_150.jpg'),
(5549,6258,151,6,'image_150.jpg'),
(5549,6258,151,7,'image_150.jpg'),
(5549,6258,151,8,'image_150.jpg'),
(5549,6258,151,9,'image_150.jpg'),
(5549,6258,151,10,'image_150.jpg'),
(5639,6364,166,1,'image_165.jpg'),
(5639,6364,166,2,'image_165.jpg'),
(5639,6364,166,3,'image_165.jpg'),
(5639,8079,201,1,'image_200.jpg'),
(5639,8079,201,2,'image_200.jpg'),
(5639,8079,201,3,'image_200.jpg'),
(5639,8079,201,4,'image_200.jpg'),
(5658,2348,133,1,'image_132.jpg'),
(5658,2348,133,2,'image_132.jpg'),
(5658,2348,133,3,'image_132.jpg'),
(5658,2348,133,4,'image_132.jpg'),
(5658,2348,133,5,'image_132.jpg'),
(5658,2348,133,6,'image_132.jpg'),
(5658,2348,133,7,'image_132.jpg'),
(5783,7103,219,1,'image_218.jpg'),
(5949,4464,233,1,'image_232.jpg'),
(5949,4464,233,2,'image_232.jpg'),
(5949,4719,5,1,'image_4.jpg'),
(5949,4719,5,2,'image_4.jpg'),
(5949,4719,5,3,'image_4.jpg'),
(5949,4719,5,4,'image_4.jpg'),
(6114,4464,33,1,'image_32.jpg'),
(6114,4464,33,2,'image_32.jpg'),
(6114,7282,26,1,'image_25.jpg'),
(6114,7282,26,2,'image_25.jpg'),
(6114,7282,26,3,'image_25.jpg'),
(6114,7282,26,4,'image_25.jpg'),
(6114,7282,26,5,'image_25.jpg'),
(6114,7282,26,6,'image_25.jpg'),
(6114,7282,26,7,'image_25.jpg'),
(6114,7282,26,8,'image_25.jpg'),
(6114,7282,26,9,'image_25.jpg'),
(6114,7282,26,10,'image_25.jpg'),
(6233,996,362,1,'image_361.jpg'),
(6233,996,362,2,'image_361.jpg'),
(6233,996,362,3,'image_361.jpg'),
(6758,7264,311,1,'image_310.jpg'),
(6758,7264,311,2,'image_310.jpg'),
(6758,7264,311,3,'image_310.jpg'),
(6758,7264,311,4,'image_310.jpg'),
(6758,7264,311,5,'image_310.jpg'),
(6758,8435,380,1,'image_379.jpg'),
(6758,8435,380,2,'image_379.jpg'),
(6758,8435,380,3,'image_379.jpg'),
(6758,8435,380,4,'image_379.jpg'),
(6809,8753,161,1,'image_160.jpg'),
(6809,8753,161,2,'image_160.jpg'),
(6975,5120,292,1,'image_291.jpg'),
(7014,5006,283,1,'image_282.jpg'),
(7014,5006,283,2,'image_282.jpg'),
(7204,6896,381,1,'image_380.jpg'),
(7339,522,392,1,'image_391.jpg'),
(7339,522,392,2,'image_391.jpg'),
(7402,8020,218,1,'image_217.jpg'),
(7402,8020,218,2,'image_217.jpg'),
(7402,8020,218,3,'image_217.jpg'),
(7402,8020,218,4,'image_217.jpg'),
(7402,8020,218,5,'image_217.jpg'),
(7402,8020,218,6,'image_217.jpg'),
(7402,8020,218,7,'image_217.jpg'),
(7402,8020,218,8,'image_217.jpg'),
(7402,8020,218,9,'image_217.jpg'),
(7462,2787,212,1,'image_211.jpg'),
(7462,2787,212,2,'image_211.jpg'),
(7462,2787,212,3,'image_211.jpg'),
(7462,2787,212,4,'image_211.jpg'),
(7462,2787,212,5,'image_211.jpg'),
(7462,2787,212,6,'image_211.jpg'),
(7462,2787,212,7,'image_211.jpg'),
(7602,6896,367,1,'image_366.jpg'),
(7602,6896,367,2,'image_366.jpg'),
(7602,6896,367,3,'image_366.jpg'),
(7602,6896,367,4,'image_366.jpg'),
(7602,6896,367,5,'image_366.jpg'),
(7602,6896,367,6,'image_366.jpg'),
(7602,6896,367,7,'image_366.jpg'),
(7644,5616,287,1,'image_286.jpg'),
(7644,5616,287,2,'image_286.jpg'),
(7644,5616,287,3,'image_286.jpg'),
(7770,2379,391,1,'image_390.jpg'),
(7770,2379,391,2,'image_390.jpg'),
(8076,4319,168,1,'image_167.jpg'),
(8076,4319,168,2,'image_167.jpg'),
(8076,4319,168,3,'image_167.jpg'),
(8076,4319,168,4,'image_167.jpg'),
(8076,4319,168,5,'image_167.jpg'),
(8076,4319,168,6,'image_167.jpg'),
(8522,2178,252,1,'image_251.jpg'),
(8522,2178,252,2,'image_251.jpg'),
(8522,2178,252,3,'image_251.jpg'),
(8522,2178,252,4,'image_251.jpg'),
(8522,2178,252,5,'image_251.jpg'),
(8522,6308,55,1,'image_54.jpg'),
(8522,6308,55,2,'image_54.jpg'),
(8522,6308,55,3,'image_54.jpg'),
(8522,6364,266,1,'image_265.jpg'),
(8522,6364,266,2,'image_265.jpg'),
(8522,8079,30,1,'image_29.jpg'),
(8522,8079,30,2,'image_29.jpg'),
(8522,8079,30,3,'image_29.jpg'),
(8851,136,49,1,'image_48.jpg'),
(8851,136,49,2,'image_48.jpg'),
(8851,136,49,3,'image_48.jpg'),
(8851,136,49,4,'image_48.jpg'),
(8851,136,49,5,'image_48.jpg'),
(8851,136,49,6,'image_48.jpg'),
(9383,3066,306,1,'image_305.jpg'),
(9383,3066,306,2,'image_305.jpg'),
(9383,3066,306,3,'image_305.jpg'),
(9383,3066,306,4,'image_305.jpg'),
(9383,3066,306,5,'image_305.jpg'),
(9383,3066,306,6,'image_305.jpg'),
(9383,3066,306,7,'image_305.jpg'),
(9383,3066,306,8,'image_305.jpg'),
(9441,7140,47,1,'image_46.jpg'),
(9441,7140,47,2,'image_46.jpg'),
(9441,7140,47,3,'image_46.jpg'),
(9441,7140,47,4,'image_46.jpg'),
(9441,7140,47,5,'image_46.jpg'),
(9441,7140,47,6,'image_46.jpg'),
(9441,7140,47,7,'image_46.jpg'),
(9441,7140,47,8,'image_46.jpg'),
(9660,1775,293,1,'image_292.jpg'),
(9660,1775,293,2,'image_292.jpg'),
(9660,1775,293,3,'image_292.jpg'),
(9660,1775,293,4,'image_292.jpg'),
(9660,1775,293,5,'image_292.jpg'),
(9660,1775,293,6,'image_292.jpg'),
(9660,1775,293,7,'image_292.jpg'),
(9660,1775,293,8,'image_292.jpg'),
(9660,1775,293,9,'image_292.jpg'),
(9660,1775,293,10,'image_292.jpg'),
(9836,8753,10,1,'image_9.jpg'),
(9836,8753,10,2,'image_9.jpg'),
(9836,8753,10,3,'image_9.jpg'),
(9836,8753,10,4,'image_9.jpg'),
(9889,2060,286,1,'image_285.jpg'),
(9889,2060,286,2,'image_285.jpg'),
(9889,2060,286,3,'image_285.jpg'),
(9889,2060,286,4,'image_285.jpg'),
(9889,2060,286,5,'image_285.jpg'),
(9889,2060,286,6,'image_285.jpg'),
(9889,2060,286,7,'image_285.jpg');
/*!40000 ALTER TABLE `image` ENABLE KEYS */;
UNLOCK TABLES;

--
-- Table structure for table `lens`
--

DROP TABLE IF EXISTS `lens`;
/*!40101 SET @saved_cs_client     = @@character_set_client */;
/*!40101 SET character_set_client = utf8mb4 */;
CREATE TABLE `lens` (
  `lens_id` int(11) NOT NULL,
  `user_id` int(11) DEFAULT NULL,
  `name` varchar(100) NOT NULL,
  `release_date` date NOT NULL,
  PRIMARY KEY (`lens_id`),
  KEY `user_id` (`user_id`),
  CONSTRAINT `lens_ibfk_1` FOREIGN KEY (`user_id`) REFERENCES `user` (`user_id`)
) ENGINE=InnoDB DEFAULT CHARSET=latin1 COLLATE=latin1_swedish_ci;
/*!40101 SET character_set_client = @saved_cs_client */;

--
-- Dumping data for table `lens`
--

LOCK TABLES `lens` WRITE;
/*!40000 ALTER TABLE `lens` DISABLE KEYS */;
INSERT INTO `lens` (`lens_id`, `user_id`, `name`, `release_date`) VALUES (36,4885,'purposeLens','2025-03-26'),
(59,5577,'cardLens','2025-02-18'),
(85,1219,'companyLens','2025-04-13'),
(99,3365,'openLens','2025-04-08'),
(198,9836,'actLens','2025-02-25'),
(199,2381,'addressLens','2025-05-02'),
(273,4419,'movementLens','2025-05-11'),
(335,144,'quiteLens','2025-03-14'),
(457,3804,'makeLens','2025-01-13'),
(465,4915,'seniorLens','2025-04-09'),
(468,9836,'remainLens','2025-04-15'),
(476,7610,'thankLens','2025-04-29'),
(543,3865,'economyLens','2025-04-10'),
(572,5150,'fastLens','2025-04-05'),
(636,2343,'leaveLens','2025-05-12'),
(637,5271,'mayLens','2025-04-14'),
(641,6718,'thoseLens','2025-04-05'),
(645,7204,'faceLens','2025-03-25'),
(650,6287,'changeLens','2025-04-25'),
(693,9836,'talkLens','2025-03-27'),
(695,9836,'agreeLens','2025-02-05'),
(802,8764,'actuallyLens','2025-03-02'),
(832,496,'securityLens','2025-05-03'),
(842,7204,'nationalLens','2025-01-12'),
(1002,2323,'choiceLens','2025-03-30'),
(1032,8764,'callLens','2025-04-04'),
(1035,4142,'prettyLens','2025-03-03'),
(1078,787,'noLens','2025-05-03'),
(1115,4464,'nightLens','2025-05-12'),
(1213,8418,'finalLens','2025-03-26'),
(1257,7527,'realLens','2025-02-14'),
(1321,766,'fromLens','2025-04-15'),
(1327,9836,'ableLens','2025-04-11'),
(1348,4817,'talkLens','2025-05-10'),
(1371,8181,'firmLens','2025-03-21'),
(1430,7204,'assumeLens','2025-02-08'),
(1432,3377,'maybeLens','2025-04-12'),
(1433,9836,'standLens','2025-01-08'),
(1464,9836,'flyLens','2025-02-21'),
(1469,7204,'presentLens','2025-01-10'),
(1493,8958,'atLens','2025-02-11'),
(1518,7644,'fewLens','2025-03-03'),
(1534,7204,'lateLens','2025-03-24'),
(1664,3301,'anyoneLens','2025-04-28'),
(1693,7169,'understandLens','2025-02-08'),
(1699,9792,'eightLens','2025-03-21'),
(1812,3576,'usLens','2025-02-01'),
(1830,9836,'seniorLens','2025-03-09'),
(1919,7014,'gunLens','2025-04-26'),
(1946,4335,'askLens','2025-03-05'),
(1957,2381,'memberLens','2025-03-16'),
(2006,3053,'badLens','2025-02-11'),
(2022,9383,'westernLens','2025-04-02'),
(2073,9383,'situationLens','2025-04-26'),
(2164,3301,'rightLens','2025-04-09'),
(2192,4658,'eightLens','2025-02-02'),
(2210,5759,'southernLens','2025-02-18'),
(2220,9836,'toLens','2025-02-21'),
(2255,3052,'preventLens','2025-05-06'),
(2320,5759,'rateLens','2025-03-27'),
(2446,1875,'trainingLens','2025-02-12'),
(2462,7462,'studyLens','2025-02-15'),
(2481,3052,'lossLens','2025-01-06'),
(2493,3388,'existLens','2025-05-03'),
(2506,5577,'westernLens','2025-04-28'),
(2523,3301,'forceLens','2025-03-31'),
(2533,9383,'civilLens','2025-02-09'),
(2559,5256,'andLens','2025-03-10'),
(2563,5759,'factLens','2025-04-10'),
(2565,4419,'socialLens','2025-01-14'),
(2585,8555,'muchLens','2025-01-07'),
(2615,7644,'ratherLens','2025-05-04'),
(2684,5256,'budgetLens','2025-01-15'),
(2739,9060,'singLens','2025-02-13'),
(2759,9449,'possibleLens','2025-03-10'),
(2787,7204,'courtLens','2025-01-25'),
(2827,4915,'usLens','2025-04-27'),
(2856,9383,'clearLens','2025-02-20'),
(2921,4419,'religiousLens','2025-04-08'),
(2979,9836,'approachLens','2025-04-16'),
(3041,9836,'standardLens','2025-01-29'),
(3137,9836,'stationLens','2025-02-26'),
(3155,2092,'starLens','2025-03-29'),
(3173,4335,'hereLens','2025-02-23'),
(3179,7078,'plantLens','2025-02-03'),
(3207,7204,'abilityLens','2025-01-03'),
(3210,9836,'riskLens','2025-04-09'),
(3224,9836,'militaryLens','2025-03-13'),
(3260,5759,'peaceLens','2025-04-30'),
(3314,8019,'laterLens','2025-01-22'),
(3329,9547,'westLens','2025-03-15'),
(3427,9836,'dropLens','2025-04-29'),
(3437,8181,'marriageLens','2025-03-23'),
(3458,4720,'recordLens','2025-03-12'),
(3470,418,'technologyLens','2025-04-27'),
(3484,5150,'afterLens','2025-02-12'),
(3485,4658,'lookLens','2025-04-14'),
(3494,9836,'rockLens','2025-02-17'),
(3535,766,'sufferLens','2025-01-27'),
(3558,3576,'prepareLens','2025-03-23'),
(3576,9836,'responsibilityLens','2025-04-12'),
(3597,6041,'pieceLens','2025-05-07'),
(3624,2910,'candidateLens','2025-01-21'),
(3651,1219,'easyLens','2025-05-15'),
(3717,5949,'betweenLens','2025-03-02'),
(3845,2256,'stillLens','2025-03-15'),
(3856,2256,'tooLens','2025-03-16'),
(3868,7339,'authorLens','2025-03-15'),
(3900,832,'animalLens','2025-05-11'),
(3943,4915,'decisionLens','2025-01-11'),
(4009,144,'canLens','2025-01-01'),
(4015,2357,'lightLens','2025-01-19'),
(4023,5588,'coldLens','2025-04-25'),
(4027,3240,'outsideLens','2025-04-20'),
(4052,4921,'degreeLens','2025-04-14'),
(4054,3388,'theyLens','2025-03-19'),
(4059,7204,'managerLens','2025-04-12'),
(4063,2357,'movieLens','2025-03-16'),
(4067,1655,'girlLens','2025-01-28'),
(4122,6794,'gasLens','2025-02-24'),
(4167,6114,'overLens','2025-02-01'),
(4171,7204,'noneLens','2025-05-07'),
(4180,7204,'exampleLens','2025-02-28'),
(4214,7204,'ballLens','2025-02-13'),
(4224,787,'styleLens','2025-05-12'),
(4316,9383,'armLens','2025-04-22'),
(4328,7644,'purposeLens','2025-01-28'),
(4356,3491,'languageLens','2025-03-16'),
(4398,7014,'processLens','2025-03-02'),
(4452,417,'pictureLens','2025-03-05'),
(4471,7204,'decadeLens','2025-05-01'),
(4480,3804,'attackLens','2025-04-30'),
(4483,7204,'eitherLens','2025-01-17'),
(4529,4921,'appearLens','2025-02-22'),
(4564,7204,'localLens','2025-04-13'),
(4682,4335,'hugeLens','2025-01-21'),
(4697,3315,'sourceLens','2025-04-17'),
(4703,144,'footLens','2025-04-03'),
(4706,7204,'PMLens','2025-05-11'),
(4796,9449,'standardLens','2025-01-29'),
(4922,9383,'awayLens','2025-02-06'),
(5110,7204,'seatLens','2025-01-31'),
(5208,4200,'assumeLens','2025-01-05'),
(5227,8076,'preventLens','2025-05-15'),
(5251,9060,'lastLens','2025-04-07'),
(5265,5528,'realityLens','2025-01-08'),
(5266,3053,'gasLens','2025-03-24'),
(5270,5549,'accountLens','2025-02-19'),
(5349,2990,'civilLens','2025-04-27'),
(5448,6794,'thenLens','2025-02-03'),
(5468,4200,'probablyLens','2025-05-11'),
(5476,4451,'flyLens','2025-02-16'),
(5480,1219,'commonLens','2025-02-22'),
(5559,9836,'historyLens','2025-01-22'),
(5572,9836,'AmericanLens','2025-03-30'),
(5608,4451,'mouthLens','2025-01-26'),
(5707,5618,'environmentLens','2025-02-15'),
(5708,7204,'windLens','2025-04-28'),
(5718,6758,'experienceLens','2025-01-07'),
(5742,4658,'raceLens','2025-03-15'),
(5743,4921,'lastLens','2025-03-01'),
(5744,4335,'messageLens','2025-05-02'),
(5754,1900,'putLens','2025-01-19'),
(5757,2343,'enoughLens','2025-04-18'),
(5802,9060,'strategyLens','2025-02-25'),
(5820,3868,'certainlyLens','2025-04-19'),
(5845,3301,'greenLens','2025-03-24'),
(5941,4720,'dreamLens','2025-03-08'),
(5951,5949,'successLens','2025-02-17'),
(5976,7127,'interviewLens','2025-03-06'),
(5981,3576,'publicLens','2025-04-04'),
(6017,3365,'riseLens','2025-03-10'),
(6023,1900,'analysisLens','2025-02-25'),
(6031,9803,'stepLens','2025-05-03'),
(6039,9836,'natureLens','2025-03-02'),
(6069,4817,'avoidLens','2025-03-22'),
(6073,5658,'budgetLens','2025-04-11'),
(6091,7024,'buyLens','2025-03-16'),
(6098,9441,'othersLens','2025-01-05'),
(6146,7527,'tonightLens','2025-03-26'),
(6166,5567,'fromLens','2025-02-25'),
(6172,9383,'citizenLens','2025-01-26'),
(6176,3210,'voiceLens','2025-03-02'),
(6238,832,'effortLens','2025-01-25'),
(6357,9383,'actionLens','2025-01-23'),
(6494,4534,'troubleLens','2025-05-11'),
(6529,4335,'certainlyLens','2025-04-30'),
(6542,9383,'oilLens','2025-01-30'),
(6606,9383,'lastLens','2025-01-31'),
(6614,4468,'theirLens','2025-04-17'),
(6670,5577,'middleLens','2025-03-09'),
(6764,3392,'oilLens','2025-01-11'),
(6817,5759,'likeLens','2025-02-11'),
(6890,7770,'teacherLens','2025-04-17'),
(6918,6233,'lessLens','2025-05-11'),
(6950,7610,'mainLens','2025-03-26'),
(6999,7204,'endLens','2025-02-04'),
(7012,9383,'voteLens','2025-05-03'),
(7124,9836,'lineLens','2025-02-10'),
(7177,9836,'wouldLens','2025-04-30'),
(7208,9836,'reflectLens','2025-03-26'),
(7289,7204,'hearLens','2025-03-23'),
(7321,3707,'pieceLens','2025-01-02'),
(7378,766,'TVLens','2025-02-09'),
(7479,3053,'directionLens','2025-03-29'),
(7508,9449,'involveLens','2025-01-06'),
(7596,8076,'matterLens','2025-04-20'),
(7656,9449,'appearLens','2025-03-18'),
(7731,5613,'aroundLens','2025-01-11'),
(7739,9836,'alwaysLens','2025-01-18'),
(7759,4698,'earlyLens','2025-03-02'),
(7763,6392,'herLens','2025-03-10'),
(7819,9439,'continueLens','2025-01-14'),
(7836,4419,'securityLens','2025-03-30'),
(7851,9383,'pointLens','2025-04-12'),
(7895,6975,'keyLens','2025-02-04'),
(7921,8764,'revealLens','2025-01-29'),
(7932,151,'becauseLens','2025-01-27'),
(7933,7602,'treatLens','2025-02-01'),
(7998,4335,'itLens','2025-04-05'),
(8003,6392,'alreadyLens','2025-05-01'),
(8030,9060,'todayLens','2025-02-20'),
(8061,2357,'televisionLens','2025-01-26'),
(8064,7527,'centralLens','2025-03-21'),
(8073,5528,'resultLens','2025-02-24'),
(8196,4468,'produceLens','2025-03-30'),
(8247,7204,'itLens','2025-02-13'),
(8311,8660,'firmLens','2025-02-09'),
(8319,2323,'peopleLens','2025-02-06'),
(8383,4658,'detailLens','2025-03-29'),
(8387,5450,'fastLens','2025-04-19'),
(8406,7014,'notLens','2025-01-19'),
(8557,3707,'frontLens','2025-03-18'),
(8613,2120,'familyLens','2025-05-11'),
(8649,3052,'classLens','2025-02-05'),
(8716,7204,'roomLens','2025-04-29'),
(8805,9836,'statementLens','2025-03-01'),
(8853,9836,'difficultLens','2025-01-18'),
(8857,7204,'certainLens','2025-01-30'),
(8946,4885,'personalLens','2025-02-13'),
(8973,8958,'middleLens','2025-04-07'),
(8994,1681,'riskLens','2025-03-10'),
(9005,3365,'TVLens','2025-05-13'),
(9035,496,'houseLens','2025-02-01'),
(9107,1661,'leaderLens','2025-04-04'),
(9151,6794,'buyLens','2025-05-04'),
(9258,2357,'streetLens','2025-01-11'),
(9266,9836,'appearLens','2025-02-10'),
(9336,9836,'pastLens','2025-03-31'),
(9352,1219,'citizenLens','2025-04-23'),
(9384,832,'groupLens','2025-03-14'),
(9392,9836,'positiveLens','2025-01-20'),
(9395,9836,'minuteLens','2025-05-08'),
(9436,9836,'riseLens','2025-01-24'),
(9464,5805,'manLens','2025-01-03'),
(9485,9383,'answerLens','2025-01-04'),
(9493,7204,'smileLens','2025-03-16'),
(9570,4921,'politicalLens','2025-04-28'),
(9749,5849,'stationLens','2025-04-15'),
(9793,7204,'pieceLens','2025-01-27'),
(9805,4419,'useLens','2025-04-17'),
(9807,9383,'topLens','2025-03-20'),
(9811,8958,'pageLens','2025-02-21'),
(9855,9803,'raiseLens','2025-02-12'),
(9863,2256,'wideLens','2025-05-04'),
(9942,9449,'sameLens','2025-02-18'),
(9999,7204,'relateLens','2025-03-20');
/*!40000 ALTER TABLE `lens` ENABLE KEYS */;
UNLOCK TABLES;

--
-- Table structure for table `lens_level`
--

DROP TABLE IF EXISTS `lens_level`;
/*!40101 SET @saved_cs_client     = @@character_set_client */;
/*!40101 SET character_set_client = utf8mb4 */;
CREATE TABLE `lens_level` (
  `level_id` int(11) NOT NULL,
  `level_name` varchar(50) NOT NULL,
  `incentive` int(11) NOT NULL,
  `n_min_lens_created` int(11) NOT NULL,
  PRIMARY KEY (`level_id`)
) ENGINE=InnoDB DEFAULT CHARSET=latin1 COLLATE=latin1_swedish_ci;
/*!40101 SET character_set_client = @saved_cs_client */;

--
-- Dumping data for table `lens_level`
--

LOCK TABLES `lens_level` WRITE;
/*!40000 ALTER TABLE `lens_level` DISABLE KEYS */;
INSERT INTO `lens_level` (`level_id`, `level_name`, `incentive`, `n_min_lens_created`) VALUES (0,'Not Rated',0,1),
(1,'Bronze',1000000,10),
(2,'Silver',2000000,20),
(3,'Gold',3000000,30);
/*!40000 ALTER TABLE `lens_level` ENABLE KEYS */;
UNLOCK TABLES;

--
-- Table structure for table `lens_type`
--

DROP TABLE IF EXISTS `lens_type`;
/*!40101 SET @saved_cs_client     = @@character_set_client */;
/*!40101 SET character_set_client = utf8mb4 */;
CREATE TABLE `lens_type` (
  `lens_id` int(11) NOT NULL,
  `type` varchar(50) NOT NULL,
  PRIMARY KEY (`lens_id`),
  CONSTRAINT `lens_type_ibfk_1` FOREIGN KEY (`lens_id`) REFERENCES `lens` (`lens_id`)
) ENGINE=InnoDB DEFAULT CHARSET=latin1 COLLATE=latin1_swedish_ci;
/*!40101 SET character_set_client = @saved_cs_client */;

--
-- Dumping data for table `lens_type`
--

LOCK TABLES `lens_type` WRITE;
/*!40000 ALTER TABLE `lens_type` DISABLE KEYS */;
INSERT INTO `lens_type` (`lens_id`, `type`) VALUES (36,'Not Both'),
(59,'Not Both'),
(85,'Background'),
(99,'Background'),
(198,'Not Both'),
(199,'Background'),
(273,'Not Both'),
(335,'Not Both'),
(457,'Face'),
(465,'Not Both'),
(468,'Not Both'),
(476,'Both'),
(543,'Background'),
(572,'Background'),
(636,'Face'),
(637,'Both'),
(641,'Face'),
(645,'Both'),
(650,'Background'),
(693,'Both'),
(695,'Background'),
(802,'Not Both'),
(832,'Both'),
(842,'Not Both'),
(1002,'Both'),
(1032,'Both'),
(1035,'Both'),
(1078,'Not Both'),
(1115,'Not Both'),
(1213,'Both'),
(1257,'Background'),
(1321,'Background'),
(1327,'Not Both'),
(1348,'Both'),
(1371,'Both'),
(1430,'Face'),
(1432,'Background'),
(1433,'Not Both'),
(1464,'Not Both'),
(1469,'Background'),
(1493,'Not Both'),
(1518,'Background'),
(1534,'Background'),
(1664,'Face'),
(1693,'Background'),
(1699,'Both'),
(1812,'Not Both'),
(1830,'Not Both'),
(1919,'Background'),
(1946,'Both'),
(1957,'Face'),
(2006,'Both'),
(2022,'Face'),
(2073,'Background'),
(2164,'Both'),
(2192,'Face'),
(2210,'Not Both'),
(2220,'Not Both'),
(2255,'Background'),
(2320,'Both'),
(2446,'Background'),
(2462,'Both'),
(2481,'Background'),
(2493,'Face'),
(2506,'Background'),
(2523,'Background'),
(2533,'Background'),
(2559,'Not Both'),
(2563,'Background'),
(2565,'Both'),
(2585,'Face'),
(2615,'Face'),
(2684,'Background'),
(2739,'Not Both'),
(2759,'Background'),
(2787,'Background'),
(2827,'Background'),
(2856,'Background'),
(2921,'Both'),
(2979,'Both'),
(3041,'Background'),
(3137,'Both'),
(3155,'Not Both'),
(3173,'Both'),
(3179,'Face'),
(3207,'Face'),
(3210,'Both'),
(3224,'Both'),
(3260,'Face'),
(3314,'Face'),
(3329,'Not Both'),
(3427,'Not Both'),
(3437,'Both'),
(3458,'Face'),
(3470,'Not Both'),
(3484,'Both'),
(3485,'Not Both'),
(3494,'Not Both'),
(3535,'Both'),
(3558,'Both'),
(3576,'Background'),
(3597,'Background'),
(3624,'Face'),
(3651,'Not Both'),
(3717,'Background'),
(3845,'Both'),
(3856,'Background'),
(3868,'Face'),
(3900,'Face'),
(3943,'Both'),
(4009,'Both'),
(4015,'Both'),
(4023,'Both'),
(4027,'Background'),
(4052,'Background'),
(4054,'Face'),
(4059,'Both'),
(4063,'Background'),
(4067,'Face'),
(4122,'Not Both'),
(4167,'Both'),
(4171,'Not Both'),
(4180,'Face'),
(4214,'Not Both'),
(4224,'Face'),
(4316,'Both'),
(4328,'Background'),
(4356,'Both'),
(4398,'Background'),
(4452,'Background'),
(4471,'Not Both'),
(4480,'Not Both'),
(4483,'Face'),
(4529,'Face'),
(4564,'Face'),
(4682,'Background'),
(4697,'Not Both'),
(4703,'Face'),
(4706,'Background'),
(4796,'Not Both'),
(4922,'Both'),
(5110,'Background'),
(5208,'Background'),
(5227,'Background'),
(5251,'Not Both'),
(5265,'Background'),
(5266,'Not Both'),
(5270,'Both'),
(5349,'Not Both'),
(5448,'Face'),
(5468,'Both'),
(5476,'Not Both'),
(5480,'Background'),
(5559,'Both'),
(5572,'Background'),
(5608,'Both'),
(5707,'Face'),
(5708,'Both'),
(5718,'Not Both'),
(5742,'Not Both'),
(5743,'Not Both'),
(5744,'Both'),
(5754,'Both'),
(5757,'Background'),
(5802,'Background'),
(5820,'Face'),
(5845,'Not Both'),
(5941,'Not Both'),
(5951,'Not Both'),
(5976,'Both'),
(5981,'Face'),
(6017,'Not Both'),
(6023,'Face'),
(6031,'Not Both'),
(6039,'Face'),
(6069,'Not Both'),
(6073,'Not Both'),
(6091,'Both'),
(6098,'Not Both'),
(6146,'Face'),
(6166,'Background'),
(6172,'Not Both'),
(6176,'Not Both'),
(6238,'Not Both'),
(6357,'Face'),
(6494,'Face'),
(6529,'Both'),
(6542,'Background'),
(6606,'Background'),
(6614,'Background'),
(6670,'Face'),
(6764,'Both'),
(6817,'Background'),
(6890,'Face'),
(6918,'Background'),
(6950,'Not Both'),
(6999,'Not Both'),
(7012,'Not Both'),
(7124,'Background'),
(7177,'Both'),
(7208,'Face'),
(7289,'Background'),
(7321,'Not Both'),
(7378,'Face'),
(7479,'Both'),
(7508,'Face'),
(7596,'Not Both'),
(7656,'Background'),
(7731,'Face'),
(7739,'Not Both'),
(7759,'Background'),
(7763,'Face'),
(7819,'Both'),
(7836,'Face'),
(7851,'Not Both'),
(7895,'Face'),
(7921,'Background'),
(7932,'Background'),
(7933,'Background'),
(7998,'Face'),
(8003,'Not Both'),
(8030,'Both'),
(8061,'Background'),
(8064,'Background'),
(8073,'Background'),
(8196,'Background'),
(8247,'Both'),
(8311,'Background'),
(8319,'Face'),
(8383,'Both'),
(8387,'Face'),
(8406,'Face'),
(8557,'Both'),
(8613,'Not Both'),
(8649,'Not Both'),
(8716,'Face'),
(8805,'Both'),
(8853,'Not Both'),
(8857,'Face'),
(8946,'Background'),
(8973,'Face'),
(8994,'Both'),
(9005,'Background'),
(9035,'Both'),
(9107,'Background'),
(9151,'Background'),
(9258,'Background'),
(9266,'Not Both'),
(9336,'Background'),
(9352,'Not Both'),
(9384,'Face'),
(9392,'Face'),
(9395,'Both'),
(9436,'Face'),
(9464,'Face'),
(9485,'Both'),
(9493,'Face'),
(9570,'Not Both'),
(9749,'Not Both'),
(9793,'Both'),
(9805,'Not Both'),
(9807,'Face'),
(9811,'Face'),
(9855,'Background'),
(9863,'Not Both'),
(9942,'Face'),
(9999,'Face');
/*!40000 ALTER TABLE `lens_type` ENABLE KEYS */;
UNLOCK TABLES;

--
-- Table structure for table `location`
--

DROP TABLE IF EXISTS `location`;
/*!40101 SET @saved_cs_client     = @@character_set_client */;
/*!40101 SET character_set_client = utf8mb4 */;
CREATE TABLE `location` (
  `user_id` int(11) NOT NULL,
  `start_time` datetime NOT NULL,
  `end_time` datetime DEFAULT NULL,
  `latitude` decimal(9,6) NOT NULL,
  `longitude` decimal(9,6) NOT NULL,
  PRIMARY KEY (`user_id`,`start_time`),
  CONSTRAINT `location_ibfk_1` FOREIGN KEY (`user_id`) REFERENCES `user` (`user_id`)
) ENGINE=InnoDB DEFAULT CHARSET=latin1 COLLATE=latin1_swedish_ci;
/*!40101 SET character_set_client = @saved_cs_client */;

--
-- Dumping data for table `location`
--

LOCK TABLES `location` WRITE;
/*!40000 ALTER TABLE `location` DISABLE KEYS */;
INSERT INTO `location` (`user_id`, `start_time`, `end_time`, `latitude`, `longitude`) VALUES (336,'2025-01-19 09:58:33','2025-01-19 10:38:20',-2.269837,64.440858),
(417,'2025-01-05 20:49:55','2025-01-05 22:38:59',75.480526,-6.903340),
(496,'2025-03-26 11:06:31','2025-03-26 12:25:48',-64.060382,100.331429),
(663,'2025-03-25 18:29:18','2025-03-25 20:12:04',52.755984,22.039445),
(766,'2025-01-04 15:36:52','2025-01-04 15:47:39',59.146396,151.765743),
(787,'2025-03-25 06:29:32','2025-03-25 08:11:10',-27.661233,-112.955957),
(966,'2025-05-04 15:35:23','2025-05-04 15:58:53',-42.870538,134.172040),
(966,'2025-05-14 12:30:24','2025-05-14 13:29:47',51.455541,-113.112909),
(1219,'2025-04-01 19:12:12','2025-04-01 20:37:37',46.352777,18.513827),
(1466,'2025-02-28 12:03:17','2025-02-28 13:44:31',-32.040222,-173.496071),
(1655,'2025-02-18 19:16:45','2025-02-18 20:57:04',36.632590,171.672234),
(1655,'2025-04-23 14:02:24','2025-04-23 14:22:57',-84.791295,-83.216980),
(1661,'2025-03-13 19:04:14','2025-03-13 20:23:17',87.059766,55.558773),
(1681,'2025-01-17 16:01:56','2025-01-17 16:28:22',-17.510950,-95.479894),
(1818,'2025-01-06 00:13:26','2025-01-06 01:37:49',-86.684908,121.089972),
(1818,'2025-01-24 01:12:39','2025-01-24 02:44:45',89.460179,77.393264),
(1818,'2025-03-09 19:06:03','2025-03-09 21:04:05',-3.322440,-122.205903),
(1875,'2025-02-24 06:18:31','2025-02-24 07:41:59',9.573471,21.191725),
(2092,'2025-01-02 06:11:28','2025-01-02 06:17:56',5.831470,-175.950266),
(2120,'2025-03-18 08:37:24','2025-03-18 10:05:18',2.211142,-24.616592),
(2256,'2025-04-03 00:14:51','2025-04-03 01:20:28',-4.074860,-8.951234),
(2322,'2025-01-14 10:05:10','2025-01-14 11:04:40',74.777753,47.114914),
(2343,'2025-04-22 22:27:03','2025-04-22 23:54:56',-15.487942,173.217025),
(2357,'2025-04-03 08:21:56','2025-04-03 09:01:28',-82.018843,103.266817),
(2721,'2025-01-20 10:09:09','2025-01-20 10:45:19',76.233349,179.737240),
(2721,'2025-03-28 03:14:57','2025-03-28 05:08:28',-83.677226,34.508898),
(2721,'2025-04-28 14:45:23','2025-04-28 16:14:10',86.049269,5.223635),
(2990,'2025-02-22 11:51:28','2025-02-22 12:16:28',28.847318,82.671734),
(3210,'2025-02-25 22:23:45','2025-02-25 23:10:03',-68.046267,-6.949101),
(3210,'2025-02-25 22:32:38','2025-02-25 23:52:18',19.141852,25.596178),
(3290,'2025-04-14 02:12:18','2025-04-14 03:40:54',76.890535,56.246143),
(3365,'2025-01-13 13:59:51','2025-01-13 15:50:20',67.681712,119.582462),
(3365,'2025-04-03 10:30:34','2025-04-03 12:00:13',-4.111429,-68.730327),
(3377,'2025-05-13 15:25:31','2025-05-13 17:08:04',36.711519,108.671729),
(3392,'2025-05-15 11:49:54','2025-05-15 12:50:35',-7.020028,-155.036732),
(3491,'2025-05-06 03:14:29','2025-05-06 04:16:45',81.209404,116.760971),
(3576,'2025-04-15 05:08:54','2025-04-15 06:31:30',-63.890401,-144.200133),
(3576,'2025-05-13 21:49:31','2025-05-13 22:27:39',56.763916,-97.697889),
(3707,'2025-04-03 05:13:07','2025-04-03 07:11:44',-31.729573,177.437849),
(3707,'2025-04-07 10:49:43','2025-04-07 11:56:45',29.995115,136.763425),
(3707,'2025-04-12 19:50:54','2025-04-12 20:37:02',72.924364,-136.415467),
(3804,'2025-03-26 00:02:24','2025-03-26 00:32:27',-83.023580,-0.977446),
(3804,'2025-03-31 16:33:25','2025-03-31 17:21:43',20.446176,13.903672),
(3832,'2025-01-09 16:43:31','2025-01-09 17:27:44',17.314972,-38.492896),
(3832,'2025-04-23 16:52:34','2025-04-23 17:11:07',-64.581858,-37.014687),
(3865,'2025-02-07 16:06:47','2025-02-07 16:34:34',72.583000,14.340669),
(3868,'2025-01-20 13:01:50','2025-01-20 13:04:41',0.646601,-120.929204),
(3891,'2025-01-07 01:48:39','2025-01-07 03:37:22',-68.731307,-73.102439),
(4142,'2025-01-11 16:00:37','2025-01-11 16:23:43',56.155929,87.556504),
(4142,'2025-04-01 12:09:13','2025-04-01 13:41:14',21.322037,-131.378307),
(4200,'2025-03-27 05:45:05','2025-03-27 06:39:19',-11.485824,79.318812),
(4419,'2025-01-21 06:04:24','2025-01-21 07:21:19',52.569705,168.008197),
(4419,'2025-02-13 19:16:02','2025-02-13 19:55:10',-0.375276,104.607013),
(4419,'2025-04-22 20:52:19','2025-04-22 22:27:15',50.699755,127.022798),
(4464,'2025-03-05 20:46:23','2025-03-05 22:29:31',-2.214163,26.391311),
(4506,'2025-01-14 04:49:38','2025-01-14 06:33:43',-39.312509,-25.359921),
(4534,'2025-04-27 00:50:13','2025-04-27 02:47:36',-88.349657,-171.281926),
(4624,'2025-02-28 19:06:51','2025-02-28 19:57:34',-69.500304,92.614752),
(4624,'2025-03-02 02:24:27','2025-03-02 03:54:41',-87.328013,-67.236334),
(4658,'2025-02-24 12:06:08','2025-02-24 12:26:13',67.940612,-31.725524),
(4698,'2025-02-14 20:04:11','2025-02-14 21:11:07',55.217640,-58.295291),
(4981,'2025-04-04 19:00:40','2025-04-04 21:00:34',48.231954,172.343147),
(5150,'2025-01-12 09:25:42','2025-01-12 09:58:39',-4.107183,49.639950),
(5256,'2025-04-27 11:37:31','2025-04-27 13:24:38',-15.737367,21.661612),
(5271,'2025-03-29 04:04:31','2025-03-29 05:58:53',78.880357,68.786570),
(5396,'2025-04-30 07:51:27','2025-04-30 09:48:15',68.907104,28.276733),
(5450,'2025-04-22 10:51:34','2025-04-22 12:29:09',8.778307,-17.391550),
(5528,'2025-01-12 21:29:29','2025-01-12 21:41:44',-70.161370,158.038427),
(5528,'2025-03-12 18:11:23','2025-03-12 18:53:28',21.653413,144.525697),
(5528,'2025-04-14 13:42:34','2025-04-14 14:42:17',66.917321,-38.083036),
(5528,'2025-05-02 20:19:58','2025-05-02 22:18:14',19.081796,-135.890528),
(5549,'2025-01-05 19:45:09','2025-01-05 20:10:44',52.385885,-25.949156),
(5549,'2025-04-29 17:56:57','2025-04-29 19:47:37',83.894904,35.742165),
(5588,'2025-02-05 16:02:15','2025-02-05 16:59:50',-65.040160,13.654182),
(5588,'2025-03-25 20:45:17','2025-03-25 21:29:00',-75.420267,7.720169),
(5588,'2025-04-16 05:15:58','2025-04-16 06:39:39',-40.504738,-98.223018),
(5613,'2025-03-08 03:30:45','2025-03-08 05:26:16',74.399405,-38.613001),
(5618,'2025-01-29 04:06:25','2025-01-29 05:41:37',-16.902231,-177.895997),
(5639,'2025-02-24 21:49:15','2025-02-24 22:09:43',6.696197,60.069915),
(5639,'2025-03-23 15:13:15','2025-03-23 16:31:41',-60.212012,118.977831),
(5805,'2025-01-12 13:06:39','2025-01-12 14:14:12',57.638614,106.432959),
(5805,'2025-03-28 13:21:03','2025-03-28 15:12:27',-36.755286,127.420114),
(5849,'2025-02-07 14:59:08','2025-02-07 16:18:32',42.661381,153.670056),
(5849,'2025-05-05 16:10:48','2025-05-05 16:26:17',0.017183,49.241628),
(5949,'2025-01-20 11:28:48','2025-01-20 12:13:47',25.320728,-76.357397),
(5949,'2025-01-29 18:14:06','2025-01-29 19:13:32',9.658157,136.917584),
(6041,'2025-01-04 16:57:22','2025-01-04 18:42:08',-73.630108,-126.548557),
(6041,'2025-01-20 17:52:11','2025-01-20 19:32:20',-7.273482,166.431447),
(6041,'2025-03-05 23:31:08','2025-03-05 23:46:04',-80.070319,122.654021),
(6114,'2025-01-18 23:27:46','2025-01-19 01:24:14',62.124795,-44.537915),
(6233,'2025-01-24 13:32:17','2025-01-24 13:42:31',45.646698,155.900338),
(6718,'2025-03-30 20:54:25','2025-03-30 22:24:07',17.153897,-103.621215),
(6758,'2025-03-03 19:24:00','2025-03-03 20:21:26',-34.693777,-82.855229),
(6794,'2025-01-29 17:08:11','2025-01-29 17:49:51',34.013048,-114.251862),
(6794,'2025-02-17 18:21:48','2025-02-17 18:48:24',0.358645,141.652626),
(6794,'2025-04-07 10:43:53','2025-04-07 11:15:52',36.974113,69.610641),
(6975,'2025-01-05 17:24:19','2025-01-05 18:25:28',-61.856121,-14.688028),
(7013,'2025-02-26 16:49:04','2025-02-26 17:23:29',-15.497010,-54.739567),
(7014,'2025-01-16 11:01:41','2025-01-16 12:00:46',40.878034,66.937814),
(7024,'2025-03-12 18:20:40','2025-03-12 19:27:39',-74.245620,91.755632),
(7127,'2025-01-17 10:01:24','2025-01-17 11:18:23',42.442688,139.345314),
(7127,'2025-03-05 18:26:26','2025-03-05 20:20:58',-46.086667,-109.672590),
(7169,'2025-01-06 21:16:30','2025-01-06 22:31:42',-2.964446,92.437838),
(7169,'2025-03-06 01:05:41','2025-03-06 01:22:41',-14.926451,-11.295931),
(7169,'2025-03-25 23:40:16','2025-03-25 23:40:45',-75.229971,-116.942498),
(7204,'2025-02-01 20:44:39','2025-02-01 21:12:13',-13.325652,10.514363),
(7221,'2025-03-19 06:48:23','2025-03-19 07:49:21',-79.319186,-10.512891),
(7339,'2025-02-19 12:04:38','2025-02-19 13:46:21',-70.608155,-41.615496),
(7402,'2025-01-02 11:12:04','2025-01-02 11:57:01',-35.976474,-84.005216),
(7402,'2025-02-20 02:44:50','2025-02-20 03:46:02',-54.055984,-36.780094),
(7402,'2025-03-21 20:57:12','2025-03-21 22:17:51',-13.275821,31.371865),
(7462,'2025-01-12 02:19:54','2025-01-12 02:22:42',-15.227395,-53.505332),
(7462,'2025-01-21 22:36:31','2025-01-22 00:13:18',-33.630050,-122.623750),
(7527,'2025-03-04 23:31:35','2025-03-05 00:06:33',-43.249254,67.035878),
(7602,'2025-01-04 08:57:30','2025-01-04 09:31:19',53.943761,-176.693149),
(7602,'2025-01-08 09:27:58','2025-01-08 10:49:19',20.045430,-91.564271),
(7644,'2025-02-10 04:59:24','2025-02-10 06:38:54',60.597695,-52.855760),
(7770,'2025-03-09 22:18:25','2025-03-09 23:27:03',62.090484,-53.154730),
(7840,'2025-01-19 00:41:51','2025-01-19 01:03:17',-59.568749,106.169407),
(7840,'2025-03-04 20:26:55','2025-03-04 21:32:13',24.798949,-120.670399),
(8019,'2025-04-06 03:27:36','2025-04-06 03:51:13',-83.168566,-15.325052),
(8019,'2025-04-08 17:42:41','2025-04-08 17:58:53',-3.421829,117.278770),
(8075,'2025-01-04 03:00:18','2025-01-04 03:21:49',-74.851985,-154.958767),
(8075,'2025-04-04 10:22:46','2025-04-04 11:31:50',70.233850,-172.354527),
(8075,'2025-05-08 12:59:12','2025-05-08 14:51:08',-64.665619,141.962449),
(8076,'2025-04-11 19:31:57','2025-04-11 21:20:15',-37.438652,-122.878812),
(8418,'2025-01-24 04:45:41','2025-01-24 05:21:10',32.385134,146.518485),
(8418,'2025-03-31 04:41:36','2025-03-31 05:44:32',-40.473299,-145.410391),
(8522,'2025-02-14 20:54:11','2025-02-14 22:50:00',-72.179479,98.204173),
(8693,'2025-01-06 17:56:10','2025-01-06 19:09:25',-59.788344,102.087667),
(8693,'2025-02-07 04:27:47','2025-02-07 04:54:00',66.541050,-77.162210),
(8693,'2025-05-13 09:31:50','2025-05-13 11:24:52',85.527512,160.070804),
(8764,'2025-02-08 01:21:12','2025-02-08 02:16:54',26.004313,31.271434),
(8851,'2025-02-23 12:19:44','2025-02-23 13:51:55',-57.151797,-134.434428),
(8851,'2025-03-05 02:48:33','2025-03-05 03:38:14',45.310734,-101.622848),
(8851,'2025-04-05 09:37:02','2025-04-05 10:47:01',-78.966154,170.020055),
(8958,'2025-01-29 22:52:28','2025-01-30 00:07:20',50.580352,-166.263874),
(8958,'2025-04-08 22:24:26','2025-04-09 00:16:41',66.606218,-94.094094),
(9383,'2025-03-23 16:50:07','2025-03-23 17:24:24',-17.972745,-167.233843),
(9439,'2025-03-05 12:44:45','2025-03-05 13:12:56',-70.404510,-73.493516),
(9449,'2025-03-21 05:50:44','2025-03-21 06:52:59',-29.480725,-126.645536),
(9547,'2025-01-04 23:34:52','2025-01-05 00:43:55',34.192098,78.058147),
(9547,'2025-01-21 03:17:55','2025-01-21 04:24:12',31.683304,144.427805),
(9547,'2025-04-09 08:54:49','2025-04-09 10:29:20',-74.387063,-130.081455),
(9660,'2025-01-31 20:57:04','2025-01-31 22:10:00',-69.270899,-101.145653),
(9660,'2025-02-25 03:13:46','2025-02-25 04:56:06',-2.629947,-48.785465),
(9836,'2025-04-06 14:05:06','2025-04-06 14:22:18',-52.691045,-34.030155),
(9889,'2025-03-06 02:22:32','2025-03-06 03:43:24',-83.957605,65.154178),
(9889,'2025-03-09 06:30:42','2025-03-09 07:51:36',-37.273591,-162.753947),
(9889,'2025-04-19 01:08:35','2025-04-19 02:41:45',5.334947,-168.186911);
/*!40000 ALTER TABLE `location` ENABLE KEYS */;
UNLOCK TABLES;

--
-- Table structure for table `pap`
--

DROP TABLE IF EXISTS `pap`;
/*!40101 SET @saved_cs_client     = @@character_set_client */;
/*!40101 SET character_set_client = utf8mb4 */;
CREATE TABLE `pap` (
  `user_id` int(11) NOT NULL,
  `room_id` int(11) NOT NULL,
  `sent_order` int(11) NOT NULL,
  `lens_id` int(11) DEFAULT NULL,
  `duration` int(11) NOT NULL,
  PRIMARY KEY (`user_id`,`room_id`,`sent_order`),
  KEY `lens_id` (`lens_id`),
  CONSTRAINT `pap_ibfk_1` FOREIGN KEY (`user_id`, `room_id`, `sent_order`) REFERENCES `content` (`user_id`, `room_id`, `sent_order`),
  CONSTRAINT `pap_ibfk_2` FOREIGN KEY (`lens_id`) REFERENCES `lens` (`lens_id`)
) ENGINE=InnoDB DEFAULT CHARSET=latin1 COLLATE=latin1_swedish_ci;
/*!40101 SET character_set_client = @saved_cs_client */;

--
-- Dumping data for table `pap`
--

LOCK TABLES `pap` WRITE;
/*!40000 ALTER TABLE `pap` DISABLE KEYS */;
INSERT INTO `pap` (`user_id`, `room_id`, `sent_order`, `lens_id`, `duration`) VALUES (336,1470,196,5468,49),
(418,703,2,6031,45),
(418,5120,19,199,30),
(496,703,164,9384,54),
(766,9213,232,1469,23),
(787,3863,384,832,39),
(832,140,258,6238,5),
(832,1782,154,2006,30),
(832,3735,289,2210,22),
(902,3119,213,5976,11),
(902,5120,139,1433,7),
(966,6303,58,1469,7),
(1219,5263,192,2481,25),
(1466,8842,331,5270,25),
(1655,3081,7,2493,1),
(1655,8020,375,7321,55),
(1661,808,159,1919,58),
(1681,1782,229,7479,45),
(1681,6308,254,6039,18),
(1789,2336,146,2006,12),
(1875,1709,236,8073,6),
(1875,3687,207,6918,37),
(1971,1339,160,5743,50),
(1971,4504,68,641,37),
(1971,8252,308,7895,56),
(2092,3741,78,7378,23),
(2120,2787,253,8613,35),
(2193,3863,257,7124,7),
(2193,9468,106,2979,34),
(2193,9616,88,9570,16),
(2256,4334,80,5951,20),
(2322,3892,65,9570,36),
(2323,3924,268,8649,17),
(2323,7773,241,9570,42),
(2343,2336,338,2210,59),
(2343,4165,348,9005,55),
(2343,9733,158,199,41),
(2357,7582,4,1493,45),
(2721,703,195,3437,12),
(2721,1339,323,6238,52),
(2721,2787,13,2022,41),
(2910,1849,243,5251,40),
(2910,3892,105,8853,54),
(2990,3388,137,6031,1),
(3007,6368,370,4706,56),
(3052,4165,320,5476,45),
(3052,4719,272,4224,52),
(3053,17,9,7998,33),
(3210,789,179,8064,32),
(3210,1819,344,6176,13),
(3216,3119,355,8196,54),
(3216,7140,144,3470,5),
(3240,2766,181,2523,18),
(3290,1709,385,457,50),
(3315,1473,365,99,57),
(3315,4178,17,1035,3),
(3365,581,337,6494,57),
(3377,3119,296,2210,5),
(3388,6154,57,8387,47),
(3392,905,102,9793,35),
(3392,4178,188,4796,57),
(3392,9638,178,5941,34),
(3576,581,157,4122,15),
(3576,1846,176,7851,14),
(3576,2436,90,8946,49),
(3576,4504,335,1493,11),
(3576,6472,61,3179,11),
(3804,3664,223,2827,21),
(3804,4464,149,9352,16),
(3832,1775,75,4054,39),
(3832,4972,312,6073,47),
(3832,6856,341,5265,21),
(4074,6856,147,2856,40),
(4094,2178,197,8853,16),
(4094,6234,94,9266,16),
(4094,6488,18,5941,57),
(4142,996,93,2615,12),
(4142,3863,228,1371,33),
(4200,6258,304,2559,41),
(4200,6364,275,3224,35),
(4200,7582,72,7731,55),
(4200,8020,399,1518,25),
(4335,7582,45,2921,42),
(4335,8354,227,5559,4),
(4335,8877,126,5845,11),
(4419,581,247,4529,9),
(4451,3863,119,7895,40),
(4451,3892,101,2210,16),
(4451,6258,163,6950,47),
(4451,8252,396,6950,21),
(4464,7715,63,4059,18),
(4468,3735,109,6039,52),
(4468,8877,345,457,57),
(4506,4319,28,8716,3),
(4534,8877,395,7321,59),
(4624,996,141,2506,30),
(4624,8079,15,9464,31),
(4658,1473,202,5845,13),
(4658,1782,372,8406,28),
(4658,6856,256,3651,10),
(4698,691,342,2739,59),
(4720,17,92,5448,58),
(4720,1846,299,9863,59),
(4817,1849,186,5976,37),
(4885,1473,136,3484,28),
(4885,3066,371,5266,5),
(4885,7582,351,9811,5),
(4915,8354,35,802,21),
(4921,2348,394,59,25),
(4921,4688,25,1257,34),
(4921,8753,224,8805,36),
(4981,6278,36,9807,25),
(5150,2728,76,4706,45),
(5150,7773,115,4529,13),
(5150,9468,363,9107,6),
(5256,2728,221,2073,19),
(5271,2546,274,9855,1),
(5396,140,291,3484,55),
(5528,2728,103,3260,45),
(5528,3388,393,5270,36),
(5528,6364,124,7208,25),
(5528,8299,91,7124,33),
(5549,1473,110,2220,58),
(5549,2711,187,3210,38),
(5549,4670,259,1032,20),
(5549,6258,151,2921,51),
(5567,3735,117,7763,18),
(5567,8435,73,2615,30),
(5618,4972,48,8387,8),
(5639,6364,166,465,35),
(5639,8079,201,1213,37),
(5658,2348,133,8973,9),
(5658,5634,248,3427,4),
(5783,905,71,4027,2),
(5783,7103,219,6017,52),
(5805,4489,169,3329,19),
(5805,5120,398,4796,45),
(5805,8835,64,335,8),
(5868,6303,177,4328,37),
(5949,4464,233,8383,20),
(5949,4719,5,4052,1),
(6068,9468,376,2739,34),
(6114,4464,33,6017,5),
(6114,7282,26,641,3),
(6147,1775,280,2827,39),
(6233,905,50,8319,51),
(6233,996,362,9749,38),
(6233,1782,37,1371,40),
(6550,4168,51,5707,45),
(6550,5208,356,6670,12),
(6718,2379,301,6073,49),
(6718,6472,183,2827,37),
(6718,7340,352,6606,33),
(6758,1709,226,2684,14),
(6758,3081,127,1348,17),
(6758,3664,39,637,34),
(6758,4464,148,637,48),
(6758,7264,311,5266,12),
(6758,8435,380,6494,26),
(6794,691,217,4483,19),
(6809,8753,161,9493,48),
(6903,2766,172,7378,1),
(6903,7750,170,1115,14),
(6975,5120,292,5559,21),
(7014,1473,220,2481,29),
(7014,5006,283,1812,8),
(7014,5980,23,4067,13),
(7024,1139,382,8716,3),
(7078,3923,358,4027,51),
(7169,8702,273,5208,13),
(7169,8835,118,2220,38),
(7204,6896,381,2615,14),
(7221,1339,69,2320,16),
(7339,522,392,468,6),
(7339,3858,251,636,43),
(7339,5120,279,6614,6),
(7402,8020,218,5349,33),
(7462,2787,212,198,37),
(7527,6488,167,2506,38),
(7602,6896,367,465,56),
(7644,5616,287,5110,23),
(7770,2379,391,3329,6),
(7840,2578,162,1469,38),
(7840,9914,379,3597,49),
(8019,8842,353,1534,22),
(8076,1097,265,9570,47),
(8076,4319,168,7895,2),
(8418,2578,156,7851,41),
(8418,6488,343,6999,17),
(8522,2178,252,1115,51),
(8522,5390,100,6918,58),
(8522,6308,55,5448,30),
(8522,6364,266,5608,18),
(8522,8079,30,6764,55),
(8522,9733,364,8406,27),
(8542,4778,303,4796,59),
(8693,6154,180,4398,53),
(8693,6565,60,3173,41),
(8851,136,49,1534,6),
(8851,1782,107,5754,41),
(8851,6896,336,4796,19),
(8958,7282,307,2481,11),
(9383,3066,306,6238,19),
(9439,1139,319,1430,50),
(9441,7140,47,457,35),
(9441,9911,95,5802,9),
(9449,497,222,8613,44),
(9449,3081,208,641,51),
(9449,9911,211,1115,58),
(9547,6856,184,4214,39),
(9660,1775,293,273,41),
(9836,5413,246,3137,54),
(9836,8753,10,7656,3),
(9889,2060,286,4398,51);
/*!40000 ALTER TABLE `pap` ENABLE KEYS */;
UNLOCK TABLES;

--
-- Table structure for table `room_chat`
--

DROP TABLE IF EXISTS `room_chat`;
/*!40101 SET @saved_cs_client     = @@character_set_client */;
/*!40101 SET character_set_client = utf8mb4 */;
CREATE TABLE `room_chat` (
  `room_id` int(11) NOT NULL,
  `created_date` date NOT NULL,
  PRIMARY KEY (`room_id`)
) ENGINE=InnoDB DEFAULT CHARSET=latin1 COLLATE=latin1_swedish_ci;
/*!40101 SET character_set_client = @saved_cs_client */;

--
-- Dumping data for table `room_chat`
--

LOCK TABLES `room_chat` WRITE;
/*!40000 ALTER TABLE `room_chat` DISABLE KEYS */;
INSERT INTO `room_chat` (`room_id`, `created_date`) VALUES (17,'2025-04-15'),
(57,'2025-03-13'),
(96,'2025-01-12'),
(136,'2025-01-04'),
(140,'2025-03-12'),
(373,'2025-01-21'),
(469,'2025-02-24'),
(497,'2025-02-17'),
(522,'2025-02-28'),
(581,'2025-03-02'),
(691,'2025-01-27'),
(703,'2025-02-03'),
(789,'2025-03-13'),
(808,'2025-04-01'),
(905,'2025-04-25'),
(996,'2025-03-15'),
(1070,'2025-02-07'),
(1097,'2025-02-09'),
(1139,'2025-04-02'),
(1161,'2025-03-05'),
(1339,'2025-01-11'),
(1470,'2025-02-06'),
(1473,'2025-03-03'),
(1548,'2025-02-04'),
(1562,'2025-02-03'),
(1709,'2025-03-29'),
(1775,'2025-02-09'),
(1782,'2025-03-27'),
(1819,'2025-03-31'),
(1846,'2025-03-02'),
(1849,'2025-03-06'),
(2060,'2025-01-02'),
(2116,'2025-01-10'),
(2178,'2025-01-14'),
(2222,'2025-01-13'),
(2330,'2025-02-17'),
(2336,'2025-04-25'),
(2348,'2025-04-14'),
(2359,'2025-05-02'),
(2369,'2025-05-07'),
(2379,'2025-02-14'),
(2436,'2025-02-12'),
(2546,'2025-02-19'),
(2578,'2025-04-14'),
(2711,'2025-03-28'),
(2724,'2025-04-05'),
(2728,'2025-02-17'),
(2766,'2025-01-27'),
(2787,'2025-05-06'),
(2874,'2025-04-21'),
(3017,'2025-02-28'),
(3066,'2025-01-02'),
(3070,'2025-02-07'),
(3081,'2025-03-08'),
(3084,'2025-04-01'),
(3119,'2025-05-05'),
(3348,'2025-04-17'),
(3388,'2025-05-15'),
(3664,'2025-05-05'),
(3687,'2025-01-05'),
(3735,'2025-04-13'),
(3741,'2025-01-18'),
(3858,'2025-05-15'),
(3863,'2025-05-04'),
(3892,'2025-02-28'),
(3923,'2025-03-04'),
(3924,'2025-01-14'),
(3925,'2025-03-27'),
(4082,'2025-01-18'),
(4165,'2025-03-16'),
(4168,'2025-01-20'),
(4178,'2025-01-18'),
(4319,'2025-02-28'),
(4334,'2025-04-05'),
(4369,'2025-04-08'),
(4464,'2025-05-05'),
(4489,'2025-03-20'),
(4504,'2025-04-20'),
(4612,'2025-02-01'),
(4670,'2025-03-01'),
(4688,'2025-03-07'),
(4719,'2025-03-16'),
(4778,'2025-01-01'),
(4972,'2025-04-20'),
(5006,'2025-01-14'),
(5034,'2025-04-10'),
(5120,'2025-04-08'),
(5208,'2025-02-06'),
(5263,'2025-05-03'),
(5390,'2025-05-04'),
(5413,'2025-03-11'),
(5414,'2025-01-19'),
(5616,'2025-02-25'),
(5634,'2025-03-06'),
(5857,'2025-04-09'),
(5888,'2025-04-29'),
(5903,'2025-04-07'),
(5980,'2025-01-16'),
(6154,'2025-01-18'),
(6164,'2025-01-23'),
(6234,'2025-04-30'),
(6242,'2025-02-06'),
(6258,'2025-04-21'),
(6278,'2025-04-21'),
(6303,'2025-03-23'),
(6308,'2025-02-27'),
(6364,'2025-03-23'),
(6368,'2025-01-30'),
(6472,'2025-02-12'),
(6488,'2025-02-20'),
(6565,'2025-04-26'),
(6856,'2025-02-15'),
(6896,'2025-01-12'),
(7031,'2025-05-14'),
(7038,'2025-02-17'),
(7103,'2025-05-12'),
(7106,'2025-03-16'),
(7140,'2025-03-16'),
(7264,'2025-03-08'),
(7282,'2025-02-03'),
(7340,'2025-04-25'),
(7582,'2025-02-02'),
(7715,'2025-01-13'),
(7750,'2025-02-28'),
(7773,'2025-02-20'),
(8003,'2025-01-25'),
(8009,'2025-02-09'),
(8020,'2025-01-13'),
(8079,'2025-04-27'),
(8252,'2025-05-11'),
(8299,'2025-04-14'),
(8344,'2025-01-30'),
(8354,'2025-03-04'),
(8380,'2025-02-09'),
(8435,'2025-02-12'),
(8470,'2025-05-15'),
(8702,'2025-04-13'),
(8753,'2025-03-02'),
(8835,'2025-04-17'),
(8842,'2025-01-23'),
(8877,'2025-03-30'),
(9158,'2025-03-26'),
(9213,'2025-02-21'),
(9438,'2025-04-20'),
(9468,'2025-02-20'),
(9616,'2025-02-11'),
(9638,'2025-04-23'),
(9733,'2025-05-08'),
(9911,'2025-03-09'),
(9914,'2025-02-18');
/*!40000 ALTER TABLE `room_chat` ENABLE KEYS */;
UNLOCK TABLES;

--
-- Table structure for table `room_join`
--

DROP TABLE IF EXISTS `room_join`;
/*!40101 SET @saved_cs_client     = @@character_set_client */;
/*!40101 SET character_set_client = utf8mb4 */;
CREATE TABLE `room_join` (
  `room_id` int(11) NOT NULL,
  `user_id` int(11) NOT NULL,
  `join_date` date NOT NULL,
  PRIMARY KEY (`room_id`,`user_id`),
  KEY `user_id` (`user_id`),
  CONSTRAINT `room_join_ibfk_1` FOREIGN KEY (`room_id`) REFERENCES `room_chat` (`room_id`),
  CONSTRAINT `room_join_ibfk_2` FOREIGN KEY (`user_id`) REFERENCES `user` (`user_id`)
) ENGINE=InnoDB DEFAULT CHARSET=latin1 COLLATE=latin1_swedish_ci;
/*!40101 SET character_set_client = @saved_cs_client */;

--
-- Dumping data for table `room_join`
--

LOCK TABLES `room_join` WRITE;
/*!40000 ALTER TABLE `room_join` DISABLE KEYS */;
INSERT INTO `room_join` (`room_id`, `user_id`, `join_date`) VALUES (17,3290,'2025-03-23'),
(57,3377,'2025-03-18'),
(96,4074,'2025-03-19'),
(136,336,'2025-03-02'),
(140,1875,'2025-05-14'),
(373,1789,'2025-05-01'),
(469,3053,'2025-02-27'),
(497,2381,'2025-03-16'),
(522,9889,'2025-04-02'),
(581,5613,'2025-01-29'),
(691,2092,'2025-05-01'),
(703,8542,'2025-01-03'),
(789,6392,'2025-04-21'),
(808,3891,'2025-04-26'),
(905,7644,'2025-05-11'),
(996,6794,'2025-02-01'),
(1070,417,'2025-01-21'),
(1097,3804,'2025-02-07'),
(1139,7527,'2025-04-29'),
(1161,9660,'2025-01-22'),
(1339,7402,'2025-03-30'),
(1470,6287,'2025-01-02'),
(1473,9441,'2025-05-06'),
(1548,2343,'2025-05-14'),
(1562,7840,'2025-02-11'),
(1709,144,'2025-03-06'),
(1775,7221,'2025-02-21'),
(1782,6550,'2025-03-09'),
(1819,9449,'2025-05-03'),
(1846,3365,'2025-02-11'),
(1849,1818,'2025-01-02'),
(2060,2721,'2025-01-07'),
(2116,4451,'2025-05-06'),
(2178,4915,'2025-03-05'),
(2222,5256,'2025-02-18'),
(2330,832,'2025-03-31'),
(2336,5567,'2025-04-16'),
(2348,8660,'2025-01-07'),
(2359,5528,'2025-04-28'),
(2369,7127,'2025-02-18'),
(2379,6975,'2025-02-17'),
(2436,9383,'2025-03-28'),
(2546,3392,'2025-01-29'),
(2578,5658,'2025-04-06'),
(2711,3868,'2025-05-03'),
(2724,4720,'2025-04-25'),
(2728,5618,'2025-04-21'),
(2766,7014,'2025-04-12'),
(2787,787,'2025-04-12'),
(2874,9060,'2025-04-05'),
(3017,8181,'2025-04-15'),
(3066,4921,'2025-05-15'),
(3070,8764,'2025-04-12'),
(3081,3240,'2025-04-30'),
(3084,8555,'2025-01-30'),
(3119,1900,'2025-01-27'),
(3348,6233,'2025-04-24'),
(3388,5849,'2025-05-01'),
(3664,766,'2025-04-23'),
(3687,2120,'2025-01-07'),
(3735,5577,'2025-01-21'),
(3741,3707,'2025-03-31'),
(3858,8522,'2025-05-13'),
(3863,4419,'2025-04-11'),
(3892,4534,'2025-03-03'),
(3923,8019,'2025-01-30'),
(3924,6147,'2025-05-10'),
(3925,9792,'2025-01-22'),
(4082,4464,'2025-02-25'),
(4165,3052,'2025-01-15'),
(4168,9439,'2025-01-28'),
(4178,5868,'2025-02-11'),
(4319,6758,'2025-03-17'),
(4334,5450,'2025-05-13'),
(4369,4817,'2025-04-08'),
(4464,9803,'2025-04-07'),
(4489,2990,'2025-03-18'),
(4504,2323,'2025-05-07'),
(4612,8958,'2025-02-15'),
(4670,5639,'2025-05-12'),
(4688,966,'2025-04-06'),
(4719,4658,'2025-01-26'),
(4778,2322,'2025-02-13'),
(4972,1655,'2025-04-03'),
(5006,4094,'2025-04-08'),
(5034,3301,'2025-03-17'),
(5120,3491,'2025-02-17'),
(5208,3216,'2025-04-27'),
(5263,7462,'2025-02-25'),
(5390,7339,'2025-03-21'),
(5413,7204,'2025-02-16'),
(5414,6809,'2025-04-20'),
(5616,418,'2025-02-05'),
(5634,7602,'2025-02-22'),
(5857,2357,'2025-04-19'),
(5888,3210,'2025-05-03'),
(5903,6068,'2025-03-23'),
(5980,3832,'2025-02-27'),
(6154,8418,'2025-04-17'),
(6164,1466,'2025-05-11'),
(6234,8693,'2025-02-07'),
(6242,9547,'2025-03-20'),
(6258,663,'2025-03-18'),
(6278,7024,'2025-04-21'),
(6303,7078,'2025-03-01'),
(6308,5150,'2025-01-03'),
(6364,3865,'2025-04-14'),
(6368,3388,'2025-03-25'),
(6472,5949,'2025-01-31'),
(6488,5271,'2025-04-19'),
(6565,9836,'2025-03-20'),
(6856,4885,'2025-01-20'),
(6896,6041,'2025-04-19'),
(7031,7169,'2025-02-09'),
(7038,5549,'2025-04-11'),
(7103,7610,'2025-02-15'),
(7106,6718,'2025-01-09'),
(7140,1681,'2025-03-05'),
(7264,7013,'2025-03-31'),
(7282,5783,'2025-04-06'),
(7340,4200,'2025-03-12'),
(7582,3576,'2025-03-09'),
(7715,1661,'2025-03-28'),
(7750,8075,'2025-04-17'),
(7773,5805,'2025-04-11'),
(8003,902,'2025-05-15'),
(8009,4142,'2025-01-14'),
(8020,4624,'2025-03-17'),
(8079,3315,'2025-04-08'),
(8252,2193,'2025-01-09'),
(8299,4506,'2025-02-22'),
(8344,8851,'2025-03-26'),
(8354,4698,'2025-03-06'),
(8380,5588,'2025-03-24'),
(8435,6114,'2025-02-04'),
(8470,2910,'2025-02-15'),
(8702,4335,'2025-05-03'),
(8753,1219,'2025-02-13'),
(8835,4981,'2025-02-04'),
(8842,5759,'2025-02-20'),
(8877,5396,'2025-04-20'),
(9158,1971,'2025-02-28'),
(9213,8076,'2025-03-25'),
(9438,3007,'2025-04-30'),
(9468,151,'2025-03-24'),
(9616,2256,'2025-02-11'),
(9638,6903,'2025-03-25'),
(9733,496,'2025-02-14'),
(9911,7770,'2025-04-03'),
(9914,4468,'2025-01-08');
/*!40000 ALTER TABLE `room_join` ENABLE KEYS */;
UNLOCK TABLES;

--
-- Table structure for table `subscription`
--

DROP TABLE IF EXISTS `subscription`;
/*!40101 SET @saved_cs_client     = @@character_set_client */;
/*!40101 SET character_set_client = utf8mb4 */;
CREATE TABLE `subscription` (
  `user_id` int(11) DEFAULT NULL,
  `subscription_number` int(11) NOT NULL,
  `subscribe_date` date NOT NULL,
  `expire_date` date NOT NULL,
  `status` tinyint(4) NOT NULL,
  PRIMARY KEY (`subscription_number`),
  KEY `user_id` (`user_id`),
  CONSTRAINT `subscription_ibfk_1` FOREIGN KEY (`user_id`) REFERENCES `user` (`user_id`)
) ENGINE=InnoDB DEFAULT CHARSET=latin1 COLLATE=latin1_swedish_ci;
/*!40101 SET character_set_client = @saved_cs_client */;

--
-- Dumping data for table `subscription`
--

LOCK TABLES `subscription` WRITE;
/*!40000 ALTER TABLE `subscription` DISABLE KEYS */;
INSERT INTO `subscription` (`user_id`, `subscription_number`, `subscribe_date`, `expire_date`, `status`) VALUES (7024,147,'2025-05-08','2025-03-10',1),
(766,207,'2025-03-05','2025-01-23',1),
(8522,296,'2025-01-05','2025-04-05',1),
(4658,327,'2025-03-02','2025-01-17',0),
(3240,329,'2025-01-01','2025-01-03',0),
(8418,425,'2025-01-04','2025-05-11',0),
(1900,660,'2025-01-04','2025-03-14',0),
(8851,715,'2025-04-08','2025-05-04',1),
(7527,863,'2025-01-05','2025-03-26',1),
(3576,890,'2025-05-01','2025-03-25',0),
(3388,1048,'2025-02-12','2025-04-11',1),
(144,1121,'2025-01-22','2025-01-08',0),
(6041,1130,'2025-01-11','2025-01-30',0),
(4464,1137,'2025-04-12','2025-02-16',0),
(9439,1202,'2025-01-14','2025-02-08',1),
(2343,1242,'2025-05-09','2025-03-04',0),
(6758,1294,'2025-01-15','2025-05-09',1),
(9836,1306,'2025-01-05','2025-03-19',0),
(7221,1322,'2025-01-27','2025-03-22',1),
(8019,1497,'2025-02-18','2025-04-02',1),
(2990,1598,'2025-04-10','2025-03-03',1),
(5849,1664,'2025-01-25','2025-03-08',0),
(7610,1678,'2025-01-13','2025-04-07',0),
(8958,1693,'2025-04-11','2025-03-06',0),
(6233,1758,'2025-04-22','2025-02-25',1),
(2256,1770,'2025-05-09','2025-03-12',1),
(9660,1857,'2025-01-09','2025-03-16',1),
(3491,2068,'2025-01-10','2025-05-07',1),
(8542,2097,'2025-04-28','2025-05-09',0),
(6975,2317,'2025-02-19','2025-03-14',1),
(2381,2425,'2025-02-20','2025-03-20',1),
(5450,2513,'2025-01-24','2025-03-20',1),
(5396,2554,'2025-01-02','2025-03-14',1),
(3865,2595,'2025-02-08','2025-04-29',1),
(336,2667,'2025-03-07','2025-01-07',0),
(4698,2717,'2025-01-30','2025-01-04',1),
(1875,2785,'2025-04-24','2025-01-27',0),
(1466,2825,'2025-05-07','2025-02-13',0),
(3365,2894,'2025-02-13','2025-01-26',1),
(5639,2903,'2025-04-20','2025-04-21',1),
(5528,2925,'2025-04-04','2025-04-04',0),
(2357,3041,'2025-04-30','2025-05-06',1),
(3392,3499,'2025-04-25','2025-03-29',0),
(7204,3624,'2025-01-16','2025-03-30',0),
(7078,3655,'2025-03-30','2025-03-29',1),
(4885,3698,'2025-05-15','2025-02-24',0),
(5783,3737,'2025-04-29','2025-03-13',0),
(9792,3891,'2025-04-22','2025-05-09',1),
(7840,3970,'2025-01-29','2025-01-28',0),
(8181,4102,'2025-01-05','2025-02-10',1),
(8660,4208,'2025-03-06','2025-05-15',1),
(496,4286,'2025-02-07','2025-02-10',0),
(2193,4335,'2025-01-21','2025-04-16',0),
(9803,4373,'2025-01-07','2025-04-23',1),
(5868,4497,'2025-01-24','2025-04-02',0),
(4720,4528,'2025-03-19','2025-03-21',1),
(417,4640,'2025-01-03','2025-03-01',0),
(3210,4704,'2025-03-04','2025-04-23',0),
(3315,4716,'2025-05-01','2025-03-12',1),
(787,4773,'2025-03-05','2025-01-14',0),
(6903,4814,'2025-03-14','2025-02-14',1),
(4335,4894,'2025-04-02','2025-01-05',1),
(5549,4971,'2025-01-31','2025-01-26',0),
(6068,4988,'2025-03-03','2025-02-12',0),
(6809,5028,'2025-05-08','2025-02-21',1),
(4915,5070,'2025-02-03','2025-04-30',0),
(2323,5402,'2025-04-15','2025-03-19',1),
(5577,5552,'2025-04-15','2025-03-06',1),
(2721,5561,'2025-05-09','2025-01-16',0),
(7770,5566,'2025-05-10','2025-02-14',1),
(5150,5601,'2025-04-10','2025-03-04',0),
(2910,5636,'2025-03-20','2025-03-13',1),
(6287,5654,'2025-01-19','2025-02-09',0),
(3832,5815,'2025-04-08','2025-04-03',1),
(5618,5894,'2025-02-08','2025-02-03',1),
(5759,5896,'2025-04-05','2025-02-19',0),
(3301,5906,'2025-02-26','2025-05-02',0),
(4094,5996,'2025-04-13','2025-03-18',1),
(3377,6042,'2025-03-08','2025-02-17',0),
(3053,6143,'2025-05-01','2025-02-24',0),
(1681,6183,'2025-01-04','2025-03-15',0),
(3868,6195,'2025-04-24','2025-01-04',1),
(5256,6203,'2025-03-10','2025-04-11',1),
(832,6269,'2025-01-20','2025-03-09',0),
(5613,6310,'2025-04-15','2025-01-31',1),
(2092,6468,'2025-03-17','2025-01-15',1),
(6392,6551,'2025-01-10','2025-01-19',0),
(1971,6681,'2025-01-28','2025-03-18',0),
(9449,6703,'2025-02-21','2025-01-19',0),
(418,6743,'2025-01-27','2025-02-05',0),
(1655,6749,'2025-03-15','2025-04-13',1),
(8076,6775,'2025-02-28','2025-02-20',0),
(9383,6803,'2025-03-02','2025-04-03',1),
(4534,6817,'2025-04-23','2025-02-15',1),
(4817,6831,'2025-03-27','2025-04-22',1),
(6114,6839,'2025-05-06','2025-04-08',0),
(7462,6866,'2025-05-01','2025-04-11',1),
(7014,6924,'2025-03-04','2025-01-09',0),
(9060,7095,'2025-05-08','2025-02-20',1),
(7402,7112,'2025-03-07','2025-02-28',1),
(4142,7228,'2025-02-08','2025-02-16',0),
(3891,7683,'2025-02-01','2025-05-12',1),
(4468,7889,'2025-02-27','2025-04-03',0),
(5949,7906,'2025-04-02','2025-01-14',0),
(1818,7928,'2025-02-09','2025-01-18',0),
(2322,7950,'2025-05-03','2025-02-16',1),
(6147,7961,'2025-04-10','2025-04-18',1),
(663,8028,'2025-03-27','2025-02-03',0),
(4419,8042,'2025-04-24','2025-03-02',0),
(5805,8072,'2025-01-23','2025-04-10',0),
(8693,8078,'2025-03-06','2025-05-07',1),
(3290,8106,'2025-01-30','2025-01-12',1),
(966,8156,'2025-01-24','2025-03-14',1),
(4506,8205,'2025-03-29','2025-01-24',0),
(4451,8295,'2025-04-16','2025-01-16',1),
(3804,8390,'2025-01-29','2025-02-22',0),
(9889,8406,'2025-04-11','2025-03-23',1),
(3007,8455,'2025-04-02','2025-02-23',0),
(5588,8465,'2025-03-13','2025-04-14',1),
(1661,8502,'2025-05-03','2025-04-30',0),
(4921,8514,'2025-04-30','2025-02-05',1),
(8075,8558,'2025-04-16','2025-05-09',1),
(7169,8569,'2025-04-09','2025-01-22',0),
(6550,8688,'2025-05-12','2025-02-11',1),
(8764,8707,'2025-04-20','2025-03-20',0),
(4074,8752,'2025-04-15','2025-02-26',1),
(6794,8764,'2025-04-17','2025-01-02',1),
(7013,8784,'2025-04-20','2025-04-05',0),
(4200,8866,'2025-04-29','2025-04-03',0),
(3707,8867,'2025-03-31','2025-05-12',1),
(9547,8926,'2025-01-30','2025-03-23',0),
(5567,8936,'2025-01-24','2025-04-01',0),
(5658,8944,'2025-02-06','2025-02-16',0),
(7127,8963,'2025-02-26','2025-04-05',0),
(1219,9043,'2025-01-22','2025-02-01',1),
(4624,9082,'2025-02-13','2025-01-15',1),
(3216,9098,'2025-03-23','2025-02-09',0),
(6718,9100,'2025-03-31','2025-04-19',1),
(3052,9113,'2025-01-14','2025-01-21',0),
(1789,9303,'2025-01-01','2025-02-10',0),
(902,9552,'2025-01-04','2025-03-16',0),
(2120,9607,'2025-03-14','2025-03-01',1),
(8555,9633,'2025-04-22','2025-01-31',0),
(4981,9647,'2025-04-18','2025-04-07',1),
(151,9714,'2025-05-15','2025-01-27',1),
(7339,9728,'2025-03-14','2025-02-22',1),
(7602,9729,'2025-03-27','2025-02-06',1),
(7644,9794,'2025-03-02','2025-05-09',0),
(9441,9820,'2025-02-14','2025-05-06',1),
(5271,9965,'2025-03-25','2025-04-07',0);
/*!40000 ALTER TABLE `subscription` ENABLE KEYS */;
UNLOCK TABLES;

--
-- Table structure for table `user`
--

DROP TABLE IF EXISTS `user`;
/*!40101 SET @saved_cs_client     = @@character_set_client */;
/*!40101 SET character_set_client = utf8mb4 */;
CREATE TABLE `user` (
  `user_id` int(11) NOT NULL,
  `email` varchar(100) NOT NULL,
  `password` varchar(100) NOT NULL,
  `username` varchar(50) NOT NULL,
  `telp_num` varchar(15) DEFAULT NULL,
  `birthdate` date DEFAULT NULL,
  `date_created` date NOT NULL,
  `level_id` int(11) DEFAULT NULL,
  PRIMARY KEY (`user_id`),
  UNIQUE KEY `email` (`email`),
  UNIQUE KEY `username` (`username`),
  KEY `level_id` (`level_id`),
  CONSTRAINT `user_ibfk_1` FOREIGN KEY (`level_id`) REFERENCES `lens_level` (`level_id`)
) ENGINE=InnoDB DEFAULT CHARSET=latin1 COLLATE=latin1_swedish_ci;
/*!40101 SET character_set_client = @saved_cs_client */;

--
-- Dumping data for table `user`
--

LOCK TABLES `user` WRITE;
/*!40000 ALTER TABLE `user` DISABLE KEYS */;
INSERT INTO `user` (`user_id`, `email`, `password`, `username`, `telp_num`, `birthdate`, `date_created`, `level_id`) VALUES (144,'patrick45@example.com','5e1LyNnt!w','ericgraham','08319099748','1991-07-25','2022-12-07',0),
(151,'randy88@example.net','G(2g0F1euU','phyllismartinez','08192455126','1970-12-28','2023-05-03',0),
(336,'masonkarina@example.org','m1IDlGGy@E','robertcarter','08979182390','1984-09-25','2024-01-17',NULL),
(417,'robin17@example.net','F_1BV(fo$(','tracy87','08687201820','1965-12-19','2023-10-20',0),
(418,'fwilson@example.com','e_#6sIQcZG','qcastillo','08873798007','1971-05-23','2021-04-02',0),
(496,'zrodriguez@example.com','%toH#klfu5','charleschoi','08390384986','1964-02-12','2021-03-16',0),
(663,'thompsonfrank@example.org','bmG6Ky9x+0','bnichols','08520054864','1991-09-10','2023-05-11',NULL),
(766,'jberg@example.net','+0!4mJkTn6','garzaamy','08355044160','1971-06-21','2024-01-27',0),
(787,'masonmichelle@example.org','zgP0FQFk_(','michael92','08129334871','1972-05-23','2020-08-08',0),
(832,'rodriguezmichael@example.net','%2IwdALtkT','krystaldunn','08997023881','1971-09-16','2023-02-19',0),
(902,'tiffany76@example.net','8#i709Js_V','fritzerik','08424050058','1978-04-17','2024-07-18',NULL),
(966,'david80@example.org','b1^gsXgD@v','brendacarlson','08220421757','1993-10-03','2023-12-14',NULL),
(1219,'nicolemartin@example.com','$v(TQBo+E7','taylorandrew','08761718839','2005-08-17','2021-05-01',0),
(1466,'gregorytiffany@example.net','$2fEwU$evL','jmckinney','08930101115','1974-01-10','2020-07-25',NULL),
(1655,'fuentesdonald@example.org','@CUL2eurD5','rodriguezelizabeth','08818610826','1963-07-27','2020-07-01',0),
(1661,'harringtonmark@example.org','mL%OkRes@3','taylorrodriguez','08372332974','1958-10-18','2024-04-16',0),
(1681,'yvette60@example.com','Ue8F()gba)','charlesmarshall','08861374902','1971-12-18','2022-01-19',0),
(1789,'jessicaperez@example.org','fAhC#GFj(7','tom42','08182226896','1973-09-16','2023-08-08',NULL),
(1818,'jessicathomas@example.org','dZU4CV(j%K','toddrodriguez','08626441232','1987-11-18','2022-02-09',NULL),
(1875,'dustincrawford@example.com','98I2LTz8_z','boydjeffrey','08749790529','1986-05-17','2023-11-15',0),
(1900,'aweaver@example.org','+3RUpJlG7L','richardsricky','08282012603','1963-06-01','2020-06-17',0),
(1971,'andreajordan@example.org','zyg7DynKz)','jaclynstrong','08480799550','2003-01-13','2020-04-15',NULL),
(2092,'dorothypace@example.com','g+8Kflxcgu','michellefletcher','08336054572','1988-03-06','2020-11-08',0),
(2120,'catherine31@example.com','W&eXm!pc&1','bowmanlisa','08009258210','1967-11-01','2021-02-16',0),
(2193,'sanderson@example.org','E@NsVxZI+1','clarkjames','08615037330','1974-01-06','2022-10-25',NULL),
(2256,'torresjacob@example.org','(&LWyeG453','perezkenneth','08414418720','1968-05-25','2023-11-26',0),
(2322,'masonmichelle@example.com','wy*I0VhWBk','kimberlywilliams','08387695382','1961-06-01','2023-09-20',NULL),
(2323,'montgomerymichelle@example.org','*m9Dw4Rc&E','marcus99','08103090998','1986-04-09','2024-01-18',0),
(2343,'santiagoallen@example.net','9tMZk%b%@b','bonnie40','08653244487','1959-07-06','2020-01-04',0),
(2357,'kinglisa@example.com','#5cB$17kFJ','robert64','08911665315','1999-09-23','2020-11-18',0),
(2381,'johnjackson@example.com','qJ7Jye(nh@','kathywilliams','08018842480','1999-06-14','2021-09-16',0),
(2721,'dorothylopez@example.com','o2)TwgBy%t','danielfoster','08800011393','1977-07-12','2023-10-18',NULL),
(2910,'alexandercontreras@example.net','Z((9)SNzd8','nathanielsmith','08021707233','1967-10-17','2024-02-11',0),
(2990,'usmith@example.org','LQMS_5XuQb','nguyensydney','08998689694','1997-10-24','2021-07-09',0),
(3007,'mstewart@example.org','_sFUDL#a8O','edward42','08204843592','1980-07-16','2021-06-17',NULL),
(3052,'joshuaochoa@example.com','($p0FlHqkq','smithryan','08860106378','1996-04-23','2024-05-12',0),
(3053,'mike41@example.org','XHN%MyUw#3','kristinabaldwin','08172926951','1967-09-17','2024-03-22',0),
(3210,'bennettmatthew@example.com','ih1+7X9b3)','michael89','08615875346','1977-04-20','2023-09-21',0),
(3216,'gardnerveronica@example.net','M(O3FFJl46','amanda06','08546342682','1962-12-11','2022-10-14',NULL),
(3240,'whitekaitlyn@example.net','u4PkrKcb)y','webbkimberly','08630709471','1991-10-08','2023-08-27',0),
(3290,'jamesporter@example.org','&iUr3T1pe7','michaelpowell','08534716398','1968-12-16','2023-01-06',NULL),
(3301,'kara70@example.com','c5iOamfQ%K','alexis88','08171501933','1984-06-15','2022-10-24',0),
(3315,'wduke@example.org','!2JVFSiOeg','vholt','08105217498','1977-07-11','2023-12-26',0),
(3365,'bennetttyler@example.com','!0IIDp@$Pq','richardpope','08397692092','1971-05-09','2024-03-21',0),
(3377,'josephramsey@example.org','aF&g9nRjM*','morgan95','08535831722','2004-04-15','2025-03-18',0),
(3388,'dominique77@example.org','d*)q0Sit#z','collierabigail','08758290296','1996-09-28','2021-07-15',0),
(3392,'wendy71@example.com','E32!Dyy^w#','michael99','08951734580','1969-10-22','2022-12-30',0),
(3491,'pauljones@example.net','Q6cL^Epw)5','johnbeltran','08538973750','2006-12-10','2021-10-16',0),
(3576,'jayhutchinson@example.net','#oMbk79A$4','wyoung','08829299200','1995-01-13','2022-10-02',0),
(3707,'edwardstimothy@example.com','(2Nwm6Uj3b','morganrichard','08296042221','1992-10-30','2023-10-05',0),
(3804,'bwilliams@example.org','@0#8_Y2g_a','jessica58','08414248489','1969-02-06','2024-06-26',0),
(3832,'phenry@example.net','$QjD!DhA+8','dianakelly','08286589150','1977-05-16','2021-12-18',NULL),
(3865,'amyroach@example.com','OD3UOvfqm&','john31','08209948830','1961-06-13','2021-08-13',0),
(3868,'mannstephanie@example.net','X2y*8xnV(G','johnsonjennifer','08069855684','1962-02-07','2025-05-11',0),
(3891,'anna31@example.com','22%9ueYu4O','hayesjessica','08105070438','2000-05-16','2022-06-16',NULL),
(4074,'williamsashley@example.org','_2Jor4wJ(2','john28','08742922301','1969-01-31','2023-11-20',NULL),
(4094,'kflores@example.org','Q52YjObp#P','harveykurt','08345023992','2001-10-05','2024-05-11',NULL),
(4142,'amymontes@example.net','XV5lTPfY#h','hansonmark','08400140510','1956-10-03','2023-12-10',0),
(4200,'tina57@example.net','^eGdL9Jx)9','thomaswhite','08409612564','1976-07-18','2024-07-11',0),
(4335,'ksteele@example.org','LF_9Fdh%!0','barnesfrancis','08228080263','1993-10-01','2020-04-07',0),
(4419,'clarkallison@example.com','%K4qAzEm!C','ujones','08733806159','1960-06-02','2025-03-19',0),
(4451,'erica50@example.org','+a_5Nx_lDg','gbrown','08814469574','1961-10-22','2023-05-25',0),
(4464,'brenthansen@example.com','Md80YZwx&#','flynnmichael','08145217304','2004-05-25','2022-11-13',0),
(4468,'alison21@example.net','Mb(5CwS(ts','robertstephenson','08562234025','1985-06-13','2022-04-14',0),
(4506,'marydickson@example.com','z^5XpXfUC(','edwardsjesse','08150408686','1990-08-10','2025-02-01',NULL),
(4534,'jermainemullins@example.org','t%0RrWP^i0','robert51','08294927189','1980-12-17','2023-11-05',0),
(4624,'lmcintyre@example.com','L(5KpzPr)J','allison26','08977509451','2000-10-05','2022-07-08',NULL),
(4658,'huffchristopher@example.net','P1)KQkqa+R','adam33','08569126627','1957-07-26','2023-08-11',0),
(4698,'jmichael@example.com','$B*boVfUk0','snyderjean','08290079230','1963-08-16','2020-04-07',0),
(4720,'pmcmillan@example.net','@0J3KKed*7','christopher13','08994405867','1988-10-31','2024-04-08',0),
(4817,'andrewfox@example.net','Yy^1zAtmyZ','marshallcarly','08037641501','1995-04-24','2020-03-20',0),
(4885,'allisonvaughn@example.org','E5p*7NmNsK','blee','08892533449','1982-06-06','2020-05-04',0),
(4915,'costaalexis@example.net','^H6oD5Pztb','wcaldwell','08828094346','1965-02-07','2021-03-10',0),
(4921,'landerson@example.net','!XjDRhQhD3','sharonharris','08898565370','1991-08-23','2025-03-04',0),
(4981,'bensonmark@example.net','fa8FQ_1e$5','crawfordkyle','08355192849','1992-01-03','2021-08-28',NULL),
(5150,'earljackson@example.org','e)6AhtXn91','elizabeth30','08045849628','1998-01-25','2023-01-14',0),
(5256,'christophergibson@example.org','SA%38ZqH^_','qwilliams','08632437997','1994-05-17','2024-03-09',0),
(5271,'patricia66@example.net','y&3GncL&Y8','gstokes','08381225586','2005-11-18','2023-05-14',0),
(5396,'clane@example.com','S7$Nr6Cw@k','daniellelambert','08704466718','1961-04-18','2024-04-24',NULL),
(5450,'tiffanyellis@example.net',')w&YMGLoc4','adamalexander','08542331179','1965-05-16','2023-04-30',0),
(5528,'amandaarroyo@example.org','^!UZtGOrT9','chernandez','08961012190','1973-11-30','2022-09-23',0),
(5549,'jeremycrawford@example.net','!2U*tFIbdq','sabrina31','08762328356','1966-05-31','2024-12-11',0),
(5567,'christinehendrix@example.org','$B6hR0we2(','richard07','08046499694','1994-04-05','2021-07-17',0),
(5577,'meganreyes@example.org','y%5ARdYh_x','colehogan','08147118146','1978-09-09','2022-04-05',0),
(5588,'sandra45@example.net','(9IED!%IhI','leah32','08304092987','1967-06-24','2023-07-25',0),
(5613,'amymartin@example.org','%1I3@GnocB','okim','08569144785','1996-07-11','2024-07-02',0),
(5618,'andreahicks@example.com','l#_0WA+w1l','cindystein','08344827680','1988-02-15','2022-04-21',0),
(5639,'susansmith@example.com','x57(E)lh)f','watersjessica','08436671907','1965-08-24','2024-01-03',NULL),
(5658,'maydebbie@example.net','H7xEVtS@)U','john25','08292809971','1979-04-24','2024-12-11',0),
(5759,'kristen43@example.com','n$(j3!QdiU','christophersmith','08321844274','1957-09-13','2021-05-18',0),
(5783,'jenniferbeasley@example.net','@0tYtT^tli','sandra87','08960810778','1992-02-25','2020-11-02',NULL),
(5805,'knightmichael@example.org','*vHlE$0kP6','donna42','08247970760','1968-10-11','2020-11-15',0),
(5849,'villarrealjennifer@example.com','9P$3r3YaGI','jbuchanan','08714379422','2002-09-12','2022-08-20',0),
(5868,'lewisdawn@example.net','+l5GRfNb)8','nwright','08903751216','1980-04-20','2024-01-04',NULL),
(5949,'reedchelsea@example.org','+4wTmvq*pU','jthompson','08934080922','1991-10-09','2020-02-16',0),
(6041,'ssmith@example.net','w!7@_bGztD','lorigriffith','08112516330','1961-01-24','2023-08-27',0),
(6068,'gomezwilliam@example.org','+64M9Si))N','wilsonjoseph','08681249865','1956-08-18','2023-10-07',NULL),
(6114,'rogersscott@example.com','R^QxrMZm%6','fordbrian','08453118820','1966-01-12','2022-04-27',0),
(6147,'jodybrown@example.com','625TzqR&%&','smithdawn','08253590152','1988-03-02','2023-07-31',NULL),
(6233,'obrown@example.com','ajt@fbW1_5','bmcclure','08922242967','1982-06-29','2024-12-23',0),
(6287,'dmorrow@example.net','K!@t4EQa@S','franklinkenneth','08607226521','1955-10-18','2022-10-02',0),
(6392,'dillonhenry@example.org','*Oq%9yOvg3','johnsoncarrie','08656876906','1984-11-19','2021-03-24',0),
(6550,'ewatts@example.net','_i6OTsdx6Q','johnmoore','08506145131','1957-12-11','2024-05-08',NULL),
(6718,'barnesjoseph@example.org',')9PJ+Py#f#','riverakrystal','08027106038','1962-07-30','2022-08-05',0),
(6758,'faithguzman@example.net','*POG!Rgw^3','elizabeth86','08639868609','1994-10-17','2021-06-21',0),
(6794,'russellmark@example.org','t1_KmxUl$3','heatherharris','08126036929','2002-08-14','2022-05-14',0),
(6809,'dustinjohnson@example.org','a#B6ECGow9','anthony57','08155741722','1974-01-08','2023-11-06',NULL),
(6903,'james25@example.org','%6R*cAib!r','melissalewis','08539564633','1982-08-08','2020-10-31',NULL),
(6975,'alexanderroberts@example.org','253VJhmB%c','eric08','08092541078','1966-04-16','2023-04-19',0),
(7013,'xlewis@example.net','^+M554Th%r','yvega','08854726610','1976-01-23','2024-12-09',NULL),
(7014,'daniel71@example.net','Sh2LGJ#kr&','zjohnson','08008912825','1991-01-16','2021-10-24',0),
(7024,'jacksontracy@example.net','8ip9yLnOq@','suzanne34','08733334574','1975-12-03','2022-11-11',0),
(7078,'umartinez@example.net','ni20U^Bj*A','carolynkirk','08968789968','1976-03-20','2020-04-28',0),
(7127,'ostewart@example.org','E91C0R$r)Z','michaelwoods','08005779442','1991-11-27','2022-09-03',0),
(7169,'wflores@example.org','_T3UM#xa6l','milleralexander','08026013095','1995-01-20','2021-05-29',0),
(7204,'wilsonmegan@example.net','m5kH3GQz!1','alberthunter','08593296605','1956-10-13','2025-05-02',2),
(7221,'tara31@example.com','_+3T9_xc6@','tiffanylewis','08458665982','1984-05-22','2020-12-17',NULL),
(7339,'conradcharles@example.org','@1No9dHbz*','lshaw','08797157388','1975-06-25','2024-02-17',0),
(7402,'xjensen@example.net','&8f(JYTz#2','ebishop','08281365281','1992-10-18','2023-07-14',NULL),
(7462,'jamesweiss@example.net','zG5WhlKUI$','lewisvictor','08486515462','1957-08-29','2023-06-28',0),
(7527,'mayheather@example.com','PsnOB@Rs_4','charles21','08928609464','1966-10-10','2024-05-28',0),
(7602,'mariereynolds@example.net','67YKJUxm#d','cynthia51','08125234908','1962-10-12','2022-05-15',0),
(7610,'matthewbennett@example.com','$0D%AsEmql','fgarcia','08076351292','2002-06-29','2022-10-24',0),
(7644,'debra92@example.net','W%U7TXAksS','amiller','08174184216','1957-03-11','2023-02-09',0),
(7770,'staffordjohn@example.org','@HJ^HAx16Y','trujillolindsay','08954293779','1985-10-13','2022-10-31',0),
(7840,'ugraham@example.net','7aG5hIslz!','james77','08774300216','1963-12-07','2025-03-03',NULL),
(8019,'jacobreed@example.net','#U8RLzRv7x','brandipatel','08833815462','1962-05-13','2025-02-21',0),
(8075,'qgarcia@example.com',')GUq16uIH7','qbarker','08662290954','1999-01-18','2022-10-04',NULL),
(8076,'tannerjavier@example.com','O5T_xYpr_6','brendareyes','08406258822','1981-06-04','2020-01-31',0),
(8181,'wmalone@example.net',')8Pz$fpMB+','igonzalez','08200305216','1972-10-08','2021-02-09',0),
(8418,'peter03@example.org','F72D^h7hZ+','kayla39','08281487298','1982-11-28','2022-07-17',0),
(8522,'christopher49@example.com','o6QJT&en#^','jennifermoore','08617278043','1968-09-29','2021-07-28',NULL),
(8542,'cjones@example.net','02!eNRYk(l','ashleygarrett','08847086049','1957-10-28','2023-05-16',NULL),
(8555,'uhenry@example.org','BpYvgW$3_7','iwilson','08170270758','1978-06-07','2024-06-05',0),
(8660,'vtownsend@example.com','@YQiuWz+k7','john38','08012159917','1971-09-14','2020-05-30',0),
(8693,'jaime92@example.org','z4Mr#P@C)5','ashleepham','08934723149','1962-05-17','2022-10-11',NULL),
(8764,'harveybrittany@example.org','h$8&Gx9MMW','schwartzbryce','08658412609','1996-12-11','2020-04-11',0),
(8851,'terrisandoval@example.com','tRT1VoJ%*&','kevinmyers','08659067882','1997-07-14','2022-11-12',NULL),
(8958,'gsmith@example.org','_VLaRQuYK2','garciatyrone','08164713629','1992-02-27','2020-11-24',0),
(9060,'vanessa57@example.net','Zq5FVbRgM%','fisherkenneth','08427461378','1969-09-05','2023-06-30',0),
(9383,'heathashley@example.com','8LZ40Klfc)','kevinwolf','08883297361','1981-03-17','2020-10-21',1),
(9439,'tthomas@example.com','^5ROD+8bpU','fred90','08847547871','1959-10-05','2025-04-13',0),
(9441,'kaitlyn49@example.com','@zid9RirN4','brittney08','08597954733','1992-05-18','2024-10-29',0),
(9449,'greenbrian@example.org','N8_bEGSJ$y','cuevasaustin','08062480209','1987-08-24','2022-11-22',0),
(9547,'carrieferrell@example.net','8*SGjsuD*o','diazreginald','08034343516','1975-06-08','2020-02-19',0),
(9660,'zunigacarly@example.org','%3VZiQag&@','darlene99','08347462648','2000-10-11','2023-06-09',NULL),
(9792,'amber83@example.org','Vk60QfINt^','evelyn68','08123554713','2005-05-31','2020-10-21',0),
(9803,'mdudley@example.com','uQW8o5Rdj*','debra80','08822568329','1982-03-15','2022-03-10',0),
(9836,'afrank@example.org','^yli#X6T@0','william59','08125121908','2005-09-15','2021-08-28',3),
(9889,'boyerrobert@example.org','h3$OKMft)a','davidmalone','08534002642','1987-02-05','2020-05-17',NULL);
/*!40000 ALTER TABLE `user` ENABLE KEYS */;
UNLOCK TABLES;
/*!40103 SET TIME_ZONE=@OLD_TIME_ZONE */;

/*!40101 SET SQL_MODE=@OLD_SQL_MODE */;
/*!40014 SET FOREIGN_KEY_CHECKS=@OLD_FOREIGN_KEY_CHECKS */;
/*!40014 SET UNIQUE_CHECKS=@OLD_UNIQUE_CHECKS */;
/*!40101 SET CHARACTER_SET_CLIENT=@OLD_CHARACTER_SET_CLIENT */;
/*!40101 SET CHARACTER_SET_RESULTS=@OLD_CHARACTER_SET_RESULTS */;
/*!40101 SET COLLATION_CONNECTION=@OLD_COLLATION_CONNECTION */;
/*M!100616 SET NOTE_VERBOSITY=@OLD_NOTE_VERBOSITY */;

-- Dump completed on 2025-05-16 17:57:46
