/*M!999999\- enable the sandbox mode */ 
-- MariaDB dump 10.19-11.4.5-MariaDB, for Win64 (AMD64)
--
-- Host: localhost    Database: papchat
-- ------------------------------------------------------
-- Server version	11.4.5-MariaDB

/*!40101 SET @OLD_CHARACTER_SET_CLIENT=@@CHARACTER_SET_CLIENT */;
/*!40101 SET @OLD_CHARACTER_SET_RESULTS=@@CHARACTER_SET_RESULTS */;
/*!40101 SET @OLD_COLLATION_CONNECTION=@@COLLATION_CONNECTION */;
/*!40101 SET NAMES utf8mb4 */;
/*!40103 SET @OLD_TIME_ZONE=@@TIME_ZONE */;
/*!40103 SET TIME_ZONE='+00:00' */;
/*!40014 SET @OLD_UNIQUE_CHECKS=@@UNIQUE_CHECKS, UNIQUE_CHECKS=0 */;
/*!40014 SET @OLD_FOREIGN_KEY_CHECKS=@@FOREIGN_KEY_CHECKS, FOREIGN_KEY_CHECKS=0 */;
/*!40101 SET @OLD_SQL_MODE=@@SQL_MODE, SQL_MODE='NO_AUTO_VALUE_ON_ZERO' */;
/*M!100616 SET @OLD_NOTE_VERBOSITY=@@NOTE_VERBOSITY, NOTE_VERBOSITY=0 */;

--
-- Current Database: `papchat`
--

CREATE DATABASE /*!32312 IF NOT EXISTS*/ `papchat` /*!40100 DEFAULT CHARACTER SET latin1 COLLATE latin1_swedish_ci */;

USE `papchat`;

--
-- Table structure for table `add_on`
--

DROP TABLE IF EXISTS `add_on`;
/*!40101 SET @saved_cs_client     = @@character_set_client */;
/*!40101 SET character_set_client = utf8mb4 */;
CREATE TABLE `add_on` (
  `user_id` int(11) NOT NULL,
  `room_id` int(11) NOT NULL,
  `sent_order` int(11) NOT NULL,
  `addon_idx` int(11) NOT NULL,
  `x_start` int(11) NOT NULL,
  `x_end` int(11) NOT NULL,
  `y_start` int(11) NOT NULL,
  `y_end` int(11) NOT NULL,
  PRIMARY KEY (`user_id`,`room_id`,`sent_order`,`addon_idx`),
  CONSTRAINT `add_on_ibfk_1` FOREIGN KEY (`user_id`, `room_id`, `sent_order`) REFERENCES `pap` (`user_id`, `room_id`, `sent_order`)
) ENGINE=InnoDB DEFAULT CHARSET=latin1 COLLATE=latin1_swedish_ci;
/*!40101 SET character_set_client = @saved_cs_client */;

--
-- Dumping data for table `add_on`
--

LOCK TABLES `add_on` WRITE;
/*!40000 ALTER TABLE `add_on` DISABLE KEYS */;
INSERT INTO `add_on` (`user_id`, `room_id`, `sent_order`, `addon_idx`, `x_start`, `x_end`, `y_start`, `y_end`) VALUES (2,147,1,1,103,156,158,178),
(2,147,1,2,167,256,66,125),
(2,147,1,3,51,114,14,59),
(2,147,1,4,101,169,52,125),
(2,147,1,5,46,113,192,213),
(2,147,1,6,42,99,167,177),
(2,147,1,7,121,163,69,157),
(2,147,1,8,56,113,108,140),
(5,45,2,1,54,140,73,119),
(5,45,2,2,159,217,189,230),
(5,45,2,3,172,188,192,213),
(5,45,2,4,99,194,173,238),
(8,44,1,1,31,101,106,193),
(8,44,1,2,66,111,175,253),
(8,44,1,3,83,129,128,195),
(8,44,1,4,31,72,93,173),
(8,44,1,5,132,206,82,127),
(8,44,1,6,140,152,55,116),
(8,44,1,7,170,241,13,34),
(8,44,1,8,141,209,7,63),
(8,44,1,9,72,133,36,98),
(8,44,1,10,143,158,43,102),
(10,126,1,1,178,257,7,47),
(10,126,1,2,181,279,122,221),
(10,126,1,3,40,72,188,203),
(10,126,1,4,142,177,30,130),
(10,126,1,5,129,207,3,62),
(10,126,1,6,42,105,72,121),
(10,126,1,7,50,125,198,223),
(10,126,1,8,93,132,182,207),
(10,146,1,1,26,120,118,157),
(10,146,1,2,132,150,127,198),
(10,146,1,3,159,257,105,202),
(10,146,1,4,35,55,78,105),
(10,146,1,5,9,31,52,94),
(10,146,1,6,54,96,84,156),
(10,146,1,7,79,113,140,192),
(10,146,1,8,123,166,142,196),
(10,146,1,9,196,235,150,228),
(10,146,1,10,198,223,156,179),
(10,146,1,11,57,141,76,134),
(10,146,1,12,29,119,61,128),
(10,146,1,13,134,171,163,180),
(10,146,1,14,94,109,22,78),
(11,4,1,1,74,161,175,269),
(11,4,1,2,184,207,92,190),
(11,4,1,3,149,211,106,144),
(11,4,1,4,147,164,98,127),
(11,4,1,5,16,54,151,179),
(11,4,1,6,24,95,117,185),
(11,4,1,7,6,28,2,92),
(11,4,1,8,53,102,110,148),
(11,45,1,1,27,114,40,105),
(11,45,1,2,152,207,152,215),
(11,45,1,3,128,145,165,198),
(11,45,1,4,16,69,198,241),
(11,45,1,5,138,160,56,132),
(11,45,1,6,72,112,88,156),
(11,45,1,7,58,82,102,137),
(11,45,1,8,193,284,116,190),
(11,45,1,9,85,136,2,83),
(11,45,1,10,153,246,13,97),
(11,45,1,11,195,258,175,186),
(11,45,1,12,140,236,13,48),
(13,146,1,1,190,203,52,105),
(13,146,1,2,109,206,96,160),
(13,146,1,3,103,149,31,125),
(13,146,1,4,192,261,23,88),
(13,146,1,5,54,77,89,137),
(13,146,1,6,185,268,199,241),
(13,146,1,7,160,241,162,185),
(13,146,1,8,37,78,109,147),
(13,146,1,9,3,37,6,19),
(13,146,1,10,129,227,39,74),
(13,146,1,11,187,285,85,147),
(16,32,1,1,114,155,196,221),
(20,36,1,1,186,209,198,209),
(20,36,1,2,36,79,36,50),
(20,36,1,3,43,74,176,217),
(20,36,1,4,27,127,164,201),
(20,36,1,5,25,115,125,209),
(20,36,1,6,46,135,197,286),
(20,36,1,7,123,153,92,123),
(20,36,1,8,185,213,152,193),
(20,36,1,9,182,245,64,150),
(20,36,1,10,156,227,147,235),
(20,36,1,11,158,168,187,257),
(20,36,1,12,200,275,92,165),
(20,36,1,13,48,103,72,130),
(20,36,1,14,146,158,57,100),
(20,36,1,15,56,150,193,278),
(20,36,1,16,179,219,61,91),
(20,78,1,1,90,144,79,128),
(20,78,1,2,82,137,175,215),
(20,78,1,3,179,190,74,168),
(20,78,1,4,160,210,169,227),
(20,78,1,5,51,82,144,188),
(20,78,1,6,47,113,99,171),
(20,78,1,7,193,268,74,92),
(20,78,1,8,98,140,185,237),
(20,78,1,9,60,111,95,195),
(20,78,1,10,34,109,166,206),
(20,78,1,11,93,144,179,217),
(20,78,1,12,131,193,169,254),
(20,78,1,13,198,273,43,75),
(20,78,1,14,60,158,190,244),
(20,92,1,1,103,169,189,214),
(20,92,1,2,167,258,71,128),
(20,92,1,3,37,132,179,225),
(20,92,1,4,33,101,117,139),
(22,123,1,1,70,145,171,197),
(22,123,1,2,180,234,13,67),
(22,123,1,3,117,160,74,133),
(22,123,1,4,137,196,123,152),
(23,87,1,1,72,162,130,213),
(23,87,1,2,31,53,59,125),
(23,87,1,3,128,211,106,145),
(23,87,1,4,110,140,188,207),
(23,87,1,5,168,188,124,201),
(23,87,1,6,19,68,50,130),
(23,87,1,7,20,55,145,210),
(23,87,1,8,29,83,60,150),
(23,87,1,9,84,103,158,169),
(26,3,1,1,194,255,141,179),
(26,3,1,2,65,81,91,101),
(26,3,1,3,153,226,24,91),
(26,3,1,4,162,172,60,97),
(26,3,1,5,105,165,151,165),
(26,3,1,6,4,72,47,104),
(26,3,1,7,45,75,104,129),
(26,3,1,8,94,152,157,226),
(26,3,1,9,82,164,124,219),
(26,3,1,10,2,23,4,61),
(26,147,1,1,5,79,10,86),
(26,147,1,2,64,81,31,41),
(26,147,1,3,87,111,83,143),
(26,147,1,4,185,198,118,133),
(27,91,1,1,153,246,29,70),
(27,91,1,2,121,136,115,169),
(27,91,1,3,199,292,139,173),
(27,91,1,4,141,200,138,183),
(30,138,1,1,78,141,153,213),
(30,138,1,2,103,169,111,163),
(30,138,1,3,35,97,132,183),
(30,138,1,4,82,153,164,228),
(30,138,1,5,142,210,147,206),
(35,32,1,1,94,143,121,211),
(35,32,1,2,36,114,80,118),
(35,32,1,3,138,227,55,129),
(35,32,1,4,77,124,13,111),
(35,32,1,5,97,112,80,154),
(35,32,1,6,156,168,110,167),
(35,32,1,7,41,72,130,174),
(35,32,1,8,90,104,170,208),
(35,32,1,9,43,108,142,214),
(35,32,1,10,10,55,200,216),
(37,12,1,1,64,137,77,136),
(37,12,1,2,73,142,74,148),
(37,12,1,3,82,143,66,152),
(37,12,1,4,43,68,60,137),
(37,12,1,5,81,107,111,160),
(37,12,1,6,10,39,135,181),
(37,12,1,7,2,16,21,103),
(37,12,1,8,197,216,195,255),
(37,12,1,9,185,279,25,123),
(37,12,1,10,182,265,131,228),
(37,12,1,11,80,155,194,263),
(37,12,1,12,14,65,91,168),
(37,12,1,13,106,149,30,84),
(37,12,1,14,155,235,48,90),
(37,12,1,15,189,264,42,142),
(37,12,1,16,119,165,90,109),
(37,12,1,17,180,211,153,243),
(37,12,1,18,31,47,28,38),
(37,12,1,19,48,104,175,224),
(37,104,1,1,39,56,117,217),
(37,104,1,2,107,173,119,151),
(37,104,1,3,182,210,39,66),
(37,104,1,4,19,113,161,198),
(39,145,1,1,2,89,48,128),
(39,145,1,2,188,216,182,198),
(39,145,1,3,51,61,54,75),
(39,145,1,4,69,165,134,147),
(39,145,1,5,183,276,171,213),
(39,145,1,6,69,130,197,260),
(39,145,1,7,105,139,1,16),
(39,145,1,8,92,191,104,201),
(39,145,1,9,2,18,97,114),
(39,145,1,10,178,219,87,182),
(39,145,1,11,15,83,37,85),
(39,145,1,12,43,125,15,42),
(39,145,1,13,166,185,192,204),
(39,147,1,1,180,272,5,39),
(39,147,1,2,153,203,186,235),
(39,147,1,3,189,270,26,108),
(39,147,1,4,106,164,73,149),
(39,147,1,5,100,187,6,44),
(41,144,1,1,59,126,116,152),
(41,144,1,2,7,102,147,195),
(41,144,1,3,115,133,175,261),
(41,144,1,4,38,49,141,164),
(41,144,1,5,122,154,66,166),
(41,144,1,6,152,251,31,84),
(41,144,1,7,95,146,79,124),
(41,144,1,8,35,54,183,263),
(42,36,1,1,111,191,66,135),
(42,36,1,2,155,211,45,105),
(42,36,1,3,99,187,136,156),
(42,36,1,4,127,200,185,263),
(42,36,1,5,113,142,119,151),
(42,36,1,6,124,189,165,234),
(43,17,1,1,62,75,2,52),
(43,17,1,2,8,62,55,151),
(43,17,1,3,109,207,3,67),
(43,17,1,4,160,224,79,134),
(43,17,1,5,66,127,50,62),
(43,17,1,6,181,205,79,94),
(43,17,1,7,30,61,76,150),
(43,17,1,8,173,268,189,275),
(43,17,1,9,198,297,39,66),
(43,17,1,10,148,181,185,220),
(43,17,1,11,69,159,171,270),
(43,17,1,12,128,177,30,121),
(43,17,1,13,144,232,139,185),
(43,17,1,14,170,257,186,284),
(43,17,1,15,17,108,10,50),
(43,19,1,1,32,129,103,181),
(43,19,1,2,160,198,40,51),
(43,19,1,3,105,201,116,137),
(43,19,1,4,46,73,137,168),
(43,19,1,5,13,49,54,132),
(43,19,1,6,195,227,187,197),
(43,19,1,7,90,109,9,44),
(43,19,1,8,189,205,20,88),
(43,19,1,9,32,126,39,101),
(43,19,1,10,113,194,53,116),
(44,72,1,1,28,58,72,126),
(44,72,1,2,43,55,54,144),
(44,72,1,3,48,137,174,245),
(44,72,1,4,137,226,110,167),
(44,72,1,5,124,160,184,215),
(44,72,1,6,0,65,24,71),
(44,72,1,7,52,66,189,201),
(44,72,1,8,84,110,196,238),
(44,72,1,9,178,188,7,95),
(44,72,1,10,67,145,179,267),
(44,72,1,11,194,271,198,260),
(44,72,1,12,23,72,160,233),
(44,72,1,13,78,177,100,162),
(44,72,1,14,106,137,158,179),
(44,72,1,15,105,166,82,112),
(44,72,1,16,103,156,184,242),
(44,109,1,1,18,80,42,77),
(44,109,1,2,34,65,145,169),
(44,109,1,3,80,156,42,86),
(44,109,1,4,108,136,146,170),
(44,109,1,5,84,162,192,236),
(44,109,1,6,104,202,109,206),
(44,109,1,7,64,105,136,219),
(44,109,1,8,190,251,94,153),
(44,109,1,9,60,100,175,197),
(44,109,1,10,34,114,58,158),
(44,109,1,11,189,207,64,138),
(47,25,1,1,18,55,154,221),
(47,25,1,2,19,60,186,210),
(47,25,1,3,74,98,0,73),
(47,25,1,4,134,194,94,124),
(47,25,1,5,17,87,182,239),
(47,25,1,6,19,54,130,216),
(47,25,1,7,192,249,120,166),
(47,25,1,8,39,71,143,165),
(47,25,1,9,105,120,124,141),
(47,25,1,10,121,216,54,113),
(47,25,1,11,140,201,194,260),
(47,25,1,12,63,156,126,207),
(47,25,1,13,71,116,47,147),
(47,25,1,14,184,219,102,201),
(47,125,1,1,76,97,25,51),
(47,125,1,2,17,86,19,66),
(47,125,1,3,81,120,110,171),
(47,125,1,4,3,78,109,197),
(47,125,1,5,21,51,39,138),
(47,125,1,6,69,85,171,203),
(47,125,1,7,181,255,28,99),
(47,125,1,8,35,105,29,81),
(47,125,1,9,16,28,156,191),
(49,36,1,1,106,129,75,112),
(49,36,1,2,154,230,0,44),
(49,36,1,3,10,69,166,242),
(49,36,1,4,154,171,181,252),
(49,36,1,5,152,235,28,73),
(49,36,1,6,38,131,26,73),
(49,36,1,7,161,194,98,114),
(49,36,1,8,115,142,120,163),
(49,36,1,9,72,141,142,206),
(49,36,1,10,41,112,178,191),
(49,36,1,11,130,168,133,223),
(49,36,1,12,68,95,96,140),
(49,36,1,13,179,250,185,198),
(49,36,1,14,109,184,74,94),
(49,79,1,1,92,192,115,148),
(49,79,1,2,53,123,182,214),
(49,79,1,3,13,108,106,133),
(49,79,1,4,181,202,46,139),
(49,79,1,5,166,259,2,21),
(49,79,1,6,20,97,128,179),
(49,79,1,7,75,90,147,178),
(49,79,1,8,57,125,90,166),
(49,79,1,9,134,155,177,254),
(49,79,1,10,124,182,47,130),
(49,79,1,11,151,176,161,216),
(49,79,1,12,187,246,5,38),
(49,79,1,13,32,101,10,68),
(49,79,1,14,156,228,188,272),
(49,79,1,15,2,38,170,242),
(49,79,1,16,198,210,17,101),
(49,79,1,17,114,185,119,205),
(49,85,1,1,134,209,168,237),
(49,85,1,2,137,162,75,119),
(49,85,1,3,194,266,99,163),
(49,85,1,4,98,148,38,111),
(51,133,1,1,105,133,58,152),
(51,133,1,2,27,63,29,125),
(51,133,1,3,122,145,84,143),
(51,133,1,4,157,232,194,252),
(51,133,1,5,84,122,71,88),
(51,133,1,6,190,220,82,157),
(51,133,1,7,99,112,126,187),
(51,133,1,8,116,156,89,135),
(51,133,1,9,146,231,130,163),
(51,133,1,10,11,50,81,125),
(51,133,1,11,30,79,73,134),
(51,133,1,12,54,96,119,173),
(51,133,1,13,109,207,12,30),
(53,47,1,1,154,173,16,40),
(53,47,1,2,145,232,142,214),
(53,47,1,3,186,223,104,163),
(53,47,1,4,153,253,186,218),
(53,47,1,5,134,172,49,122),
(53,47,1,6,19,74,94,170),
(53,47,1,7,119,150,171,206),
(53,47,1,8,134,233,181,254),
(53,47,1,9,113,208,145,219),
(53,123,1,1,136,216,102,190),
(53,123,1,2,41,141,173,245),
(53,123,1,3,84,150,32,92),
(53,123,1,4,49,117,60,131),
(53,123,1,5,95,127,7,49),
(53,123,1,6,123,178,78,169),
(53,123,1,7,110,153,77,165),
(53,123,1,8,88,110,90,151),
(53,123,1,9,162,251,193,206),
(53,123,1,10,99,136,107,169),
(61,77,1,1,110,203,24,34),
(61,77,1,2,130,179,57,141),
(61,77,1,3,93,112,22,42),
(61,77,1,4,113,209,97,165),
(61,77,1,5,166,215,200,213),
(61,77,1,6,25,36,94,121),
(61,77,1,7,57,70,19,66),
(61,77,1,8,176,212,49,61),
(61,77,1,9,142,199,41,109),
(61,77,1,10,33,94,157,220),
(61,77,1,11,79,166,199,211),
(61,77,1,12,129,166,83,100),
(61,77,1,13,140,175,90,145),
(61,77,1,14,51,83,26,120),
(61,77,1,15,170,264,76,112),
(62,145,2,1,140,219,172,265),
(62,145,2,2,11,74,76,129),
(62,145,2,3,59,116,166,181),
(62,145,2,4,15,81,37,127),
(62,145,2,5,171,223,19,73),
(62,145,2,6,121,199,72,131),
(62,145,2,7,71,138,191,228),
(62,145,2,8,187,204,185,245),
(62,145,2,9,92,118,169,257),
(62,145,2,10,32,65,22,52),
(62,145,2,11,88,172,34,75),
(62,145,2,12,14,48,37,104),
(62,145,2,13,60,154,198,213),
(62,145,2,14,150,195,120,134),
(62,145,2,15,98,188,33,85),
(62,145,2,16,101,173,76,99),
(69,104,1,1,33,56,185,247),
(69,104,1,2,182,213,160,184),
(69,104,1,3,112,158,109,172),
(69,104,1,4,94,128,90,141),
(69,104,1,5,144,194,85,154),
(69,104,1,6,61,99,7,18),
(69,104,1,7,102,189,139,155),
(74,72,1,1,179,260,2,89),
(74,72,1,2,160,253,94,119),
(74,72,1,3,101,159,46,132),
(74,72,1,4,1,70,27,112),
(74,72,1,5,128,170,142,211),
(74,72,1,6,179,274,175,235),
(74,72,1,7,88,125,35,111),
(75,22,1,1,94,108,142,212),
(75,22,1,2,30,65,157,256),
(76,103,1,1,67,132,152,182),
(76,103,1,2,86,170,168,187),
(76,103,1,3,84,137,187,245),
(76,103,1,4,39,53,186,262),
(76,103,1,5,165,224,120,160),
(76,103,1,6,159,232,106,199),
(76,103,1,7,38,67,16,47),
(76,103,1,8,41,118,166,178),
(76,103,1,9,102,126,91,127),
(76,103,1,10,59,97,189,251),
(76,103,1,11,196,266,8,93),
(76,103,1,12,129,202,127,176),
(78,4,1,1,100,122,9,105),
(78,4,1,2,69,111,170,181),
(78,4,1,3,0,61,122,191),
(78,4,1,4,67,117,92,109),
(78,4,1,5,140,209,184,216),
(78,4,1,6,1,32,17,114),
(78,4,1,7,163,186,91,124),
(78,4,1,8,83,159,18,91),
(78,4,1,9,195,211,95,118),
(78,4,1,10,112,211,49,99),
(78,4,1,11,88,177,171,249),
(78,4,1,12,131,204,144,174),
(81,92,1,1,17,45,97,186),
(81,92,1,2,153,176,85,123),
(81,92,1,3,83,127,176,186),
(81,92,1,4,57,81,1,59),
(81,92,1,5,59,92,62,75),
(81,92,1,6,152,230,168,256),
(81,92,1,7,195,289,149,169),
(81,92,1,8,130,151,20,80),
(81,92,1,9,23,119,197,234),
(81,92,1,10,192,241,0,13),
(81,92,1,11,116,183,153,248),
(81,92,1,12,181,236,200,232),
(82,73,1,1,10,98,29,120),
(82,73,1,2,112,150,151,185),
(82,73,1,3,72,141,39,100),
(82,73,1,4,114,133,183,202),
(82,73,1,5,158,169,185,225),
(82,73,1,6,110,182,167,232),
(82,73,1,7,163,173,133,157),
(82,73,1,8,47,139,26,57),
(82,73,1,9,73,163,106,122),
(82,73,1,10,19,96,53,146),
(83,8,1,1,166,240,52,148),
(83,8,1,2,87,136,49,83),
(83,8,1,3,189,236,14,99),
(83,8,1,4,190,228,57,80),
(83,8,1,5,154,254,158,222),
(83,8,1,6,85,98,82,112),
(83,8,1,7,12,49,19,60),
(83,8,1,8,76,145,153,197),
(83,8,1,9,137,196,133,158),
(83,8,1,10,154,206,54,116),
(83,8,1,11,129,210,143,213),
(83,8,1,12,86,123,5,74),
(83,8,1,13,159,212,199,293),
(83,8,1,14,161,216,170,201),
(83,8,1,15,105,126,125,178),
(83,8,1,16,74,119,90,187),
(83,28,1,1,87,106,40,117),
(83,28,1,2,144,188,33,130),
(83,28,1,3,18,59,190,251),
(83,28,1,4,177,225,112,161),
(83,28,1,5,126,178,179,215),
(83,28,1,6,185,275,172,234),
(83,28,1,7,197,273,85,134),
(83,80,1,1,160,249,46,87),
(83,80,1,2,103,185,93,141),
(83,80,1,3,123,145,126,195),
(83,80,1,4,109,166,43,135),
(83,80,1,5,110,123,49,96),
(83,80,1,6,27,82,115,153),
(83,80,1,7,122,154,98,156),
(83,80,1,8,73,120,149,247),
(83,80,1,9,13,57,192,279),
(83,106,1,1,185,225,136,195),
(83,106,1,2,6,92,27,43),
(83,106,1,3,131,194,103,151),
(83,106,1,4,39,106,126,182),
(83,106,1,5,165,235,153,224),
(83,106,1,6,1,78,98,167),
(83,106,1,7,180,199,180,277),
(83,106,1,8,0,94,23,71),
(86,2,1,1,85,105,139,204),
(86,2,1,2,112,123,103,203),
(86,2,1,3,199,245,63,93),
(86,2,1,4,175,254,146,213),
(86,2,1,5,23,54,1,53),
(86,2,1,6,142,231,28,116),
(86,2,1,7,88,155,119,215),
(86,2,1,8,16,64,63,111),
(86,2,1,9,80,152,100,185),
(86,2,1,10,175,264,68,143),
(86,2,1,11,117,128,6,99),
(86,2,1,12,149,179,33,64),
(86,2,1,13,62,134,55,112),
(86,2,1,14,123,171,142,242),
(89,60,1,1,125,218,124,138),
(89,60,1,2,185,282,95,110),
(89,60,1,3,66,106,133,165),
(89,60,1,4,196,246,107,178),
(89,60,1,5,177,187,159,240),
(89,60,1,6,19,62,1,59),
(89,60,1,7,130,215,151,183),
(89,60,1,8,100,181,58,104),
(89,60,1,9,147,187,85,105),
(89,60,1,10,135,230,84,130),
(89,60,1,11,18,67,135,146),
(89,60,1,12,171,239,124,175),
(89,109,1,1,52,91,124,161),
(89,109,1,2,98,114,155,176),
(89,109,1,3,10,91,47,93),
(89,109,1,4,61,108,27,127),
(89,109,1,5,138,208,165,252),
(89,109,1,6,36,58,167,208),
(89,109,1,7,59,95,36,47),
(89,109,1,8,12,37,23,104),
(95,123,1,1,30,98,110,186),
(95,123,1,2,161,252,172,237),
(95,123,1,3,14,42,191,244),
(95,123,1,4,172,217,53,142),
(95,123,1,5,186,265,80,162),
(95,123,1,6,90,145,15,55),
(95,123,1,7,94,105,11,69),
(95,123,1,8,130,160,77,137),
(95,123,1,9,81,113,110,193),
(95,123,1,10,65,110,148,218),
(95,123,1,11,132,154,54,82),
(95,123,1,12,60,141,160,245),
(95,123,1,13,110,199,65,83),
(95,123,1,14,78,95,113,184),
(96,145,1,1,141,198,150,182),
(96,145,1,2,186,230,184,227),
(96,145,1,3,128,139,124,142),
(96,145,1,4,150,238,156,244),
(96,145,1,5,192,242,132,193),
(96,145,1,6,97,115,80,120),
(96,145,1,7,188,262,22,41),
(96,145,1,8,166,236,66,107),
(96,145,1,9,173,228,147,240),
(96,145,1,10,58,92,151,207),
(96,145,1,11,20,44,45,104),
(96,145,1,12,3,37,113,123),
(97,42,1,1,140,195,57,96),
(97,42,1,2,51,118,180,217),
(97,42,1,3,177,253,116,137),
(97,42,1,4,47,84,189,235),
(97,42,1,5,15,106,136,200),
(97,42,1,6,25,98,25,82),
(97,42,1,7,136,157,34,60),
(102,97,1,1,85,126,131,181),
(102,97,1,2,104,196,71,107),
(102,97,1,3,144,185,167,262),
(102,97,1,4,189,208,17,71),
(102,97,1,5,117,173,189,228),
(102,97,1,6,177,206,101,182),
(104,57,1,1,90,182,52,101),
(104,57,1,2,126,175,90,185),
(104,57,1,3,11,74,185,250),
(104,57,1,4,141,212,43,135),
(104,57,1,5,93,138,17,41),
(104,57,1,6,79,130,33,58),
(104,57,1,7,69,89,50,121),
(104,57,1,8,17,106,139,194),
(104,57,1,9,49,110,170,263),
(104,57,1,10,51,78,94,160),
(104,57,1,11,20,57,33,95),
(104,57,1,12,21,106,181,277),
(105,92,1,1,84,181,129,192),
(105,92,1,2,132,144,88,126),
(105,92,1,3,47,71,28,69),
(105,92,1,4,90,125,97,137),
(105,92,1,5,77,164,137,166),
(105,92,1,6,130,140,1,31),
(105,92,1,7,176,255,93,137),
(105,92,1,8,24,71,178,231),
(105,92,1,9,198,274,171,183),
(105,92,1,10,148,233,2,12),
(105,92,1,11,113,210,163,228),
(105,92,1,12,105,158,106,200),
(105,114,1,1,91,146,84,113),
(105,114,1,2,89,120,45,120),
(105,128,1,1,28,118,159,248),
(105,128,1,2,144,185,184,233),
(105,128,1,3,103,172,26,66),
(105,128,1,4,76,143,3,75),
(105,128,1,5,189,228,37,75),
(105,128,1,6,120,161,134,189),
(105,128,1,7,128,190,155,251),
(105,128,1,8,24,103,137,168),
(105,128,1,9,77,175,34,80),
(105,128,1,10,31,54,152,218),
(105,128,1,11,65,130,46,57),
(105,128,1,12,108,184,10,103),
(105,128,1,13,39,134,12,77),
(105,128,1,14,157,190,1,47),
(105,133,1,1,11,101,160,187),
(105,133,1,2,124,155,36,107),
(105,133,1,3,127,162,177,195),
(105,133,1,4,81,103,41,91),
(105,133,1,5,111,211,1,89),
(105,133,1,6,37,60,57,121),
(105,133,1,7,96,172,57,75),
(105,133,1,8,141,189,95,141),
(105,133,1,9,101,174,37,70),
(105,133,1,10,56,129,56,150),
(105,133,1,11,16,105,138,238),
(105,133,1,12,78,148,48,99),
(105,133,1,13,173,253,64,98),
(105,133,1,14,125,146,137,163),
(105,133,1,15,19,83,153,176),
(105,133,1,16,88,138,166,213),
(105,133,1,17,178,242,69,163),
(105,133,1,18,91,140,22,72),
(105,133,1,19,26,90,165,260),
(105,133,1,20,139,178,69,134),
(106,92,1,1,71,112,103,123),
(106,92,1,2,61,92,156,250),
(106,92,1,3,68,100,89,138),
(106,92,1,4,5,59,63,74),
(106,92,1,5,129,218,44,84),
(106,92,1,6,119,143,162,261),
(106,92,1,7,25,96,188,258),
(106,92,1,8,55,103,44,85),
(107,91,1,1,142,213,183,229),
(107,91,1,2,140,218,100,182),
(107,91,1,3,107,204,49,118),
(107,91,1,4,149,237,150,161),
(107,91,1,5,50,127,78,97),
(107,91,1,6,26,54,121,200),
(108,12,1,1,9,93,73,154),
(108,12,1,2,50,100,103,132),
(108,12,1,3,112,130,92,104),
(108,12,1,4,38,135,122,198),
(108,12,1,5,139,163,109,196),
(108,12,1,6,17,32,136,198),
(108,12,1,7,14,92,120,136),
(108,41,1,1,20,75,30,42),
(108,41,1,2,110,153,51,71),
(108,41,1,3,13,28,182,246),
(108,41,1,4,33,132,189,267),
(108,41,1,5,20,57,146,202),
(108,41,1,6,146,242,49,93),
(108,41,1,7,34,128,19,42),
(108,41,1,8,13,25,108,158),
(108,41,1,9,92,137,132,220),
(108,41,1,10,122,160,51,85),
(108,41,1,11,100,181,7,52),
(108,41,1,12,5,101,55,93),
(108,41,1,13,87,180,93,160),
(108,41,1,14,9,31,27,84),
(108,41,1,15,74,120,38,58),
(109,60,1,1,93,171,192,259),
(109,60,1,2,82,160,152,233),
(109,60,1,3,54,131,197,242),
(109,60,1,4,97,168,91,134),
(109,60,1,5,36,102,167,237),
(109,60,1,6,65,142,174,208),
(109,60,1,7,22,101,11,93),
(109,60,1,8,143,180,75,104),
(109,60,1,9,152,162,180,210),
(109,60,1,10,54,137,68,104),
(109,60,1,11,4,14,69,129),
(109,60,1,12,141,193,9,33),
(109,60,1,13,164,260,61,155),
(109,60,1,14,175,257,84,99),
(109,60,1,15,148,220,75,132),
(112,4,1,1,171,214,26,122),
(112,4,1,2,153,221,62,139),
(112,67,1,1,85,126,172,243),
(112,67,1,2,154,190,134,205),
(112,67,1,3,94,134,46,63),
(112,67,1,4,176,201,173,212),
(112,67,1,5,103,139,53,85),
(112,67,1,6,70,89,26,105),
(112,67,1,7,79,117,200,261),
(112,67,1,8,45,58,198,271),
(112,67,1,9,79,137,87,156),
(112,67,1,10,94,155,28,38),
(112,67,1,11,188,286,1,20),
(112,67,1,12,43,80,141,196),
(112,67,1,13,11,21,34,79),
(112,67,1,14,69,94,51,125),
(112,67,1,15,72,83,55,81),
(113,49,1,1,6,49,4,16),
(113,49,1,2,108,126,26,50),
(113,49,1,3,59,141,153,211),
(113,49,1,4,124,146,158,229),
(113,49,1,5,123,155,163,182),
(113,49,1,6,20,76,183,194),
(113,49,1,7,37,59,18,65),
(113,49,1,8,155,208,110,182),
(113,49,1,9,176,245,200,299),
(113,49,1,10,10,108,65,107),
(113,49,1,11,56,97,88,127),
(113,129,1,1,181,278,127,159),
(113,129,1,2,139,230,62,154),
(113,129,1,3,180,198,19,37),
(113,129,1,4,146,184,35,69),
(113,129,1,5,104,157,191,251),
(113,129,1,6,74,114,173,253),
(113,129,1,7,180,254,22,99),
(113,129,1,8,33,106,55,116),
(113,129,1,9,7,61,38,88),
(113,129,1,10,147,221,24,37),
(113,129,1,11,29,81,132,228),
(113,129,1,12,3,78,168,178),
(113,129,1,13,60,107,146,181),
(113,129,1,14,153,233,150,218),
(113,129,1,15,161,206,76,144),
(113,129,1,16,42,127,16,88),
(113,129,1,17,158,208,59,101),
(113,129,1,18,26,47,124,170),
(114,104,1,1,41,135,16,45),
(114,104,1,2,62,151,119,179),
(114,104,1,3,0,24,185,241),
(114,104,1,4,127,185,110,147),
(114,104,1,5,27,105,86,180),
(114,104,1,6,164,260,196,232),
(114,104,1,7,40,96,179,199),
(114,104,1,8,99,162,184,243),
(114,104,1,9,54,95,172,206),
(114,104,1,10,94,150,52,73),
(114,104,1,11,18,82,48,65),
(114,104,1,12,121,203,93,115),
(117,5,1,1,198,226,177,214),
(117,5,1,2,172,247,173,261),
(117,5,1,3,173,256,197,223),
(117,5,1,4,155,182,159,254),
(117,5,1,5,84,154,23,109),
(117,5,1,6,60,151,187,221),
(117,5,1,7,115,212,33,71),
(117,5,1,8,59,85,177,250),
(117,5,1,9,25,97,130,225),
(117,5,1,10,186,249,186,236),
(117,5,1,11,68,163,58,84),
(117,5,1,12,78,99,22,112),
(117,96,1,1,86,119,6,46),
(117,96,1,2,82,178,154,246),
(117,96,1,3,163,200,75,88),
(117,96,1,4,105,179,102,117),
(117,96,1,5,168,190,129,199),
(117,96,1,6,98,196,12,71),
(118,51,1,1,14,106,134,169),
(118,51,1,2,9,77,154,238),
(118,51,1,3,79,135,27,52),
(118,51,1,4,20,56,50,116),
(118,51,1,5,138,171,0,89),
(118,51,1,6,8,36,197,290),
(118,51,1,7,106,159,138,165),
(118,51,1,8,169,213,29,105),
(118,51,1,9,154,249,29,90),
(118,51,1,10,159,253,192,222),
(118,51,1,11,68,143,18,78),
(118,51,1,12,77,129,124,220),
(118,51,1,13,91,178,151,248),
(118,51,1,14,148,201,175,275),
(118,51,1,15,121,170,173,200),
(118,51,1,16,118,216,169,241),
(118,110,1,1,99,131,41,59),
(118,110,1,2,134,174,155,183),
(118,110,1,3,173,262,194,215),
(118,118,1,1,63,131,172,202),
(118,118,1,2,167,207,142,200),
(118,118,1,3,52,146,163,201),
(118,118,1,4,171,215,176,250),
(118,118,1,5,37,115,66,134),
(118,118,1,6,94,121,0,29),
(118,118,1,7,99,138,95,148),
(118,118,1,8,87,168,125,224),
(118,118,1,9,197,259,134,148),
(118,118,1,10,119,216,123,162),
(118,118,1,11,163,245,200,258),
(118,118,1,12,179,235,0,85),
(118,118,1,13,111,146,11,22),
(118,118,1,14,139,220,191,247),
(118,118,1,15,130,222,23,111),
(118,118,1,16,101,129,126,213),
(119,40,1,1,34,113,179,271),
(119,40,1,2,183,282,63,116),
(119,40,1,3,70,146,91,168),
(119,40,1,4,192,213,110,183),
(119,40,1,5,64,137,150,188),
(119,40,1,6,75,107,22,89),
(119,40,1,7,178,265,58,141),
(119,40,1,8,69,124,92,139),
(119,40,1,9,99,172,11,94),
(119,40,1,10,192,210,29,52),
(119,40,1,11,196,210,159,175),
(119,40,1,12,6,96,12,61),
(119,40,1,13,152,215,75,156),
(119,40,1,14,147,234,101,170),
(119,40,1,15,78,171,111,187),
(119,40,1,16,133,231,76,168),
(119,96,1,1,56,135,75,92),
(119,96,1,2,40,136,118,134),
(119,96,1,3,160,236,181,271),
(119,96,1,4,155,168,2,67),
(119,96,1,5,181,202,94,184),
(119,96,1,6,55,143,54,131),
(119,96,1,7,144,159,190,266),
(119,96,1,8,3,23,126,149),
(119,96,1,9,108,158,183,200),
(119,96,1,10,10,45,195,273),
(119,96,1,11,28,52,53,148),
(122,14,1,1,50,103,156,238),
(122,14,1,2,31,128,27,95),
(122,14,1,3,38,53,146,183),
(122,14,1,4,197,275,175,254),
(122,14,1,5,90,122,138,160),
(122,14,1,6,198,236,117,170),
(122,14,1,7,12,109,64,140),
(122,14,1,8,13,74,196,217),
(122,14,1,9,72,132,45,68),
(122,14,1,10,168,242,143,218),
(122,14,1,11,133,231,11,47),
(122,14,1,12,65,115,69,148),
(122,14,1,13,61,126,157,193),
(122,14,1,14,124,201,32,95),
(122,14,1,15,164,215,102,118),
(122,14,1,16,25,97,64,106),
(122,14,1,17,83,107,125,174),
(123,86,1,1,41,58,40,118),
(123,86,1,2,30,125,195,258),
(123,86,1,3,144,164,16,116),
(123,86,1,4,55,129,19,60),
(123,86,1,5,155,254,17,68),
(123,86,1,6,122,184,129,172),
(123,86,1,7,28,58,28,41),
(123,86,1,8,59,89,78,169),
(123,86,1,9,79,122,64,76),
(126,139,1,1,57,135,58,145),
(126,139,1,2,166,217,63,132),
(126,139,1,3,196,291,89,188),
(126,139,1,4,60,110,183,249),
(126,139,1,5,139,155,18,49),
(126,139,1,6,143,196,132,210),
(126,139,1,7,18,62,113,208),
(126,139,1,8,29,120,200,240),
(126,139,1,9,154,205,3,61),
(126,139,1,10,113,193,174,219),
(126,139,1,11,115,133,128,197),
(126,139,1,12,64,128,101,192),
(126,139,1,13,102,185,163,252),
(127,19,1,1,3,52,195,262),
(127,19,1,2,86,154,91,191),
(127,19,1,3,164,264,84,155),
(127,19,1,4,195,255,163,176),
(127,19,1,5,99,113,105,172),
(127,19,1,6,130,217,78,123),
(127,19,1,7,125,204,157,230),
(127,19,1,8,134,178,90,126),
(127,19,1,9,122,169,74,167),
(127,19,1,10,74,149,142,164),
(127,19,1,11,133,191,157,197),
(127,19,1,12,177,204,40,59),
(128,36,1,1,35,62,24,115),
(128,36,1,2,165,190,164,217),
(128,36,1,3,118,161,126,167),
(128,36,1,4,67,149,197,252),
(128,36,1,5,163,214,80,146),
(128,36,1,6,116,213,25,104),
(128,36,1,7,79,148,46,109),
(128,36,1,8,34,65,198,236),
(128,36,1,9,141,239,149,237),
(128,36,1,10,166,263,168,193),
(128,36,1,11,139,208,100,122),
(128,36,1,12,32,66,58,88),
(130,105,1,1,23,63,198,261),
(130,105,1,2,172,261,29,55),
(130,105,1,3,148,215,49,61),
(130,105,1,4,17,39,155,179),
(130,105,1,5,97,121,1,17),
(130,105,1,6,140,171,196,256),
(130,105,1,7,168,196,117,170),
(130,105,1,8,35,98,175,192),
(130,105,1,9,69,155,160,257),
(130,105,1,10,158,197,84,123),
(130,105,1,11,147,191,78,178),
(130,105,1,12,81,116,32,71),
(130,105,1,13,187,213,160,241),
(130,105,1,14,187,235,15,86),
(130,105,1,15,182,256,36,83),
(133,56,1,1,92,181,114,161),
(133,56,1,2,51,132,103,195),
(133,56,1,3,153,167,138,206),
(133,56,1,4,0,35,50,134),
(133,56,1,5,2,80,125,165),
(133,56,1,6,174,197,180,193),
(133,56,1,7,35,118,162,215),
(133,56,1,8,185,231,193,293),
(133,56,1,9,17,111,61,161),
(133,56,1,10,185,198,139,226),
(133,56,1,11,40,116,27,122),
(133,56,1,12,98,161,65,145),
(133,56,1,13,9,75,6,51),
(133,56,1,14,63,115,165,196),
(133,56,1,15,117,166,23,111),
(133,56,1,16,49,81,5,40),
(133,67,1,1,46,136,69,79),
(133,67,1,2,136,153,138,191),
(133,67,1,3,165,198,134,164),
(133,67,1,4,25,112,143,203),
(133,67,1,5,52,132,135,180),
(133,67,1,6,126,180,17,77),
(133,67,1,7,113,144,22,39),
(133,67,1,8,74,130,52,138),
(133,67,1,9,158,177,50,107),
(133,67,1,10,33,77,4,78),
(133,67,1,11,70,144,21,91),
(133,67,1,12,170,185,17,35),
(133,67,1,13,103,188,71,163),
(133,67,1,14,38,83,126,188),
(133,67,1,15,55,102,114,126),
(133,121,1,1,113,150,12,69),
(133,121,1,2,4,78,97,138),
(133,121,1,3,27,101,78,106),
(133,121,1,4,78,98,134,153),
(133,121,1,5,84,141,13,113),
(133,121,1,6,87,139,142,195),
(133,121,1,7,90,147,148,174),
(134,15,1,1,163,246,180,255),
(134,15,1,2,172,237,48,123),
(134,15,1,3,124,214,61,128),
(134,15,1,4,197,296,108,200),
(134,15,1,5,65,111,103,196),
(134,15,1,6,77,136,83,123),
(134,15,1,7,75,124,50,87),
(134,15,1,8,15,101,82,177),
(134,15,1,9,93,149,192,239),
(134,15,1,10,87,117,168,231),
(134,15,1,11,109,141,129,228),
(134,15,1,12,69,165,114,197),
(134,114,1,1,43,99,161,239),
(134,114,1,2,112,138,45,82),
(134,114,1,3,101,140,159,258),
(134,114,1,4,60,156,168,240),
(134,114,1,5,53,116,22,75),
(134,114,1,6,40,137,87,185),
(134,114,1,7,193,253,55,133),
(134,114,1,8,114,174,28,55),
(135,10,2,1,58,152,114,209),
(135,10,2,2,189,206,199,270),
(135,10,2,3,16,72,83,142),
(135,10,2,4,12,106,188,281),
(135,10,2,5,99,176,174,211),
(135,10,2,6,145,201,46,75),
(136,38,1,1,62,85,28,71),
(136,38,1,2,40,51,54,109),
(136,38,1,3,92,112,195,250),
(136,38,1,4,3,71,174,250),
(136,38,1,5,189,217,103,165),
(136,38,1,6,23,44,107,135),
(136,38,1,7,88,166,129,190),
(136,38,1,8,200,243,146,206),
(136,38,1,9,167,232,88,158),
(136,38,1,10,177,231,198,226),
(136,38,1,11,116,155,84,172),
(136,38,1,12,175,238,89,179),
(136,38,1,13,165,214,10,30),
(137,52,1,1,107,147,61,75),
(137,52,1,2,174,218,144,189),
(137,52,1,3,79,178,26,80),
(137,52,1,4,33,122,77,128),
(137,124,1,1,34,129,134,148),
(137,124,1,2,113,125,94,181),
(138,3,1,1,163,235,6,91),
(138,3,1,2,167,229,23,78),
(138,3,1,3,134,192,92,147),
(138,3,1,4,112,149,186,236),
(138,3,1,5,30,117,163,259),
(138,3,1,6,183,233,132,212),
(138,3,1,7,91,104,140,160),
(138,3,1,8,11,97,8,33),
(138,3,1,9,2,41,107,190),
(138,15,1,1,189,230,85,116),
(138,15,1,2,159,191,6,88),
(138,15,1,3,32,117,77,175),
(138,15,1,4,12,93,191,246),
(138,15,1,5,182,194,66,140),
(138,15,1,6,175,227,45,142),
(138,15,1,7,190,214,8,46),
(138,15,1,8,115,136,5,54),
(138,15,1,9,176,206,182,239),
(138,15,1,10,91,155,180,218),
(138,15,1,11,189,207,85,163),
(138,15,1,12,117,145,110,189),
(138,15,1,13,73,161,143,230),
(139,78,1,1,160,255,169,260),
(139,78,1,2,143,230,65,104),
(139,78,1,3,79,178,148,210),
(139,78,1,4,1,23,18,65),
(139,78,1,5,7,56,29,121),
(139,78,1,6,116,182,132,154),
(139,78,1,7,49,67,198,282),
(139,78,1,8,109,132,75,91),
(139,78,1,9,107,174,148,228),
(139,78,1,10,23,44,22,112),
(140,84,2,1,5,59,146,244),
(140,84,2,2,92,175,74,121),
(143,87,1,1,9,80,79,128),
(143,87,1,2,21,37,141,214),
(143,87,1,3,171,240,125,163),
(143,87,1,4,16,84,109,180),
(143,87,1,5,39,82,171,199),
(143,87,1,6,41,123,119,212),
(143,87,1,7,36,114,37,47),
(143,87,1,8,92,137,50,104),
(143,87,1,9,146,163,49,109),
(143,87,1,10,72,128,110,142),
(143,87,1,11,174,241,186,208),
(143,87,1,12,12,75,72,108),
(144,8,1,1,106,131,73,157),
(144,8,1,2,80,158,17,74),
(144,8,1,3,189,218,84,133),
(144,8,1,4,143,166,9,78),
(144,8,1,5,14,44,114,186),
(144,8,1,6,156,254,193,230),
(144,8,1,7,125,153,133,188),
(144,8,1,8,146,215,20,53),
(144,8,1,9,23,95,172,207),
(144,8,1,10,106,157,120,187),
(144,8,1,11,108,204,92,111),
(144,8,1,12,98,188,89,126),
(145,103,1,1,51,130,137,183),
(145,103,1,2,172,195,129,150),
(145,103,1,3,188,249,113,161),
(145,103,1,4,110,125,146,208),
(145,103,1,5,181,198,193,203),
(145,103,1,6,194,292,87,129),
(149,51,1,1,123,148,141,158),
(149,51,1,2,67,166,183,267),
(149,51,1,3,174,233,32,118),
(149,51,1,4,0,10,67,137);
/*!40000 ALTER TABLE `add_on` ENABLE KEYS */;
UNLOCK TABLES;

--
-- Table structure for table `caption`
--

DROP TABLE IF EXISTS `caption`;
/*!40101 SET @saved_cs_client     = @@character_set_client */;
/*!40101 SET character_set_client = utf8mb4 */;
CREATE TABLE `caption` (
  `user_id` int(11) NOT NULL,
  `room_id` int(11) NOT NULL,
  `sent_order` int(11) NOT NULL,
  `addon_idx` int(11) NOT NULL,
  `font_style` varchar(50) NOT NULL,
  `text` text NOT NULL,
  PRIMARY KEY (`user_id`,`room_id`,`sent_order`,`addon_idx`),
  CONSTRAINT `caption_ibfk_1` FOREIGN KEY (`user_id`, `room_id`, `sent_order`, `addon_idx`) REFERENCES `add_on` (`user_id`, `room_id`, `sent_order`, `addon_idx`)
) ENGINE=InnoDB DEFAULT CHARSET=latin1 COLLATE=latin1_swedish_ci;
/*!40101 SET character_set_client = @saved_cs_client */;

--
-- Dumping data for table `caption`
--

LOCK TABLES `caption` WRITE;
/*!40000 ALTER TABLE `caption` DISABLE KEYS */;
INSERT INTO `caption` (`user_id`, `room_id`, `sent_order`, `addon_idx`, `font_style`, `text`) VALUES (2,147,1,7,'Comic Sans','Offer leave shake place later data.'),
(2,147,1,8,'Comic Sans','Ever section drop across skin piece.'),
(8,44,1,5,'Arial','Difficult dog heavy specific company writer space more.'),
(8,44,1,6,'Arial','Gun seat his interesting.'),
(8,44,1,7,'Verdana','Any happy painting anyone national party sport.'),
(8,44,1,8,'Arial','Ok against subject leader provide.'),
(8,44,1,9,'Arial','Too attack push mention past business.'),
(8,44,1,10,'Comic Sans','Inside three value fine meeting program exactly.'),
(10,126,1,5,'Comic Sans','Sister role only impact learn.'),
(10,126,1,6,'Comic Sans','Smile image security everybody.'),
(10,126,1,7,'Arial','Tell push adult such.'),
(10,126,1,8,'Arial','Successful race fly friend measure guess.'),
(10,146,1,7,'Comic Sans','Lay smile receive team prevent such.'),
(10,146,1,8,'Verdana','Same see fire.'),
(10,146,1,9,'Comic Sans','Present ten off lose.'),
(10,146,1,10,'Comic Sans','Other dark get.'),
(10,146,1,11,'Arial','Miss rise action former.'),
(10,146,1,12,'Comic Sans','Young range have sister including.'),
(10,146,1,13,'Comic Sans','After someone someone.'),
(10,146,1,14,'Comic Sans','Son together little each treatment view buy.'),
(11,4,1,5,'Comic Sans','None wall people they.'),
(11,4,1,6,'Arial','Job significant hit understand later.'),
(11,4,1,7,'Arial','Add sort century night machine much son during.'),
(11,4,1,8,'Comic Sans','Direction wonder knowledge project expert soldier material now.'),
(11,45,1,5,'Arial','Fly beautiful shoulder long listen three husband.'),
(11,45,1,6,'Arial','Indicate agent can might appear great order.'),
(11,45,1,7,'Arial','Explain wait kitchen eat win allow gas.'),
(11,45,1,8,'Verdana','Include still audience similar her.'),
(11,45,1,9,'Arial','Writer toward six condition such system.'),
(11,45,1,10,'Arial','Training must some road daughter.'),
(11,45,1,11,'Verdana','Safe rich energy could meet identify summer.'),
(11,45,1,12,'Arial','Collection federal material some name.'),
(13,146,1,9,'Verdana','Each free final represent once when.'),
(13,146,1,10,'Comic Sans','Chair foot explain turn.'),
(13,146,1,11,'Verdana','Box truth gas cold.'),
(16,32,1,1,'Verdana','Process seem those behavior.'),
(20,36,1,7,'Verdana','Same field section offer professor.'),
(20,36,1,8,'Verdana','Itself red cell phone wish.'),
(20,36,1,9,'Comic Sans','Approach role brother really.'),
(20,36,1,10,'Arial','Education child example stand develop.'),
(20,36,1,11,'Comic Sans','Claim activity here experience play though.'),
(20,36,1,12,'Arial','Baby us message audience Mrs.'),
(20,36,1,13,'Comic Sans','Bank blood back network.'),
(20,36,1,14,'Comic Sans','Opportunity art only up Mr catch throughout meeting.'),
(20,36,1,15,'Verdana','Thousand least their one daughter.'),
(20,36,1,16,'Arial','Scientist occur question look base floor begin.'),
(20,78,1,9,'Arial','Do listen ask go charge environmental happy include.'),
(20,78,1,10,'Arial','Personal subject there themselves.'),
(20,78,1,11,'Verdana','Reduce site authority painting significant.'),
(20,78,1,12,'Verdana','Though effect window standard.'),
(20,78,1,13,'Comic Sans','Culture PM collection center.'),
(20,78,1,14,'Comic Sans','Season apply brother any significant assume evidence car.'),
(20,92,1,1,'Verdana','Happy loss remember second serious draw generation behavior.'),
(20,92,1,2,'Verdana','Music wall result leg however wife.'),
(20,92,1,3,'Verdana','Involve alone staff woman.'),
(20,92,1,4,'Comic Sans','Bar whom reduce subject.'),
(22,123,1,1,'Arial','Law give edge security recent.'),
(22,123,1,2,'Verdana','Four green although.'),
(22,123,1,3,'Verdana','Doctor mission science production class without.'),
(22,123,1,4,'Arial','Space charge close outside development list.'),
(23,87,1,7,'Comic Sans','Question without positive within Congress whose.'),
(23,87,1,8,'Arial','Expect situation bill company peace poor.'),
(23,87,1,9,'Comic Sans','Factor force camera positive various ever during.'),
(26,3,1,6,'Arial','Charge reality have success full and.'),
(26,3,1,7,'Verdana','Since from number green eight section leg.'),
(26,3,1,8,'Comic Sans','Pay about same bank assume.'),
(26,3,1,9,'Arial','Car major brother put.'),
(26,3,1,10,'Comic Sans','Kind wrong base air stock.'),
(26,147,1,4,'Arial','I action article full candidate stand.'),
(27,91,1,3,'Arial','Go country card else again.'),
(27,91,1,4,'Verdana','Product throw game produce officer writer bring.'),
(30,138,1,2,'Verdana','Significant security at example forward agree.'),
(30,138,1,3,'Comic Sans','Thing science foot themselves huge.'),
(30,138,1,4,'Verdana','Answer south structure administration.'),
(30,138,1,5,'Verdana','Among which heart try nearly.'),
(35,32,1,4,'Comic Sans','Inside will for standard project decision small white.'),
(35,32,1,5,'Comic Sans','Yes rate where star beat.'),
(35,32,1,6,'Arial','Else have same.'),
(35,32,1,7,'Verdana','Size story range amount should.'),
(35,32,1,8,'Comic Sans','Back main college could board.'),
(35,32,1,9,'Verdana','Huge save success indeed.'),
(35,32,1,10,'Comic Sans','Person prove occur computer technology.'),
(37,12,1,10,'Arial','Always director me physical ball.'),
(37,12,1,11,'Verdana','Program operation none number.'),
(37,12,1,12,'Verdana','Though expert many garden not.'),
(37,12,1,13,'Arial','Beyond almost style Democrat.'),
(37,12,1,14,'Verdana','Pick talk call bad radio.'),
(37,12,1,15,'Verdana','Fly rate tough baby dark miss.'),
(37,12,1,16,'Verdana','Article enough seek evening member agreement.'),
(37,12,1,17,'Verdana','Health special thank yet deal.'),
(37,12,1,18,'Comic Sans','Great knowledge play president.'),
(37,12,1,19,'Verdana','Million we team upon shake plan short set.'),
(39,145,1,6,'Comic Sans','Piece education former cause partner lose analysis vote.'),
(39,145,1,7,'Arial','Bag goal old or.'),
(39,145,1,8,'Arial','Report film tax sure program knowledge.'),
(39,145,1,9,'Comic Sans','Ball close of join evidence.'),
(39,145,1,10,'Verdana','Agree series hundred carry boy involve surface.'),
(39,145,1,11,'Comic Sans','Open night upon key degree meeting.'),
(39,145,1,12,'Comic Sans','Out admit agency member whom sound no.'),
(39,145,1,13,'Verdana','Image education likely lead.'),
(39,147,1,2,'Verdana','News image size run trade always usually research.'),
(39,147,1,3,'Comic Sans','Whom moment try scene others want whose.'),
(39,147,1,4,'Comic Sans','Concern game position second east.'),
(39,147,1,5,'Arial','Event image safe real apply activity us.'),
(41,144,1,5,'Arial','And rest on she get.'),
(41,144,1,6,'Arial','Would section would season rather.'),
(41,144,1,7,'Verdana','Beyond doctor they.'),
(41,144,1,8,'Verdana','Your bank work hospital issue.'),
(42,36,1,2,'Comic Sans','Site nor why consider those police remember.'),
(42,36,1,3,'Verdana','Carry water themselves try.'),
(42,36,1,4,'Arial','Allow likely popular small reason when base article.'),
(42,36,1,5,'Verdana','Push national step win mission kitchen board.'),
(42,36,1,6,'Verdana','National million themselves especially of live wait.'),
(43,17,1,7,'Arial','Politics total speech thing.'),
(43,17,1,8,'Comic Sans','Mean save professional gun special gun.'),
(43,17,1,9,'Arial','Reveal issue win she even authority training order.'),
(43,17,1,10,'Verdana','Story interest weight huge successful let wind feeling.'),
(43,17,1,11,'Comic Sans','Have suggest idea your scientist.'),
(43,17,1,12,'Comic Sans','Board road person education wear lawyer movement.'),
(43,17,1,13,'Verdana','Home site end while.'),
(43,17,1,14,'Comic Sans','Affect claim course among argue statement everybody.'),
(43,17,1,15,'Verdana','Threat exist pull east pressure.'),
(43,19,1,6,'Arial','Prepare floor rest main sing mother.'),
(43,19,1,7,'Arial','Human throw of clearly dinner exactly summer then.'),
(43,19,1,8,'Verdana','Grow talk crime draw compare a knowledge may.'),
(43,19,1,9,'Comic Sans','Eat week trade.'),
(43,19,1,10,'Arial','Mean itself resource see girl open.'),
(44,72,1,7,'Comic Sans','Specific and significant build nice movie.'),
(44,72,1,8,'Verdana','Assume house hair live outside news.'),
(44,72,1,9,'Arial','Final administration network learn record cost.'),
(44,72,1,10,'Comic Sans','Subject big suggest reach issue involve.'),
(44,72,1,11,'Comic Sans','Point size bar financial fund.'),
(44,72,1,12,'Comic Sans','Really improve personal should able ok gas nor.'),
(44,72,1,13,'Arial','Particular probably short offer officer recognize glass.'),
(44,72,1,14,'Verdana','Including general drive score soldier attack.'),
(44,72,1,15,'Comic Sans','Interesting field sound article human military.'),
(44,72,1,16,'Comic Sans','Physical can same of child figure look.'),
(44,109,1,10,'Comic Sans','Woman interview use bag.'),
(44,109,1,11,'Verdana','Adult husband network bar.'),
(47,25,1,8,'Verdana','Put play force benefit commercial.'),
(47,25,1,9,'Comic Sans','Under inside person say big such.'),
(47,25,1,10,'Comic Sans','Arrive improve at six your feel.'),
(47,25,1,11,'Verdana','About else short month happen example.'),
(47,25,1,12,'Verdana','Property here mention around energy discussion open.'),
(47,25,1,13,'Verdana','Beat pretty more society go.'),
(47,25,1,14,'Arial','Lay bed American lead head.'),
(47,125,1,7,'Arial','Morning government option.'),
(47,125,1,8,'Verdana','Whole national student Congress rule.'),
(47,125,1,9,'Verdana','Song create close cut decide relationship.'),
(49,36,1,6,'Comic Sans','Condition fact structure.'),
(49,36,1,7,'Verdana','Father scientist interest include start clear.'),
(49,36,1,8,'Verdana','Cup whatever keep real create management create.'),
(49,36,1,9,'Verdana','Notice choice financial today.'),
(49,36,1,10,'Verdana','Cover nearly number structure.'),
(49,36,1,11,'Verdana','Down discuss follow lot.'),
(49,36,1,12,'Verdana','Paper discuss true pull economic commercial lot trade.'),
(49,36,1,13,'Comic Sans','Opportunity action discuss finally computer end discuss.'),
(49,36,1,14,'Arial','Total decade large trial actually case.'),
(49,79,1,10,'Comic Sans','Manager audience project.'),
(49,79,1,11,'Comic Sans','Main task every score own card small.'),
(49,79,1,12,'Verdana','Sell hard woman professor let describe only.'),
(49,79,1,13,'Arial','Material according something like argue.'),
(49,79,1,14,'Verdana','What cover conference common away stage trip.'),
(49,79,1,15,'Comic Sans','Form themselves deal realize within through.'),
(49,79,1,16,'Arial','Answer degree suddenly oil road prove.'),
(49,79,1,17,'Comic Sans','Fear effort audience bank to south.'),
(51,133,1,5,'Arial','Through home effect risk among court.'),
(51,133,1,6,'Verdana','Money dog best wonder leg fly.'),
(51,133,1,7,'Comic Sans','Worry experience edge long out figure.'),
(51,133,1,8,'Arial','Enter reach direction hospital should.'),
(51,133,1,9,'Arial','Image safe social possible.'),
(51,133,1,10,'Verdana','Win resource son.'),
(51,133,1,11,'Comic Sans','Mention discuss affect figure.'),
(51,133,1,12,'Comic Sans','Woman pull player.'),
(51,133,1,13,'Verdana','Amount door simply direction.'),
(53,47,1,7,'Arial','Son teach medical.'),
(53,47,1,8,'Arial','Run service cost idea prove American task.'),
(53,47,1,9,'Verdana','More which thus this experience peace.'),
(61,77,1,7,'Arial','Discover age choice sing before.'),
(61,77,1,8,'Comic Sans','Enter large find and tell law such oil.'),
(61,77,1,9,'Verdana','Interesting in sometimes dog none.'),
(61,77,1,10,'Comic Sans','Whole less hold view president.'),
(61,77,1,11,'Arial','Popular indicate realize reality one wear it.'),
(61,77,1,12,'Arial','Power career on.'),
(61,77,1,13,'Arial','Own image today memory tonight west.'),
(61,77,1,14,'Comic Sans','Production down class value fill.'),
(61,77,1,15,'Comic Sans','Yes news place.'),
(62,145,2,9,'Comic Sans','Leave respond five with.'),
(62,145,2,10,'Verdana','Property not whom southern.'),
(62,145,2,11,'Comic Sans','Tax two same anything.'),
(62,145,2,12,'Verdana','Difficult radio theory and week current threat capital.'),
(62,145,2,13,'Arial','Your human customer.'),
(62,145,2,14,'Comic Sans','Home discussion professor firm ever hospital discover.'),
(62,145,2,15,'Comic Sans','Thousand spend door number about image dog property.'),
(62,145,2,16,'Verdana','Method to government.'),
(74,72,1,3,'Verdana','Cell hope direction risk rather cell meet.'),
(74,72,1,4,'Arial','Control increase million statement market.'),
(74,72,1,5,'Comic Sans','Character remember painting experience decision pick.'),
(74,72,1,6,'Comic Sans','Science measure foot visit system medical.'),
(74,72,1,7,'Arial','Travel fact network probably table capital Republican.'),
(75,22,1,2,'Comic Sans','Kind mother enjoy system.'),
(76,103,1,6,'Arial','Defense very picture way member.'),
(76,103,1,7,'Verdana','Nearly treat nearly general.'),
(76,103,1,8,'Arial','General certainly event information peace.'),
(76,103,1,9,'Verdana','Hear suffer at religious challenge customer.'),
(76,103,1,10,'Arial','Color hospital add statement day for well.'),
(76,103,1,11,'Comic Sans','Especially carry hot successful.'),
(76,103,1,12,'Arial','Public weight agency easy.'),
(78,4,1,9,'Comic Sans','Staff politics go bad.'),
(78,4,1,10,'Verdana','Beyond they leave west standard note.'),
(78,4,1,11,'Arial','Fall writer join something trial.'),
(78,4,1,12,'Verdana','Class century point she north from.'),
(81,92,1,6,'Arial','Young himself bank direction continue around moment.'),
(81,92,1,7,'Verdana','Large recently close seat really.'),
(81,92,1,8,'Comic Sans','Project figure truth morning too could.'),
(81,92,1,9,'Arial','Then send offer.'),
(81,92,1,10,'Verdana','Management building enjoy because although feel son.'),
(81,92,1,11,'Verdana','Usually range south indicate.'),
(81,92,1,12,'Verdana','Local cup describe.'),
(82,73,1,5,'Arial','Anyone toward significant hour sing.'),
(82,73,1,6,'Arial','Commercial run close this turn.'),
(82,73,1,7,'Comic Sans','Late power low parent business quite just there.'),
(82,73,1,8,'Arial','Mr out industry system article model me miss.'),
(82,73,1,9,'Verdana','Issue huge bank history.'),
(82,73,1,10,'Arial','Talk radio democratic drug matter bar.'),
(83,8,1,11,'Arial','Such experience minute remember.'),
(83,8,1,12,'Verdana','Suddenly born rather check before record environment.'),
(83,8,1,13,'Verdana','Notice south way admit white fall attorney.'),
(83,8,1,14,'Verdana','Campaign think letter into.'),
(83,8,1,15,'Arial','Factor contain tonight color interview best begin.'),
(83,8,1,16,'Comic Sans','Somebody land hope truth popular trouble all expect.'),
(83,28,1,6,'Comic Sans','Old add money artist pick character.'),
(83,28,1,7,'Arial','Career professional should impact treat but.'),
(83,80,1,6,'Comic Sans','Hand must pay Democrat leave stock.'),
(83,80,1,7,'Comic Sans','May decide enough six above according soldier everybody.'),
(83,80,1,8,'Arial','Third nor similar line.'),
(83,80,1,9,'Arial','Thank five including.'),
(83,106,1,1,'Arial','Evening heavy already subject process view mission.'),
(83,106,1,2,'Arial','Go operation center public.'),
(83,106,1,3,'Arial','Dream ever today yeah price thousand usually.'),
(83,106,1,4,'Verdana','Oil region reach myself decide occur win.'),
(83,106,1,5,'Arial','Maybe hard main message simple agree.'),
(83,106,1,6,'Comic Sans','Organization leg piece reach security approach father.'),
(83,106,1,7,'Comic Sans','Debate pattern treat right.'),
(83,106,1,8,'Arial','Leg year second everybody cultural leg minute.'),
(86,2,1,7,'Arial','Race radio future music ten.'),
(86,2,1,8,'Comic Sans','Find southern affect worker agree.'),
(86,2,1,9,'Arial','Choice too election several pick remain about mouth.'),
(86,2,1,10,'Arial','That military doctor consider take form.'),
(86,2,1,11,'Arial','Agent crime allow collection.'),
(86,2,1,12,'Arial','Throughout simple whatever southern environment strong fill floor.'),
(86,2,1,13,'Comic Sans','Plant social field box.'),
(86,2,1,14,'Arial','Recognize with would cultural this person look.'),
(89,60,1,5,'Arial','True play these information government behavior.'),
(89,60,1,6,'Comic Sans','Seat scene run memory perhaps heavy sort.'),
(89,60,1,7,'Comic Sans','Benefit catch above reflect without explain.'),
(89,60,1,8,'Comic Sans','However identify none force catch place.'),
(89,60,1,9,'Verdana','While again white poor who.'),
(89,60,1,10,'Comic Sans','Sense everything five.'),
(89,60,1,11,'Verdana','Avoid big before poor worry.'),
(89,60,1,12,'Arial','Whatever attention bag operation assume.'),
(89,109,1,8,'Verdana','Look relate matter dinner loss.'),
(95,123,1,5,'Comic Sans','Sense technology short scientist but.'),
(95,123,1,6,'Arial','Crime large organization much many someone effect.'),
(95,123,1,7,'Arial','Question movement build early.'),
(95,123,1,8,'Comic Sans','Course job mother difficult.'),
(95,123,1,9,'Verdana','Itself cover economy personal inside conference serious.'),
(95,123,1,10,'Verdana','Soon institution above cover heart perhaps answer kitchen.'),
(95,123,1,11,'Verdana','As military pay less wear record remain.'),
(95,123,1,12,'Comic Sans','Son environmental camera modern act.'),
(95,123,1,13,'Verdana','Leader we course risk example meeting.'),
(95,123,1,14,'Verdana','Difference success would play trip manage.'),
(96,145,1,6,'Comic Sans','Like result television.'),
(96,145,1,7,'Verdana','Draw TV often reach.'),
(96,145,1,8,'Arial','Instead oil street nothing government hear instead.'),
(96,145,1,9,'Verdana','Reason quickly service keep head local wall.'),
(96,145,1,10,'Verdana','Middle effect product produce suggest action.'),
(96,145,1,11,'Comic Sans','Voice night it home benefit eye do seek.'),
(96,145,1,12,'Comic Sans','Investment everything network three late someone.'),
(97,42,1,1,'Comic Sans','Mention write hundred here hair west.'),
(97,42,1,2,'Verdana','Talk ground rule song decide kid partner.'),
(97,42,1,3,'Verdana','Class detail service old growth.'),
(97,42,1,4,'Comic Sans','Somebody day those tell strong then star time.'),
(97,42,1,5,'Arial','Leg movement suffer couple.'),
(97,42,1,6,'Comic Sans','Poor it see everyone to.'),
(97,42,1,7,'Arial','Write network difficult two data.'),
(102,97,1,4,'Arial','Four model forward crime account.'),
(102,97,1,5,'Verdana','Few cost boy agency draw sure.'),
(102,97,1,6,'Arial','Machine raise somebody style.'),
(104,57,1,5,'Arial','Mention allow kind whatever hour.'),
(104,57,1,6,'Verdana','College agreement out.'),
(104,57,1,7,'Verdana','What quickly today set option film.'),
(104,57,1,8,'Comic Sans','Particularly and talk have senior say.'),
(104,57,1,9,'Arial','Marriage find lawyer than line environmental prove.'),
(104,57,1,10,'Comic Sans','Happy those perform avoid read rise write.'),
(104,57,1,11,'Comic Sans','Scientist than tax trade.'),
(104,57,1,12,'Arial','Office fine may relate field.'),
(105,92,1,9,'Verdana','Cause world other need evidence shake.'),
(105,92,1,10,'Arial','Us throw police station with.'),
(105,92,1,11,'Arial','Thank visit vote student leader site learn anything.'),
(105,92,1,12,'Comic Sans','He answer really also.'),
(105,114,1,2,'Arial','Story from identify option.'),
(105,128,1,10,'Comic Sans','Letter I sort forget.'),
(105,128,1,11,'Verdana','North that sometimes to international voice.'),
(105,128,1,12,'Verdana','Approach view character continue write.'),
(105,128,1,13,'Verdana','Short base adult compare under.'),
(105,128,1,14,'Arial','Perform nice however leg.'),
(105,133,1,11,'Arial','Only chance science friend.'),
(105,133,1,12,'Arial','Drive wonder community walk best property view.'),
(105,133,1,13,'Comic Sans','Attention marriage book book structure.'),
(105,133,1,14,'Arial','Pass contain magazine stop anyone face information shake.'),
(105,133,1,15,'Arial','Type leave college color simple.'),
(105,133,1,16,'Arial','Across attention model through.'),
(105,133,1,17,'Arial','Language build protect product radio life.'),
(105,133,1,18,'Arial','Idea easy agency beat often unit allow.'),
(105,133,1,19,'Verdana','Serve care pull sure.'),
(105,133,1,20,'Verdana','Beautiful learn represent nation cost serious industry.'),
(107,91,1,5,'Verdana','Leader why we buy yard bring standard good.'),
(107,91,1,6,'Verdana','First part age clearly expect political explain.'),
(108,12,1,7,'Arial','Kind next between like professional seem test.'),
(108,41,1,8,'Arial','By television guess near goal when.'),
(108,41,1,9,'Comic Sans','Art trip college turn interview.'),
(108,41,1,10,'Arial','Ahead half character.'),
(108,41,1,11,'Arial','Of some produce face although by project.'),
(108,41,1,12,'Arial','Pm wind across imagine.'),
(108,41,1,13,'Comic Sans','Republican about buy forward reduce worker protect of.'),
(108,41,1,14,'Arial','Tree serve land real.'),
(108,41,1,15,'Verdana','Level age usually yourself manage money.'),
(109,60,1,8,'Verdana','Another risk anything kind help within your.'),
(109,60,1,9,'Verdana','Fast few avoid build bag.'),
(109,60,1,10,'Comic Sans','Century floor might small business PM fill all.'),
(109,60,1,11,'Arial','Pick significant finally tax camera.'),
(109,60,1,12,'Verdana','Commercial speak why base.'),
(109,60,1,13,'Comic Sans','Other tend concern new remain raise arm.'),
(109,60,1,14,'Arial','Story south evening close American prepare.'),
(109,60,1,15,'Comic Sans','Question evening decision hospital beyond seat arm occur.'),
(112,4,1,2,'Comic Sans','Her because social able.'),
(112,67,1,9,'Comic Sans','Bill trade someone night law cold develop.'),
(112,67,1,10,'Verdana','Instead agree Mr agency standard able.'),
(112,67,1,11,'Arial','Other health maybe season worker loss score.'),
(112,67,1,12,'Comic Sans','Fund political speak for detail adult.'),
(112,67,1,13,'Arial','Chair certain forget message nice method hit movie.'),
(112,67,1,14,'Comic Sans','International situation current us street.'),
(112,67,1,15,'Arial','Cause south investment big.'),
(113,49,1,4,'Verdana','Establish future south conference.'),
(113,49,1,5,'Arial','Admit much throughout because hotel through.'),
(113,49,1,6,'Arial','Voice away way news certain main part office.'),
(113,49,1,7,'Verdana','Human any sort note world.'),
(113,49,1,8,'Verdana','There most final more.'),
(113,49,1,9,'Arial','Already media budget perhaps cut perhaps music.'),
(113,49,1,10,'Comic Sans','Join test close challenge yeah difference agent effect.'),
(113,49,1,11,'Verdana','Suffer color financial.'),
(113,129,1,9,'Comic Sans','With able toward reflect recently year edge.'),
(113,129,1,10,'Comic Sans','Return field land keep.'),
(113,129,1,11,'Arial','Civil use charge game.'),
(113,129,1,12,'Comic Sans','Good break husband next.'),
(113,129,1,13,'Arial','Power respond enter realize own behind rate.'),
(113,129,1,14,'Arial','Believe again career represent inside conference woman.'),
(113,129,1,15,'Arial','Finish number week century read successful.'),
(113,129,1,16,'Verdana','College there trouble whole popular allow position.'),
(113,129,1,17,'Verdana','Difference trade go even tend technology country.'),
(113,129,1,18,'Comic Sans','Address north yard answer.'),
(114,104,1,10,'Arial','Bad race them could gas.'),
(114,104,1,11,'Verdana','Mention quality decision inside standard affect sure.'),
(114,104,1,12,'Arial','Relationship see race gas everything play interview.'),
(117,5,1,11,'Comic Sans','Mission throw six join.'),
(117,5,1,12,'Comic Sans','Degree field professional hospital letter style toward.'),
(117,96,1,6,'Arial','Century leg participant treatment.'),
(118,51,1,10,'Verdana','Reach cost everything green lawyer article.'),
(118,51,1,11,'Arial','Season too form reality culture.'),
(118,51,1,12,'Verdana','Focus create mother enjoy large even stage attack.'),
(118,51,1,13,'Comic Sans','Place few worry just.'),
(118,51,1,14,'Verdana','Now power think reveal edge general.'),
(118,51,1,15,'Comic Sans','Important cell personal.'),
(118,51,1,16,'Comic Sans','Our policy analysis media should choose high.'),
(118,110,1,1,'Arial','Ahead reason growth sometimes.'),
(118,110,1,2,'Comic Sans','Rise watch bed bar dog effect campaign.'),
(118,110,1,3,'Verdana','Spend today future enter such represent technology.'),
(118,118,1,7,'Comic Sans','Plant seven simple enough city risk.'),
(118,118,1,8,'Verdana','Accept edge act.'),
(118,118,1,9,'Verdana','Newspaper individual assume chair author conference.'),
(118,118,1,10,'Arial','Response quickly senior space parent.'),
(118,118,1,11,'Arial','Trade rule year hard.'),
(118,118,1,12,'Arial','Full air learn free all spend meeting.'),
(118,118,1,13,'Verdana','Sing ask get school.'),
(118,118,1,14,'Comic Sans','Language activity task high born city.'),
(118,118,1,15,'Comic Sans','Either I around clearly get rest and.'),
(118,118,1,16,'Comic Sans','That name skill simple.'),
(119,40,1,7,'Arial','Hit really small finish.'),
(119,40,1,8,'Comic Sans','Research wear TV decision paper.'),
(119,40,1,9,'Arial','Tell imagine vote realize protect eight.'),
(119,40,1,10,'Verdana','Sense wide election deal board.'),
(119,40,1,11,'Verdana','Just serious for protect edge.'),
(119,40,1,12,'Arial','Behind decide seem think answer time religious.'),
(119,40,1,13,'Verdana','Two friend politics allow economic certainly.'),
(119,40,1,14,'Arial','Most note agree treatment stand wrong its.'),
(119,40,1,15,'Arial','Herself series find left task.'),
(119,40,1,16,'Arial','Or campaign argue result risk.'),
(119,96,1,11,'Arial','Drug true your wrong.'),
(122,14,1,8,'Comic Sans','Young finish call network.'),
(122,14,1,9,'Verdana','Magazine result entire language cell cup.'),
(122,14,1,10,'Verdana','World respond far certain end Democrat finish eat.'),
(122,14,1,11,'Arial','Party themselves hear game.'),
(122,14,1,12,'Arial','Course course cause performance.'),
(122,14,1,13,'Arial','Collection air yard do leg.'),
(122,14,1,14,'Verdana','Table end car my whatever western poor.'),
(122,14,1,15,'Arial','Forget new college.'),
(122,14,1,16,'Verdana','Federal million soon write we me.'),
(122,14,1,17,'Comic Sans','Among share news.'),
(123,86,1,3,'Arial','Or conference consider control difficult line whom.'),
(123,86,1,4,'Verdana','Control environmental pattern.'),
(123,86,1,5,'Verdana','Report leader nearly draw expert decide better.'),
(123,86,1,6,'Arial','Room final let ok nearly develop somebody.'),
(123,86,1,7,'Comic Sans','Activity anyone herself many paper.'),
(123,86,1,8,'Comic Sans','Out alone sell.'),
(123,86,1,9,'Arial','Ever must seven old difficult pretty.'),
(126,139,1,4,'Comic Sans','Scientist whatever social democratic effect.'),
(126,139,1,5,'Verdana','Painting feeling spend look administration.'),
(126,139,1,6,'Arial','Enter approach only ready.'),
(126,139,1,7,'Verdana','Reason crime they sound step pressure.'),
(126,139,1,8,'Verdana','Feeling federal wide rest.'),
(126,139,1,9,'Arial','Special market people man state visit.'),
(126,139,1,10,'Comic Sans','Blood customer best believe choose stock even.'),
(126,139,1,11,'Arial','Enter image land story him feel.'),
(126,139,1,12,'Arial','Early camera others commercial always agency phone cost.'),
(126,139,1,13,'Arial','Recently easy medical baby.'),
(127,19,1,10,'Comic Sans','Professor probably understand mind law drive.'),
(127,19,1,11,'Comic Sans','Off they across catch.'),
(127,19,1,12,'Arial','Actually big look show enough stand sure learn.'),
(128,36,1,7,'Arial','Artist arrive policy.'),
(128,36,1,8,'Verdana','Really bit friend point never Republican memory various.'),
(128,36,1,9,'Arial','Or officer both brother toward challenge participant low.'),
(128,36,1,10,'Verdana','Growth once fund card popular.'),
(128,36,1,11,'Comic Sans','Card entire truth great fast others minute.'),
(128,36,1,12,'Arial','First low these amount foot charge history appear.'),
(130,105,1,7,'Verdana','Meet change road always.'),
(130,105,1,8,'Verdana','Result raise rest claim soldier.'),
(130,105,1,9,'Verdana','Sing wonder us practice military really too.'),
(130,105,1,10,'Comic Sans','Nearly matter because for world.'),
(130,105,1,11,'Comic Sans','Life become a weight face four.'),
(130,105,1,12,'Arial','Well cup by student order.'),
(130,105,1,13,'Comic Sans','Position travel wish player effect skin size.'),
(130,105,1,14,'Arial','Production trade simply involve effect general.'),
(130,105,1,15,'Comic Sans','Need hot thousand maybe seat.'),
(133,56,1,9,'Verdana','Citizen industry and week very their.'),
(133,56,1,10,'Arial','Health fly international outside.'),
(133,56,1,11,'Arial','Degree today accept goal prevent know early.'),
(133,56,1,12,'Verdana','Whether media newspaper kind stay.'),
(133,56,1,13,'Verdana','Draw century produce beautiful message bed.'),
(133,56,1,14,'Comic Sans','Finally before memory truth could join air.'),
(133,56,1,15,'Verdana','Without government raise current.'),
(133,56,1,16,'Arial','Defense in practice once.'),
(133,67,1,7,'Comic Sans','Now treat eat foot TV.'),
(133,67,1,8,'Comic Sans','Way network long commercial upon.'),
(133,67,1,9,'Arial','Special start would bar condition mouth voice.'),
(133,67,1,10,'Verdana','Important cover and raise brother get plan.'),
(133,67,1,11,'Comic Sans','Short despite sometimes coach above exist.'),
(133,67,1,12,'Arial','Part number try understand religious process.'),
(133,67,1,13,'Comic Sans','Maintain fight top political pay.'),
(133,67,1,14,'Verdana','Difficult begin human somebody economic.'),
(133,67,1,15,'Arial','Boy my subject.'),
(133,121,1,4,'Arial','Data claim clear almost any start.'),
(133,121,1,5,'Comic Sans','War per you put field must table.'),
(133,121,1,6,'Comic Sans','Wear level deal wide company.'),
(133,121,1,7,'Comic Sans','West provide sing economy amount seek.'),
(134,15,1,8,'Arial','Carry investment agreement hotel.'),
(134,15,1,9,'Verdana','Lose loss during prepare black explain cultural.'),
(134,15,1,10,'Arial','Maintain measure institution huge attention remember central.'),
(134,15,1,11,'Comic Sans','Recognize city girl single soldier between machine.'),
(134,15,1,12,'Comic Sans','Media media lot support tend difficult.'),
(134,114,1,5,'Verdana','Like realize that early.'),
(134,114,1,6,'Comic Sans','House action collection real else federal.'),
(134,114,1,7,'Verdana','What central word since land by fund college.'),
(134,114,1,8,'Comic Sans','Maintain western whatever left together clearly race.'),
(135,10,2,4,'Arial','Force feeling window firm notice believe.'),
(135,10,2,5,'Arial','Congress actually third decision sport simple whole.'),
(135,10,2,6,'Arial','Require up spend high sure.'),
(136,38,1,8,'Arial','Especially store kitchen administration determine as cell.'),
(136,38,1,9,'Arial','Boy answer when rest.'),
(136,38,1,10,'Verdana','Around perform allow account approach size especially exactly.'),
(136,38,1,11,'Arial','Toward trial TV.'),
(136,38,1,12,'Comic Sans','Environmental hit including traditional.'),
(136,38,1,13,'Comic Sans','Court various because standard.'),
(137,124,1,2,'Arial','Woman moment door project second office.'),
(138,3,1,1,'Verdana','Race shake change important common build.'),
(138,3,1,2,'Comic Sans','Class believe believe Mrs.'),
(138,3,1,3,'Verdana','Office be analysis blue.'),
(138,3,1,4,'Arial','Help animal work star open toward executive.'),
(138,3,1,5,'Verdana','Will instead next present.'),
(138,3,1,6,'Arial','Personal group item decade.'),
(138,3,1,7,'Comic Sans','When behind must strong room cold raise.'),
(138,3,1,8,'Arial','Budget establish mission between.'),
(138,3,1,9,'Comic Sans','Resource describe put night hand beyond benefit.'),
(138,15,1,7,'Arial','Fire want region system.'),
(138,15,1,8,'Arial','Story rock because arrive.'),
(138,15,1,9,'Arial','Tough that provide trouble mother born almost.'),
(138,15,1,10,'Verdana','Them magazine or eat provide.'),
(138,15,1,11,'Verdana','Process possible hour which anyone writer.'),
(138,15,1,12,'Arial','Remain test between wind condition information.'),
(138,15,1,13,'Arial','Sell shoulder per price father heart.'),
(140,84,2,2,'Verdana','Democrat wait sing create.'),
(143,87,1,3,'Comic Sans','Often event would perform focus her court learn.'),
(143,87,1,4,'Verdana','People either soldier prevent return general mission.'),
(143,87,1,5,'Arial','Real serve fast stand improve strong concern.'),
(143,87,1,6,'Verdana','Fall artist affect almost law the.'),
(143,87,1,7,'Verdana','Soldier effort land name me street heavy.'),
(143,87,1,8,'Verdana','Win need tell agency close hit.'),
(143,87,1,9,'Arial','Eat training near society.'),
(143,87,1,10,'Comic Sans','Project heart just summer blue over.'),
(143,87,1,11,'Comic Sans','Nearly result central support table method.'),
(143,87,1,12,'Arial','Charge seven term boy sport lot.'),
(144,8,1,3,'Arial','More democratic whatever huge.'),
(144,8,1,4,'Comic Sans','End star deep add anyone.'),
(144,8,1,5,'Comic Sans','Turn score take.'),
(144,8,1,6,'Comic Sans','Green full require change.'),
(144,8,1,7,'Verdana','Point instead owner magazine news majority part.'),
(144,8,1,8,'Comic Sans','Visit quickly threat door business.'),
(144,8,1,9,'Comic Sans','Free inside or service good professional official.'),
(144,8,1,10,'Verdana','Happen left statement little successful.'),
(144,8,1,11,'Verdana','Decision report training source.'),
(144,8,1,12,'Verdana','Capital doctor these play close less.'),
(145,103,1,3,'Verdana','Simply let more soldier respond.'),
(145,103,1,4,'Verdana','Sister we author my speech.'),
(145,103,1,5,'Comic Sans','What able hold election partner who.'),
(145,103,1,6,'Comic Sans','Style when personal which south.'),
(149,51,1,2,'Verdana','Enough born fight quality thing.'),
(149,51,1,3,'Comic Sans','Clear able table edge color.'),
(149,51,1,4,'Comic Sans','West mother Republican follow.');
/*!40000 ALTER TABLE `caption` ENABLE KEYS */;
UNLOCK TABLES;

--
-- Table structure for table `chat`
--

DROP TABLE IF EXISTS `chat`;
/*!40101 SET @saved_cs_client     = @@character_set_client */;
/*!40101 SET character_set_client = utf8mb4 */;
CREATE TABLE `chat` (
  `user_id` int(11) NOT NULL,
  `room_id` int(11) NOT NULL,
  `sent_order` int(11) NOT NULL,
  `message` text NOT NULL,
  PRIMARY KEY (`user_id`,`room_id`,`sent_order`),
  CONSTRAINT `chat_ibfk_1` FOREIGN KEY (`user_id`, `room_id`, `sent_order`) REFERENCES `content` (`user_id`, `room_id`, `sent_order`)
) ENGINE=InnoDB DEFAULT CHARSET=latin1 COLLATE=latin1_swedish_ci;
/*!40101 SET character_set_client = @saved_cs_client */;

--
-- Dumping data for table `chat`
--

LOCK TABLES `chat` WRITE;
/*!40000 ALTER TABLE `chat` DISABLE KEYS */;
INSERT INTO `chat` (`user_id`, `room_id`, `sent_order`, `message`) VALUES (1,117,1,'Because admit total truth.'),
(2,14,1,'Last across power now sing figure price good.'),
(2,83,1,'Color information eye game wear.'),
(2,83,2,'Break here part himself.'),
(3,95,1,'Mrs possible style street always hold natural computer.'),
(5,45,1,'Fast media place example specific herself turn generation.'),
(5,116,1,'Voice performance know.'),
(5,122,1,'Almost care party play.'),
(7,24,1,'Agency sport break run perform.'),
(7,82,1,'Entire even safe begin.'),
(10,106,2,'Popular religious wall think firm.'),
(10,127,1,'Also upon difficult season Congress manage professor respond.'),
(11,9,1,'Especially difficult newspaper similar.'),
(13,47,1,'Include develop drug hit seek poor important political.'),
(13,59,1,'Stuff produce physical significant carry worry.'),
(14,93,1,'Industry argue face ever his suddenly defense brother.'),
(14,149,1,'Officer enter door number structure prove current record.'),
(16,89,1,'Successful page step son player what.'),
(18,26,1,'Right western level card.'),
(18,44,1,'Decade role scientist in buy any official.'),
(18,123,1,'Relate attorney away group remember traditional.'),
(18,123,2,'Suggest morning worker knowledge value anything bit.'),
(19,96,1,'In senior knowledge service myself point.'),
(20,39,1,'Writer attorney ground Mrs plant serve while.'),
(21,95,1,'Oil forward happy some food.'),
(23,72,1,'Tough share rest couple.'),
(24,80,1,'Ever serve doctor represent.'),
(27,100,1,'Teach theory or help affect prepare.'),
(29,28,1,'Even approach physical within mouth take significant move.'),
(30,13,1,'Sister ability it truth among ball project fight.'),
(30,84,1,'Remember main cause child particularly citizen hear.'),
(30,129,1,'Seat cup news red.'),
(31,74,1,'National add play ten game.'),
(31,119,1,'Visit glass together our relate item.'),
(32,11,1,'Success small enjoy police keep scene.'),
(32,24,1,'Subject music bag maybe old who.'),
(32,111,1,'Study sister set half yes past memory.'),
(32,142,1,'Summer sure president fund.'),
(33,32,1,'Quality sort already entire.'),
(33,90,2,'Cut first tax major between that.'),
(33,144,1,'Use even five music.'),
(34,76,1,'Past million space dark rate job past.'),
(35,52,1,'Commercial spring peace drug.'),
(35,61,1,'Ability produce lawyer guess worker.'),
(36,78,1,'Bring somebody amount why country reveal.'),
(36,140,1,'Well affect special American.'),
(38,127,1,'Set water truth down together food.'),
(39,32,1,'Structure class community floor.'),
(39,66,1,'Heavy once would marriage event usually campaign.'),
(39,93,1,'Similar past opportunity believe director.'),
(39,139,1,'Spend responsibility study paper.'),
(40,5,1,'Social realize center section.'),
(43,100,1,'New pick how care.'),
(44,30,1,'Only window cause I.'),
(45,138,1,'Final such always hair remember letter word parent.'),
(46,46,1,'Should whole section ten arrive start.'),
(47,123,1,'Word factor hotel.'),
(47,127,1,'However standard work cause indeed near health produce.'),
(48,21,1,'Both adult north statement race.'),
(49,104,1,'Lead owner friend experience again issue over.'),
(50,6,1,'Stay skin fire cell especially huge.'),
(50,31,1,'Market pretty event during performance cup responsibility.'),
(50,67,1,'Tonight health wife.'),
(50,112,1,'Everyone like how provide range may.'),
(53,86,1,'Raise recently rest central arm order.'),
(55,10,1,'This build clear authority.'),
(55,73,1,'Surface measure do doctor former drug add.'),
(56,5,1,'Few send floor picture generation.'),
(56,82,1,'Here after say value.'),
(56,104,1,'War TV stuff foot hot today.'),
(56,113,1,'Week seat plan best former away camera.'),
(57,76,1,'Investment view police executive glass successful.'),
(57,137,1,'Smile effort throughout security sell court.'),
(57,138,1,'Physical simple center traditional provide camera play.'),
(59,102,1,'Necessary our true enjoy child none.'),
(59,140,1,'Development recently edge east so more data.'),
(61,35,1,'Positive mean camera Republican Mrs.'),
(61,133,1,'Baby such could catch rate perhaps song.'),
(62,145,1,'Else green response radio easy.'),
(65,132,1,'Air walk quite they center explain network.'),
(66,2,1,'Himself student ground coach because parent.'),
(71,49,1,'Like reality series late better.'),
(74,35,1,'Truth machine should role partner he.'),
(74,121,1,'Consider just response remain same draw.'),
(75,36,1,'Perhaps commercial minute than.'),
(76,97,1,'Know certain mention per available democratic.'),
(76,106,1,'Story spend stock Mrs.'),
(76,123,1,'Edge mouth production degree parent.'),
(76,145,1,'Way simply wear someone family contain play.'),
(77,19,1,'Goal east manage team coach service security.'),
(78,6,1,'Right few however wear task less it.'),
(78,11,1,'Either strategy free authority throw raise.'),
(79,52,1,'Lay couple none hundred.'),
(79,133,1,'Season and lay.'),
(80,123,1,'Fast group design test.'),
(81,93,1,'Yet better need room.'),
(81,127,1,'Least television at.'),
(82,41,1,'Pick key herself wall course inside forget.'),
(83,118,1,'Everything answer TV official product push.'),
(84,43,1,'Both follow reflect write health whole.'),
(84,56,1,'Discover build majority with.'),
(84,147,1,'Three project discuss.'),
(85,10,1,'Close body become chance.'),
(86,33,1,'Kid shoulder you job between.'),
(86,69,1,'By generation network.'),
(86,105,1,'Event student challenge.'),
(87,35,1,'Deal loss hand one technology list develop.'),
(87,75,1,'Along everything provide arrive TV center while.'),
(91,144,1,'Decade crime natural house stage understand.'),
(92,37,1,'Provide center learn song.'),
(93,61,1,'Kind everyone Mr outside.'),
(94,48,1,'Weight certainly modern grow.'),
(94,52,1,'Fast big whom fly.'),
(94,65,1,'Laugh threat large.'),
(94,115,1,'Usually hundred act bad popular.'),
(95,125,1,'Authority put kitchen shake choice.'),
(96,61,1,'Already fight maybe.'),
(96,149,1,'Movie system lawyer include power art.'),
(97,96,1,'Several financial reality enjoy.'),
(98,132,1,'Official sense manage.'),
(99,122,1,'Decision doctor life lot billion.'),
(99,134,1,'Support oil indeed land degree effort clear.'),
(100,94,1,'Opportunity several weight interview.'),
(100,105,1,'Main can maybe realize yard.'),
(101,34,1,'Democrat week source share respond second among.'),
(103,150,1,'It professor film might change.'),
(105,43,1,'Investment speech also he.'),
(106,80,1,'Action enjoy room adult cell character.'),
(107,135,1,'Form bag attack cultural accept official establish hair.'),
(108,67,1,'List suddenly above attack rise administration.'),
(109,87,1,'House professional glass southern region in true.'),
(109,92,1,'Material decade agreement think.'),
(109,92,2,'Responsibility life only movement change federal.'),
(110,132,1,'Pressure strong former organization minute that.'),
(111,30,1,'Suddenly small floor radio religious card many.'),
(111,49,1,'Significant check film hundred part less.'),
(112,12,1,'Generation think southern top.'),
(113,62,1,'Term throughout end kid so east sound open.'),
(114,4,1,'Smile responsibility water.'),
(114,136,1,'Range again each shake why interesting man we.'),
(115,94,1,'Forward sense chair lawyer likely boy.'),
(118,10,1,'Throw decade something program true statement outside.'),
(118,131,1,'Interest amount but fight ability join.'),
(121,52,1,'View even purpose protect water need increase.'),
(122,63,1,'Miss generation nor already thing seem.'),
(122,72,1,'Same actually federal within wall Democrat record skill.'),
(123,26,1,'Adult pressure traditional agent order.'),
(123,31,1,'Provide medical drug answer store future quickly.'),
(125,62,1,'Short item laugh personal national.'),
(126,149,1,'Reality couple mind policy develop child.'),
(128,95,1,'Ever author policy smile with card mind.'),
(128,126,1,'Matter season table type fine you.'),
(130,56,1,'What main newspaper table.'),
(130,72,1,'Public give such true.'),
(131,39,1,'Person pay present avoid message Mr.'),
(131,108,1,'Thousand contain now general.'),
(132,115,1,'Lot true keep eye quite energy save community.'),
(132,133,1,'Seven rest live fly grow last area popular.'),
(132,136,1,'Now dark beautiful see green vote upon beat.'),
(133,33,1,'Series case system song condition.'),
(133,117,1,'Everyone detail have short organization along director.'),
(134,118,1,'One artist think together space prevent.'),
(135,58,1,'Approach fear risk painting market.'),
(136,78,1,'Maintain event standard run impact build crime.'),
(136,114,1,'Another particularly may this shoulder morning civil.'),
(138,71,1,'Best offer federal real method stuff.'),
(138,124,1,'Husband individual consumer.'),
(138,141,1,'Address simple both film point machine save.'),
(139,78,2,'Decision professional although improve company can.'),
(140,84,1,'Laugh industry in build generation.'),
(141,2,1,'Home describe party.'),
(141,91,1,'Million ability sense hit experience.'),
(141,93,1,'Here fire door quality gas answer.'),
(144,2,1,'After network spend since you compare.'),
(144,26,1,'Matter policy not specific world.'),
(144,91,1,'Movement call medical behind yard door.'),
(144,143,1,'Century stuff that think career condition research answer.'),
(146,131,1,'With stay ok town usually might hotel.'),
(147,55,1,'Which tax manage glass foot interesting.'),
(147,94,1,'Economy consumer large there.'),
(148,19,1,'Mr there opportunity spend somebody plan glass city.'),
(148,56,1,'Win rock open piece middle.'),
(148,101,1,'Return behind each trouble risk see.'),
(148,114,1,'Should in drug explain mother light purpose.'),
(148,115,1,'Become soon standard set own.'),
(149,127,1,'Season election along threat night.');
/*!40000 ALTER TABLE `chat` ENABLE KEYS */;
UNLOCK TABLES;

--
-- Table structure for table `content`
--

DROP TABLE IF EXISTS `content`;
/*!40101 SET @saved_cs_client     = @@character_set_client */;
/*!40101 SET character_set_client = utf8mb4 */;
CREATE TABLE `content` (
  `user_id` int(11) NOT NULL,
  `room_id` int(11) NOT NULL,
  `sent_order` int(11) NOT NULL,
  `send_time` datetime NOT NULL,
  `is_exists` tinyint(4) NOT NULL,
  PRIMARY KEY (`user_id`,`room_id`,`sent_order`),
  KEY `room_id` (`room_id`),
  CONSTRAINT `content_ibfk_1` FOREIGN KEY (`user_id`) REFERENCES `user` (`user_id`),
  CONSTRAINT `content_ibfk_2` FOREIGN KEY (`room_id`) REFERENCES `room_chat` (`room_id`)
) ENGINE=InnoDB DEFAULT CHARSET=latin1 COLLATE=latin1_swedish_ci;
/*!40101 SET character_set_client = @saved_cs_client */;

--
-- Dumping data for table `content`
--

LOCK TABLES `content` WRITE;
/*!40000 ALTER TABLE `content` DISABLE KEYS */;
INSERT INTO `content` (`user_id`, `room_id`, `sent_order`, `send_time`, `is_exists`) VALUES (1,117,1,'2025-02-09 22:58:26',1),
(2,14,1,'2025-04-24 23:40:18',1),
(2,83,1,'2025-05-13 20:04:37',1),
(2,83,2,'2025-01-24 16:55:43',1),
(2,147,1,'2025-02-10 17:03:38',1),
(3,48,1,'2025-01-19 21:27:41',1),
(3,95,1,'2025-04-22 11:21:54',1),
(5,45,1,'2025-05-09 16:37:09',1),
(5,45,2,'2025-01-30 07:49:29',1),
(5,112,1,'2025-02-13 20:59:19',1),
(5,116,1,'2025-02-01 19:22:09',1),
(5,122,1,'2025-01-04 01:55:02',1),
(7,24,1,'2025-02-21 18:12:12',1),
(7,82,1,'2025-01-30 06:55:05',1),
(7,101,1,'2025-01-28 06:23:40',1),
(8,44,1,'2025-05-16 02:09:52',1),
(9,89,1,'2025-04-17 23:59:52',1),
(9,137,1,'2025-05-09 07:30:13',1),
(10,103,1,'2025-05-11 03:29:08',1),
(10,106,1,'2025-03-05 08:49:29',1),
(10,106,2,'2025-04-03 15:27:57',1),
(10,126,1,'2025-05-09 01:08:58',1),
(10,127,1,'2025-03-26 03:25:44',1),
(10,129,1,'2025-03-09 03:13:58',1),
(10,146,1,'2025-05-16 12:23:36',1),
(11,4,1,'2025-01-18 13:27:10',1),
(11,9,1,'2025-02-19 03:34:04',1),
(11,45,1,'2025-01-11 08:33:02',1),
(13,47,1,'2025-02-12 08:09:34',1),
(13,59,1,'2025-03-08 08:40:05',1),
(13,146,1,'2025-05-06 11:08:34',1),
(14,22,1,'2025-05-05 22:56:53',1),
(14,93,1,'2025-05-16 10:40:09',1),
(14,149,1,'2025-03-07 00:41:56',1),
(15,74,1,'2025-03-20 08:19:59',1),
(15,138,1,'2025-03-02 14:00:20',1),
(16,32,1,'2025-04-19 13:41:35',1),
(16,85,1,'2025-02-14 08:58:49',1),
(16,89,1,'2025-02-27 15:41:41',1),
(18,26,1,'2025-05-01 22:46:52',1),
(18,44,1,'2025-05-11 23:10:56',1),
(18,123,1,'2025-05-09 20:50:21',1),
(18,123,2,'2025-04-22 02:12:02',1),
(19,96,1,'2025-04-21 06:24:30',1),
(19,113,1,'2025-03-13 09:34:39',1),
(19,134,1,'2025-01-22 21:17:36',1),
(20,8,1,'2025-03-08 14:39:28',1),
(20,29,1,'2025-04-12 14:08:03',1),
(20,36,1,'2025-02-28 23:54:33',1),
(20,39,1,'2025-02-17 00:55:37',1),
(20,78,1,'2025-02-26 16:39:01',1),
(20,92,1,'2025-05-11 19:24:20',1),
(21,95,1,'2025-02-20 15:05:57',1),
(22,123,1,'2025-05-03 20:40:56',1),
(23,72,1,'2025-02-07 19:24:59',1),
(23,87,1,'2025-01-18 23:21:28',1),
(24,80,1,'2025-05-06 16:44:46',1),
(26,3,1,'2025-01-09 09:16:29',1),
(26,147,1,'2025-03-20 16:39:48',1),
(27,91,1,'2025-01-29 22:17:13',1),
(27,100,1,'2025-03-16 18:52:54',1),
(29,5,1,'2025-03-01 21:59:33',1),
(29,28,1,'2025-01-04 20:33:49',1),
(29,28,2,'2025-03-01 17:10:57',1),
(29,148,1,'2025-01-28 10:06:32',1),
(30,13,1,'2025-02-11 14:53:55',1),
(30,84,1,'2025-05-09 18:50:17',1),
(30,129,1,'2025-05-04 09:07:45',1),
(30,138,1,'2025-01-18 23:34:12',1),
(31,74,1,'2025-03-20 21:26:35',1),
(31,119,1,'2025-01-24 18:33:02',1),
(32,11,1,'2025-04-01 14:23:15',1),
(32,24,1,'2025-02-27 21:20:45',1),
(32,111,1,'2025-01-15 22:40:41',1),
(32,142,1,'2025-05-16 14:35:44',1),
(33,32,1,'2025-02-04 12:49:39',1),
(33,53,1,'2025-01-21 23:21:01',1),
(33,69,1,'2025-03-31 21:03:27',1),
(33,90,1,'2025-04-12 15:49:30',1),
(33,90,2,'2025-04-13 01:52:11',1),
(33,109,1,'2025-04-10 07:21:29',1),
(33,144,1,'2025-03-13 01:33:17',1),
(34,3,1,'2025-01-23 08:03:07',1),
(34,76,1,'2025-04-06 13:56:08',1),
(35,15,1,'2025-03-08 20:24:10',1),
(35,32,1,'2025-01-29 00:34:42',1),
(35,52,1,'2025-05-07 03:16:27',1),
(35,61,1,'2025-05-10 17:44:46',1),
(36,13,1,'2025-04-21 11:17:48',1),
(36,78,1,'2025-01-12 03:21:36',1),
(36,140,1,'2025-03-18 04:24:47',1),
(37,12,1,'2025-02-12 12:00:14',1),
(37,104,1,'2025-04-10 08:39:40',1),
(38,127,1,'2025-03-10 11:31:22',1),
(39,32,1,'2025-01-24 15:52:58',1),
(39,66,1,'2025-05-12 16:02:27',1),
(39,74,1,'2025-01-31 13:25:26',1),
(39,93,1,'2025-03-05 08:32:22',1),
(39,139,1,'2025-03-09 22:39:54',1),
(39,145,1,'2025-02-18 09:22:16',1),
(39,147,1,'2025-02-26 13:29:54',1),
(40,5,1,'2025-03-26 18:03:51',1),
(41,24,1,'2025-04-21 02:45:21',1),
(41,111,1,'2025-02-28 19:31:47',1),
(41,144,1,'2025-04-20 07:36:21',1),
(42,36,1,'2025-03-01 02:11:52',1),
(43,17,1,'2025-02-24 16:21:06',1),
(43,19,1,'2025-02-05 13:05:26',1),
(43,35,1,'2025-01-03 10:48:04',1),
(43,100,1,'2025-02-08 18:12:49',1),
(44,30,1,'2025-05-12 10:18:59',1),
(44,72,1,'2025-03-29 17:23:17',1),
(44,109,1,'2025-03-09 13:04:38',1),
(45,63,1,'2025-01-08 13:42:07',1),
(45,138,1,'2025-03-03 11:19:40',1),
(46,46,1,'2025-01-04 22:11:21',1),
(47,25,1,'2025-03-06 11:11:54',1),
(47,123,1,'2025-01-05 05:42:38',1),
(47,125,1,'2025-05-01 11:10:01',1),
(47,127,1,'2025-02-06 10:11:11',1),
(48,21,1,'2025-03-04 17:58:07',1),
(49,36,1,'2025-03-16 13:31:07',1),
(49,79,1,'2025-05-04 16:03:37',1),
(49,85,1,'2025-01-21 01:44:41',1),
(49,104,1,'2025-02-08 12:36:25',1),
(50,6,1,'2025-05-11 12:36:16',1),
(50,31,1,'2025-01-10 19:35:42',1),
(50,67,1,'2025-04-20 09:50:12',1),
(50,111,1,'2025-01-06 03:45:52',1),
(50,112,1,'2025-04-25 03:07:19',1),
(51,133,1,'2025-01-31 16:28:46',1),
(52,111,1,'2025-02-23 17:59:07',1),
(53,19,1,'2025-04-15 13:48:54',1),
(53,47,1,'2025-02-06 00:04:51',1),
(53,86,1,'2025-04-23 00:18:48',1),
(53,95,1,'2025-04-03 02:08:03',1),
(53,123,1,'2025-03-28 13:43:51',1),
(54,55,1,'2025-01-10 22:36:00',1),
(55,10,1,'2025-01-29 22:59:00',1),
(55,73,1,'2025-05-15 03:26:07',1),
(56,5,1,'2025-04-06 15:50:24',1),
(56,73,1,'2025-03-24 21:26:27',1),
(56,82,1,'2025-05-08 21:28:14',1),
(56,104,1,'2025-02-12 06:19:24',1),
(56,113,1,'2025-01-31 19:03:42',1),
(57,76,1,'2025-03-18 10:26:10',1),
(57,137,1,'2025-04-21 07:27:52',1),
(57,138,1,'2025-04-01 22:38:41',1),
(58,118,1,'2025-02-08 23:26:57',1),
(59,102,1,'2025-02-27 05:23:57',1),
(59,126,1,'2025-01-01 09:50:23',1),
(59,140,1,'2025-01-18 16:06:02',1),
(60,25,1,'2025-02-20 13:28:04',1),
(60,144,1,'2025-04-01 01:16:38',1),
(61,35,1,'2025-05-16 16:14:34',1),
(61,77,1,'2025-04-17 11:36:14',1),
(61,133,1,'2025-01-01 02:19:00',1),
(62,145,1,'2025-01-11 02:23:55',1),
(62,145,2,'2025-04-27 01:24:27',1),
(63,102,1,'2025-02-01 14:49:56',1),
(63,131,1,'2025-02-25 09:40:50',1),
(64,121,1,'2025-03-15 03:05:45',1),
(65,132,1,'2025-05-11 03:01:12',1),
(66,2,1,'2025-02-14 17:30:31',1),
(69,104,1,'2025-03-07 23:04:48',1),
(71,49,1,'2025-05-16 07:43:09',1),
(74,35,1,'2025-01-20 08:51:44',1),
(74,71,1,'2025-02-08 05:22:33',1),
(74,72,1,'2025-02-27 19:56:26',1),
(74,77,1,'2025-02-11 07:32:30',1),
(74,121,1,'2025-01-16 23:37:41',1),
(75,22,1,'2025-01-09 07:02:05',1),
(75,36,1,'2025-03-06 02:21:59',1),
(76,40,1,'2025-01-21 17:31:07',1),
(76,85,1,'2025-01-30 14:41:30',1),
(76,97,1,'2025-03-25 14:40:31',1),
(76,103,1,'2025-02-06 07:26:13',1),
(76,106,1,'2025-03-16 17:00:34',1),
(76,123,1,'2025-04-12 17:35:17',1),
(76,145,1,'2025-03-03 12:10:38',1),
(77,19,1,'2025-04-14 13:21:36',1),
(77,93,1,'2025-01-11 21:15:52',1),
(78,4,1,'2025-01-01 22:18:54',1),
(78,6,1,'2025-02-06 09:45:32',1),
(78,11,1,'2025-02-22 06:48:30',1),
(78,42,1,'2025-01-28 06:26:38',1),
(78,88,1,'2025-03-30 12:42:08',1),
(79,52,1,'2025-04-08 14:49:10',1),
(79,133,1,'2025-04-19 07:45:21',1),
(80,99,1,'2025-03-16 00:27:44',1),
(80,123,1,'2025-03-26 11:50:06',1),
(81,53,1,'2025-01-21 17:35:06',1),
(81,92,1,'2025-02-25 01:39:44',1),
(81,93,1,'2025-05-16 16:26:46',1),
(81,127,1,'2025-02-02 12:36:08',1),
(82,41,1,'2025-03-31 23:31:43',1),
(82,73,1,'2025-01-09 14:50:12',1),
(83,8,1,'2025-03-07 23:13:17',1),
(83,28,1,'2025-02-17 01:35:12',1),
(83,80,1,'2025-02-07 06:15:51',1),
(83,106,1,'2025-05-11 03:39:26',1),
(83,118,1,'2025-01-13 09:12:50',1),
(84,43,1,'2025-02-06 15:00:15',1),
(84,56,1,'2025-04-30 14:08:41',1),
(84,60,1,'2025-04-14 09:39:03',1),
(84,147,1,'2025-01-30 00:37:06',1),
(85,10,1,'2025-04-17 10:14:48',1),
(86,2,1,'2025-05-06 00:37:53',1),
(86,33,1,'2025-05-12 04:26:56',1),
(86,69,1,'2025-03-23 08:17:16',1),
(86,105,1,'2025-03-05 10:11:13',1),
(87,35,1,'2025-01-01 15:01:43',1),
(87,75,1,'2025-03-06 17:01:45',1),
(88,61,1,'2025-03-13 22:08:15',1),
(89,60,1,'2025-03-18 15:40:57',1),
(89,109,1,'2025-02-11 07:45:07',1),
(89,133,1,'2025-02-06 01:35:47',1),
(91,6,1,'2025-02-05 22:43:16',1),
(91,10,1,'2025-04-05 00:30:37',1),
(91,144,1,'2025-02-04 19:04:22',1),
(92,37,1,'2025-01-02 16:52:17',1),
(92,62,1,'2025-04-14 11:33:16',1),
(92,134,1,'2025-02-04 01:32:20',1),
(93,8,1,'2025-02-09 21:09:48',1),
(93,61,1,'2025-02-16 07:51:09',1),
(94,48,1,'2025-01-09 22:47:20',1),
(94,52,1,'2025-05-15 06:38:55',1),
(94,65,1,'2025-04-24 20:41:34',1),
(94,115,1,'2025-05-11 20:27:41',1),
(95,123,1,'2025-04-23 09:21:06',1),
(95,125,1,'2025-02-08 07:03:55',1),
(95,149,1,'2025-01-04 17:01:45',1),
(96,61,1,'2025-02-12 23:02:03',1),
(96,145,1,'2025-03-06 12:19:42',1),
(96,149,1,'2025-03-01 02:13:53',1),
(97,33,1,'2025-04-02 23:26:30',1),
(97,42,1,'2025-02-12 18:33:07',1),
(97,96,1,'2025-03-13 16:56:42',1),
(98,57,1,'2025-04-18 18:01:29',1),
(98,124,1,'2025-03-17 13:09:46',1),
(98,132,1,'2025-02-04 23:56:53',1),
(99,122,1,'2025-03-27 12:28:30',1),
(99,134,1,'2025-05-02 01:39:05',1),
(100,94,1,'2025-05-11 15:31:19',1),
(100,105,1,'2025-01-05 13:42:43',1),
(101,34,1,'2025-02-11 13:20:50',1),
(101,120,1,'2025-04-03 19:25:58',1),
(101,148,1,'2025-02-22 09:06:04',1),
(102,57,1,'2025-01-20 09:56:04',1),
(102,97,1,'2025-05-14 05:36:09',1),
(103,150,1,'2025-05-10 19:49:34',1),
(104,7,1,'2025-01-23 06:01:44',1),
(104,57,1,'2025-05-03 17:07:21',1),
(105,43,1,'2025-01-15 01:21:25',1),
(105,92,1,'2025-04-06 05:45:12',1),
(105,114,1,'2025-04-04 21:04:36',1),
(105,128,1,'2025-01-29 19:08:10',1),
(105,133,1,'2025-04-27 02:29:07',1),
(106,74,1,'2025-03-01 07:53:41',1),
(106,80,1,'2025-04-22 16:09:27',1),
(106,92,1,'2025-01-28 14:17:17',1),
(107,91,1,'2025-05-04 04:23:55',1),
(107,135,1,'2025-01-20 03:04:20',1),
(107,141,1,'2025-05-01 02:23:41',1),
(108,12,1,'2025-03-27 03:00:12',1),
(108,22,1,'2025-04-18 03:43:24',1),
(108,41,1,'2025-03-31 11:13:52',1),
(108,67,1,'2025-03-13 15:09:16',1),
(108,125,1,'2025-01-09 09:38:20',1),
(109,60,1,'2025-02-16 15:53:20',1),
(109,79,1,'2025-02-24 14:07:51',1),
(109,87,1,'2025-02-07 23:50:02',1),
(109,92,1,'2025-01-08 14:44:06',1),
(109,92,2,'2025-02-09 22:36:09',1),
(110,132,1,'2025-04-11 05:45:51',1),
(111,30,1,'2025-02-14 05:25:03',1),
(111,49,1,'2025-01-16 07:18:43',1),
(112,4,1,'2025-03-17 00:17:20',1),
(112,12,1,'2025-01-02 17:54:39',1),
(112,53,1,'2025-01-28 18:16:20',1),
(112,67,1,'2025-04-16 23:20:44',1),
(113,49,1,'2025-03-08 22:40:18',1),
(113,62,1,'2025-01-02 12:47:43',1),
(113,110,1,'2025-04-16 14:40:28',1),
(113,129,1,'2025-04-24 12:50:51',1),
(114,4,1,'2025-02-18 12:15:06',1),
(114,11,1,'2025-03-29 22:43:48',1),
(114,91,1,'2025-05-06 01:57:19',1),
(114,104,1,'2025-03-26 10:28:07',1),
(114,136,1,'2025-01-17 05:52:12',1),
(115,94,1,'2025-02-16 13:38:14',1),
(116,138,1,'2025-03-16 15:38:37',1),
(117,5,1,'2025-01-04 08:53:28',1),
(117,46,1,'2025-02-02 19:17:39',1),
(117,96,1,'2025-02-17 01:20:10',1),
(118,4,1,'2025-04-23 06:47:19',1),
(118,10,1,'2025-01-29 12:53:09',1),
(118,51,1,'2025-01-17 17:51:28',1),
(118,81,1,'2025-01-03 00:18:25',1),
(118,105,1,'2025-03-24 21:37:46',1),
(118,110,1,'2025-05-12 08:35:09',1),
(118,118,1,'2025-03-18 09:52:59',1),
(118,131,1,'2025-05-14 02:13:57',1),
(119,9,1,'2025-03-18 00:07:57',1),
(119,40,1,'2025-04-01 20:20:21',1),
(119,96,1,'2025-03-18 15:44:41',1),
(120,130,1,'2025-05-07 17:19:15',1),
(121,5,1,'2025-04-06 08:42:04',1),
(121,52,1,'2025-03-01 16:02:15',1),
(121,150,1,'2025-01-13 06:39:19',1),
(122,14,1,'2025-02-02 07:25:04',1),
(122,63,1,'2025-05-10 08:22:34',1),
(122,72,1,'2025-02-19 04:52:22',1),
(123,26,1,'2025-03-31 23:11:50',1),
(123,31,1,'2025-03-25 01:52:18',1),
(123,86,1,'2025-05-11 00:30:17',1),
(125,62,1,'2025-02-03 19:13:51',1),
(125,150,1,'2025-01-14 05:52:57',1),
(126,120,1,'2025-05-12 06:49:47',1),
(126,139,1,'2025-01-28 15:20:30',1),
(126,149,1,'2025-04-05 04:17:56',1),
(127,19,1,'2025-03-26 13:14:02',1),
(127,32,1,'2025-01-20 08:53:06',1),
(127,105,1,'2025-01-07 23:18:02',1),
(128,36,1,'2025-02-10 07:38:34',1),
(128,95,1,'2025-01-12 20:29:25',1),
(128,126,1,'2025-04-30 14:34:06',1),
(130,38,1,'2025-01-15 07:26:29',1),
(130,56,1,'2025-05-01 08:41:56',1),
(130,72,1,'2025-04-20 02:16:54',1),
(130,105,1,'2025-05-15 03:26:31',1),
(131,39,1,'2025-05-16 17:21:43',1),
(131,108,1,'2025-01-01 06:59:11',1),
(131,131,1,'2025-03-16 16:26:08',1),
(132,115,1,'2025-01-02 22:26:06',1),
(132,133,1,'2025-01-27 04:54:06',1),
(132,135,1,'2025-04-20 04:37:06',1),
(132,136,1,'2025-05-05 14:35:44',1),
(133,33,1,'2025-03-29 19:32:03',1),
(133,52,1,'2025-05-15 06:23:29',1),
(133,56,1,'2025-01-01 06:19:46',1),
(133,67,1,'2025-04-20 22:27:06',1),
(133,117,1,'2025-03-21 17:37:16',1),
(133,121,1,'2025-01-22 04:44:13',1),
(134,15,1,'2025-03-08 13:18:26',1),
(134,114,1,'2025-05-03 13:14:33',1),
(134,118,1,'2025-01-12 17:09:25',1),
(135,10,1,'2025-04-01 23:57:12',1),
(135,10,2,'2025-03-11 23:37:15',1),
(135,58,1,'2025-03-01 03:37:34',1),
(136,38,1,'2025-02-18 17:25:20',1),
(136,78,1,'2025-04-28 04:04:13',1),
(136,114,1,'2025-03-31 13:29:16',1),
(136,120,1,'2025-02-13 17:39:23',1),
(137,52,1,'2025-04-12 20:50:34',1),
(137,124,1,'2025-01-26 09:06:09',1),
(138,3,1,'2025-03-01 09:37:33',1),
(138,15,1,'2025-03-19 19:50:06',1),
(138,71,1,'2025-04-26 08:48:07',1),
(138,124,1,'2025-03-29 04:20:44',1),
(138,141,1,'2025-03-13 15:10:04',1),
(139,78,1,'2025-04-24 21:06:37',1),
(139,78,2,'2025-02-03 22:44:04',1),
(140,84,1,'2025-01-09 23:40:07',1),
(140,84,2,'2025-01-17 20:55:50',1),
(140,118,1,'2025-03-05 04:53:16',1),
(141,2,1,'2025-02-01 09:39:59',1),
(141,91,1,'2025-05-05 09:03:32',1),
(141,93,1,'2025-02-18 07:00:34',1),
(142,12,1,'2025-03-20 19:06:36',1),
(142,56,1,'2025-04-05 21:51:45',1),
(142,144,1,'2025-02-09 13:27:42',1),
(143,87,1,'2025-02-27 04:21:07',1),
(144,2,1,'2025-03-27 13:55:37',1),
(144,8,1,'2025-04-25 16:50:54',1),
(144,26,1,'2025-02-14 17:09:55',1),
(144,81,1,'2025-05-10 10:46:01',1),
(144,91,1,'2025-04-25 13:56:43',1),
(144,104,1,'2025-03-18 19:23:38',1),
(144,129,1,'2025-01-28 11:16:55',1),
(144,143,1,'2025-01-01 19:33:45',1),
(145,103,1,'2025-04-04 22:14:43',1),
(146,37,1,'2025-01-25 05:13:45',1),
(146,131,1,'2025-02-05 05:09:47',1),
(147,53,1,'2025-01-15 05:39:09',1),
(147,55,1,'2025-05-07 03:50:41',1),
(147,85,1,'2025-05-02 19:03:50',1),
(147,94,1,'2025-05-02 08:11:57',1),
(147,96,1,'2025-05-07 15:00:51',1),
(148,19,1,'2025-04-06 18:04:22',1),
(148,56,1,'2025-02-21 13:44:27',1),
(148,101,1,'2025-03-26 06:55:21',1),
(148,114,1,'2025-01-06 18:41:33',1),
(148,115,1,'2025-04-22 13:48:44',1),
(149,51,1,'2025-03-14 00:47:14',1),
(149,111,1,'2025-05-08 20:19:50',1),
(149,127,1,'2025-04-09 23:49:31',1),
(150,6,1,'2025-02-05 02:00:08',1),
(150,42,1,'2025-01-05 18:53:11',1),
(150,71,1,'2025-02-01 19:03:10',1);
/*!40000 ALTER TABLE `content` ENABLE KEYS */;
UNLOCK TABLES;

--
-- Table structure for table `friend`
--

DROP TABLE IF EXISTS `friend`;
/*!40101 SET @saved_cs_client     = @@character_set_client */;
/*!40101 SET character_set_client = utf8mb4 */;
CREATE TABLE `friend` (
  `user_id` int(11) NOT NULL,
  `friend_id` int(11) NOT NULL,
  `start_date` date NOT NULL,
  `streak` int(11) DEFAULT 0,
  PRIMARY KEY (`user_id`,`friend_id`),
  KEY `friend_id` (`friend_id`),
  CONSTRAINT `friend_ibfk_1` FOREIGN KEY (`user_id`) REFERENCES `user` (`user_id`),
  CONSTRAINT `friend_ibfk_2` FOREIGN KEY (`friend_id`) REFERENCES `user` (`user_id`)
) ENGINE=InnoDB DEFAULT CHARSET=latin1 COLLATE=latin1_swedish_ci;
/*!40101 SET character_set_client = @saved_cs_client */;

--
-- Dumping data for table `friend`
--

LOCK TABLES `friend` WRITE;
/*!40000 ALTER TABLE `friend` DISABLE KEYS */;
INSERT INTO `friend` (`user_id`, `friend_id`, `start_date`, `streak`) VALUES (1,18,'2025-03-25',8),
(1,25,'2025-02-11',97),
(2,68,'2025-05-12',4),
(2,80,'2025-02-23',93),
(2,84,'2025-04-15',39),
(2,136,'2025-02-06',49),
(2,146,'2025-01-15',67),
(3,5,'2025-03-15',69),
(3,16,'2025-04-07',40),
(3,25,'2025-04-03',100),
(3,91,'2025-03-07',41),
(3,96,'2025-02-06',49),
(3,141,'2025-02-12',62),
(4,26,'2025-01-23',13),
(4,89,'2025-02-14',14),
(4,92,'2025-02-27',25),
(4,119,'2025-02-15',44),
(5,3,'2025-03-15',69),
(5,66,'2025-02-09',44),
(5,119,'2025-01-26',23),
(5,143,'2025-04-22',43),
(6,53,'2025-01-27',2),
(6,60,'2025-03-01',21),
(6,102,'2025-04-02',88),
(6,115,'2025-01-09',57),
(6,121,'2025-04-07',66),
(7,41,'2025-02-28',11),
(8,13,'2025-03-17',97),
(8,21,'2025-01-04',76),
(8,50,'2025-01-03',85),
(8,62,'2025-05-08',90),
(9,18,'2025-03-30',74),
(9,97,'2025-04-26',21),
(9,112,'2025-02-27',87),
(9,142,'2025-05-07',28),
(10,66,'2025-04-25',47),
(10,99,'2025-01-19',34),
(10,128,'2025-03-03',7),
(11,58,'2025-04-01',65),
(11,97,'2025-02-26',38),
(11,123,'2025-02-24',0),
(11,139,'2025-03-12',66),
(12,23,'2025-02-08',75),
(12,54,'2025-01-17',54),
(12,115,'2025-03-28',23),
(12,125,'2025-04-30',60),
(12,128,'2025-01-27',87),
(12,142,'2025-01-24',39),
(13,8,'2025-03-17',97),
(13,20,'2025-03-29',85),
(13,33,'2025-04-14',97),
(13,72,'2025-01-21',36),
(13,98,'2025-04-23',39),
(13,113,'2025-02-17',49),
(15,65,'2025-05-14',7),
(15,68,'2025-02-15',39),
(15,107,'2025-03-29',7),
(15,126,'2025-01-13',1),
(15,130,'2025-01-06',9),
(16,3,'2025-04-07',40),
(16,95,'2025-01-20',44),
(16,126,'2025-01-22',1),
(16,130,'2025-01-15',36),
(17,58,'2025-01-25',48),
(17,76,'2025-02-03',83),
(17,83,'2025-05-04',36),
(17,107,'2025-01-27',17),
(17,135,'2025-03-06',7),
(17,144,'2025-03-23',46),
(18,1,'2025-03-25',8),
(18,9,'2025-03-30',74),
(18,26,'2025-01-02',64),
(18,43,'2025-05-02',85),
(18,89,'2025-04-12',56),
(18,114,'2025-04-01',47),
(19,40,'2025-05-10',56),
(19,65,'2025-05-01',14),
(19,106,'2025-02-06',20),
(19,115,'2025-01-01',20),
(19,137,'2025-04-07',75),
(19,140,'2025-01-04',96),
(20,13,'2025-03-29',85),
(20,52,'2025-01-20',20),
(20,147,'2025-01-08',96),
(21,8,'2025-01-04',76),
(21,109,'2025-02-09',95),
(23,12,'2025-02-08',75),
(23,47,'2025-01-16',13),
(23,110,'2025-03-23',3),
(23,126,'2025-02-11',47),
(24,27,'2025-03-21',53),
(24,86,'2025-03-07',43),
(24,100,'2025-03-13',59),
(25,1,'2025-02-11',97),
(25,3,'2025-04-03',100),
(25,64,'2025-03-27',7),
(25,84,'2025-05-01',11),
(26,4,'2025-01-23',13),
(26,18,'2025-01-02',64),
(26,27,'2025-04-09',6),
(26,51,'2025-04-20',66),
(26,93,'2025-04-24',79),
(26,135,'2025-04-07',70),
(27,24,'2025-03-21',53),
(27,26,'2025-04-09',6),
(27,66,'2025-02-05',9),
(27,99,'2025-04-01',57),
(27,120,'2025-04-26',52),
(27,131,'2025-01-18',17),
(28,45,'2025-03-08',84),
(28,101,'2025-01-15',83),
(29,46,'2025-01-29',26),
(29,83,'2025-02-09',54),
(29,96,'2025-02-21',85),
(30,51,'2025-03-27',6),
(30,58,'2025-04-18',73),
(31,46,'2025-01-25',90),
(32,45,'2025-03-17',62),
(32,75,'2025-04-18',6),
(32,101,'2025-04-19',97),
(32,147,'2025-03-11',75),
(33,13,'2025-04-14',97),
(33,40,'2025-02-20',67),
(33,65,'2025-03-04',49),
(33,67,'2025-04-01',38),
(33,106,'2025-03-12',47),
(33,142,'2025-02-09',72),
(34,44,'2025-01-09',15),
(34,45,'2025-04-01',82),
(34,65,'2025-04-04',72),
(34,86,'2025-01-18',54),
(34,94,'2025-05-09',57),
(35,57,'2025-04-23',51),
(35,113,'2025-01-22',59),
(35,134,'2025-02-20',98),
(36,48,'2025-04-07',25),
(36,92,'2025-01-22',36),
(36,115,'2025-04-02',71),
(37,142,'2025-01-17',90),
(38,41,'2025-05-13',70),
(38,95,'2025-02-05',54),
(38,126,'2025-04-28',48),
(38,143,'2025-01-16',63),
(38,146,'2025-01-20',96),
(39,44,'2025-05-03',93),
(39,91,'2025-04-24',37),
(39,118,'2025-04-16',7),
(40,19,'2025-05-10',56),
(40,33,'2025-02-20',67),
(40,44,'2025-04-11',13),
(40,63,'2025-03-14',13),
(41,7,'2025-02-28',11),
(41,38,'2025-05-13',70),
(41,79,'2025-03-31',4),
(41,93,'2025-02-24',91),
(42,96,'2025-02-06',57),
(43,18,'2025-05-02',85),
(43,132,'2025-02-11',88),
(43,138,'2025-01-14',80),
(44,34,'2025-01-09',15),
(44,39,'2025-05-03',93),
(44,40,'2025-04-11',13),
(44,91,'2025-03-22',72),
(44,114,'2025-01-24',92),
(44,128,'2025-03-22',19),
(44,130,'2025-03-02',24),
(44,150,'2025-05-04',23),
(45,28,'2025-03-08',84),
(45,32,'2025-03-17',62),
(45,34,'2025-04-01',82),
(45,58,'2025-04-08',29),
(45,62,'2025-05-15',78),
(45,69,'2025-01-09',91),
(45,125,'2025-02-09',31),
(46,29,'2025-01-29',26),
(46,31,'2025-01-25',90),
(46,48,'2025-05-12',32),
(46,79,'2025-02-15',70),
(47,23,'2025-01-16',13),
(47,117,'2025-01-09',53),
(48,36,'2025-04-07',25),
(48,46,'2025-05-12',32),
(48,101,'2025-05-08',31),
(48,106,'2025-02-22',83),
(48,121,'2025-01-19',44),
(48,145,'2025-02-15',4),
(48,146,'2025-01-17',43),
(49,84,'2025-03-16',32),
(50,8,'2025-01-03',85),
(50,53,'2025-01-22',82),
(50,65,'2025-04-28',96),
(50,98,'2025-03-18',58),
(51,26,'2025-04-20',66),
(51,30,'2025-03-27',6),
(51,79,'2025-04-20',46),
(51,131,'2025-03-03',58),
(52,20,'2025-01-20',20),
(52,96,'2025-05-10',8),
(53,6,'2025-01-27',2),
(53,50,'2025-01-22',82),
(53,62,'2025-05-12',46),
(53,80,'2025-05-09',91),
(53,103,'2025-04-27',13),
(54,12,'2025-01-17',54),
(54,131,'2025-02-27',67),
(55,69,'2025-03-05',51),
(56,59,'2025-03-20',0),
(56,62,'2025-04-14',96),
(56,67,'2025-03-02',60),
(56,73,'2025-03-15',54),
(56,87,'2025-05-10',48),
(56,118,'2025-04-14',29),
(57,35,'2025-04-23',51),
(57,94,'2025-05-04',3),
(57,139,'2025-03-24',31),
(58,11,'2025-04-01',65),
(58,17,'2025-01-25',48),
(58,30,'2025-04-18',73),
(58,45,'2025-04-08',29),
(58,81,'2025-02-02',17),
(58,84,'2025-02-02',28),
(58,113,'2025-04-10',95),
(58,119,'2025-04-19',5),
(59,56,'2025-03-20',0),
(59,102,'2025-05-02',96),
(60,6,'2025-03-01',21),
(60,111,'2025-05-12',94),
(60,114,'2025-01-30',72),
(60,146,'2025-01-23',51),
(61,120,'2025-02-10',71),
(62,8,'2025-05-08',90),
(62,45,'2025-05-15',78),
(62,53,'2025-05-12',46),
(62,56,'2025-04-14',96),
(62,94,'2025-04-21',30),
(62,113,'2025-01-13',4),
(62,134,'2025-04-22',94),
(62,135,'2025-02-15',0),
(62,142,'2025-03-08',11),
(63,40,'2025-03-14',13),
(64,25,'2025-03-27',7),
(64,103,'2025-01-13',4),
(64,122,'2025-03-27',68),
(65,15,'2025-05-14',7),
(65,19,'2025-05-01',14),
(65,33,'2025-03-04',49),
(65,34,'2025-04-04',72),
(65,50,'2025-04-28',96),
(65,69,'2025-04-30',56),
(65,106,'2025-02-27',21),
(66,5,'2025-02-09',44),
(66,10,'2025-04-25',47),
(66,27,'2025-02-05',9),
(66,81,'2025-01-01',93),
(66,107,'2025-02-05',44),
(66,126,'2025-02-21',19),
(67,33,'2025-04-01',38),
(67,56,'2025-03-02',60),
(67,122,'2025-03-01',70),
(67,124,'2025-02-18',98),
(67,126,'2025-03-05',82),
(67,149,'2025-02-08',66),
(68,2,'2025-05-12',4),
(68,15,'2025-02-15',39),
(68,78,'2025-03-09',56),
(68,128,'2025-01-02',78),
(69,45,'2025-01-09',91),
(69,55,'2025-03-05',51),
(69,65,'2025-04-30',56),
(69,106,'2025-02-19',66),
(69,112,'2025-01-24',27),
(69,124,'2025-02-05',95),
(69,126,'2025-02-11',67),
(69,145,'2025-02-09',59),
(70,76,'2025-03-29',68),
(70,86,'2025-03-22',42),
(70,114,'2025-01-31',93),
(70,118,'2025-01-26',8),
(70,121,'2025-01-02',18),
(70,122,'2025-04-12',100),
(70,127,'2025-03-21',99),
(70,145,'2025-04-09',19),
(70,150,'2025-03-23',51),
(71,79,'2025-04-01',25),
(72,13,'2025-01-21',36),
(72,111,'2025-04-20',64),
(73,56,'2025-03-15',54),
(73,86,'2025-05-01',91),
(74,117,'2025-03-28',42),
(74,122,'2025-03-04',7),
(74,140,'2025-03-27',12),
(75,32,'2025-04-18',6),
(75,76,'2025-03-23',85),
(75,106,'2025-04-24',88),
(76,17,'2025-02-03',83),
(76,70,'2025-03-29',68),
(76,75,'2025-03-23',85),
(76,124,'2025-01-07',92),
(77,93,'2025-01-19',52),
(77,97,'2025-04-17',96),
(77,113,'2025-01-24',52),
(78,68,'2025-03-09',56),
(78,86,'2025-03-20',67),
(78,126,'2025-02-15',58),
(79,41,'2025-03-31',4),
(79,46,'2025-02-15',70),
(79,51,'2025-04-20',46),
(79,71,'2025-04-01',25),
(79,119,'2025-03-17',64),
(79,121,'2025-02-14',0),
(79,140,'2025-03-22',93),
(79,148,'2025-03-28',78),
(80,2,'2025-02-23',93),
(80,53,'2025-05-09',91),
(80,86,'2025-04-13',16),
(80,89,'2025-01-11',26),
(80,117,'2025-01-20',34),
(80,142,'2025-04-30',0),
(80,145,'2025-04-13',19),
(81,58,'2025-02-02',17),
(81,66,'2025-01-01',93),
(81,129,'2025-03-03',1),
(82,140,'2025-05-07',9),
(83,17,'2025-05-04',36),
(83,29,'2025-02-09',54),
(83,136,'2025-02-26',32),
(83,137,'2025-01-12',51),
(84,2,'2025-04-15',39),
(84,25,'2025-05-01',11),
(84,49,'2025-03-16',32),
(84,58,'2025-02-02',28),
(84,131,'2025-02-24',75),
(85,99,'2025-04-07',90),
(86,24,'2025-03-07',43),
(86,34,'2025-01-18',54),
(86,70,'2025-03-22',42),
(86,73,'2025-05-01',91),
(86,78,'2025-03-20',67),
(86,80,'2025-04-13',16),
(86,136,'2025-03-01',30),
(87,56,'2025-05-10',48),
(87,113,'2025-01-23',15),
(87,124,'2025-02-10',23),
(87,125,'2025-02-06',13),
(87,131,'2025-03-23',2),
(89,4,'2025-02-14',14),
(89,18,'2025-04-12',56),
(89,80,'2025-01-11',26),
(89,93,'2025-02-23',83),
(91,3,'2025-03-07',41),
(91,39,'2025-04-24',37),
(91,44,'2025-03-22',72),
(91,105,'2025-02-01',62),
(91,116,'2025-02-08',74),
(92,4,'2025-02-27',25),
(92,36,'2025-01-22',36),
(92,97,'2025-01-30',52),
(92,137,'2025-04-14',40),
(93,26,'2025-04-24',79),
(93,41,'2025-02-24',91),
(93,77,'2025-01-19',52),
(93,89,'2025-02-23',83),
(94,34,'2025-05-09',57),
(94,57,'2025-05-04',3),
(94,62,'2025-04-21',30),
(95,16,'2025-01-20',44),
(95,38,'2025-02-05',54),
(95,99,'2025-03-11',81),
(95,130,'2025-02-17',26),
(96,3,'2025-02-06',49),
(96,29,'2025-02-21',85),
(96,42,'2025-02-06',57),
(96,52,'2025-05-10',8),
(97,9,'2025-04-26',21),
(97,11,'2025-02-26',38),
(97,77,'2025-04-17',96),
(97,92,'2025-01-30',52),
(98,13,'2025-04-23',39),
(98,50,'2025-03-18',58),
(98,118,'2025-03-12',77),
(98,128,'2025-02-04',94),
(99,10,'2025-01-19',34),
(99,27,'2025-04-01',57),
(99,85,'2025-04-07',90),
(99,95,'2025-03-11',81),
(99,118,'2025-04-28',27),
(100,24,'2025-03-13',59),
(100,142,'2025-03-08',54),
(101,28,'2025-01-15',83),
(101,32,'2025-04-19',97),
(101,48,'2025-05-08',31),
(101,116,'2025-01-23',23),
(102,6,'2025-04-02',88),
(102,59,'2025-05-02',96),
(103,53,'2025-04-27',13),
(103,64,'2025-01-13',4),
(103,133,'2025-02-14',6),
(104,131,'2025-03-03',62),
(105,91,'2025-02-01',62),
(105,141,'2025-01-14',12),
(105,145,'2025-02-05',80),
(106,19,'2025-02-06',20),
(106,33,'2025-03-12',47),
(106,48,'2025-02-22',83),
(106,65,'2025-02-27',21),
(106,69,'2025-02-19',66),
(106,75,'2025-04-24',88),
(107,15,'2025-03-29',7),
(107,17,'2025-01-27',17),
(107,66,'2025-02-05',44),
(108,132,'2025-01-05',45),
(108,142,'2025-01-15',90),
(109,21,'2025-02-09',95),
(110,23,'2025-03-23',3),
(110,112,'2025-01-05',58),
(111,60,'2025-05-12',94),
(111,72,'2025-04-20',64),
(111,133,'2025-04-05',60),
(112,9,'2025-02-27',87),
(112,69,'2025-01-24',27),
(112,110,'2025-01-05',58),
(113,13,'2025-02-17',49),
(113,35,'2025-01-22',59),
(113,58,'2025-04-10',95),
(113,62,'2025-01-13',4),
(113,77,'2025-01-24',52),
(113,87,'2025-01-23',15),
(113,131,'2025-02-12',15),
(114,18,'2025-04-01',47),
(114,44,'2025-01-24',92),
(114,60,'2025-01-30',72),
(114,70,'2025-01-31',93),
(114,116,'2025-01-12',77),
(114,122,'2025-05-03',55),
(115,6,'2025-01-09',57),
(115,12,'2025-03-28',23),
(115,19,'2025-01-01',20),
(115,36,'2025-04-02',71),
(115,125,'2025-01-14',94),
(115,131,'2025-03-15',39),
(116,91,'2025-02-08',74),
(116,101,'2025-01-23',23),
(116,114,'2025-01-12',77),
(116,144,'2025-02-12',83),
(117,47,'2025-01-09',53),
(117,74,'2025-03-28',42),
(117,80,'2025-01-20',34),
(118,39,'2025-04-16',7),
(118,56,'2025-04-14',29),
(118,70,'2025-01-26',8),
(118,98,'2025-03-12',77),
(118,99,'2025-04-28',27),
(118,119,'2025-03-28',94),
(118,142,'2025-04-30',10),
(118,144,'2025-05-09',54),
(118,149,'2025-01-09',79),
(119,4,'2025-02-15',44),
(119,5,'2025-01-26',23),
(119,58,'2025-04-19',5),
(119,79,'2025-03-17',64),
(119,118,'2025-03-28',94),
(119,150,'2025-02-06',89),
(120,27,'2025-04-26',52),
(120,61,'2025-02-10',71),
(120,125,'2025-03-30',23),
(120,140,'2025-03-16',98),
(121,6,'2025-04-07',66),
(121,48,'2025-01-19',44),
(121,70,'2025-01-02',18),
(121,79,'2025-02-14',0),
(122,64,'2025-03-27',68),
(122,67,'2025-03-01',70),
(122,70,'2025-04-12',100),
(122,74,'2025-03-04',7),
(122,114,'2025-05-03',55),
(122,140,'2025-02-06',13),
(123,11,'2025-02-24',0),
(123,148,'2025-04-25',7),
(123,149,'2025-01-03',79),
(124,67,'2025-02-18',98),
(124,69,'2025-02-05',95),
(124,76,'2025-01-07',92),
(124,87,'2025-02-10',23),
(125,12,'2025-04-30',60),
(125,45,'2025-02-09',31),
(125,87,'2025-02-06',13),
(125,115,'2025-01-14',94),
(125,120,'2025-03-30',23),
(126,15,'2025-01-13',1),
(126,16,'2025-01-22',1),
(126,23,'2025-02-11',47),
(126,38,'2025-04-28',48),
(126,66,'2025-02-21',19),
(126,67,'2025-03-05',82),
(126,69,'2025-02-11',67),
(126,78,'2025-02-15',58),
(126,130,'2025-01-18',41),
(126,134,'2025-02-05',0),
(127,70,'2025-03-21',99),
(127,138,'2025-01-08',72),
(128,10,'2025-03-03',7),
(128,12,'2025-01-27',87),
(128,44,'2025-03-22',19),
(128,68,'2025-01-02',78),
(128,98,'2025-02-04',94),
(128,141,'2025-01-22',19),
(129,81,'2025-03-03',1),
(130,15,'2025-01-06',9),
(130,16,'2025-01-15',36),
(130,44,'2025-03-02',24),
(130,95,'2025-02-17',26),
(130,126,'2025-01-18',41),
(131,27,'2025-01-18',17),
(131,51,'2025-03-03',58),
(131,54,'2025-02-27',67),
(131,84,'2025-02-24',75),
(131,87,'2025-03-23',2),
(131,104,'2025-03-03',62),
(131,113,'2025-02-12',15),
(131,115,'2025-03-15',39),
(132,43,'2025-02-11',88),
(132,108,'2025-01-05',45),
(133,103,'2025-02-14',6),
(133,111,'2025-04-05',60),
(134,35,'2025-02-20',98),
(134,62,'2025-04-22',94),
(134,126,'2025-02-05',0),
(135,17,'2025-03-06',7),
(135,26,'2025-04-07',70),
(135,62,'2025-02-15',0),
(135,142,'2025-03-26',26),
(136,2,'2025-02-06',49),
(136,83,'2025-02-26',32),
(136,86,'2025-03-01',30),
(136,147,'2025-02-03',40),
(137,19,'2025-04-07',75),
(137,83,'2025-01-12',51),
(137,92,'2025-04-14',40),
(138,43,'2025-01-14',80),
(138,127,'2025-01-08',72),
(139,11,'2025-03-12',66),
(139,57,'2025-03-24',31),
(140,19,'2025-01-04',96),
(140,74,'2025-03-27',12),
(140,79,'2025-03-22',93),
(140,82,'2025-05-07',9),
(140,120,'2025-03-16',98),
(140,122,'2025-02-06',13),
(141,3,'2025-02-12',62),
(141,105,'2025-01-14',12),
(141,128,'2025-01-22',19),
(142,9,'2025-05-07',28),
(142,12,'2025-01-24',39),
(142,33,'2025-02-09',72),
(142,37,'2025-01-17',90),
(142,62,'2025-03-08',11),
(142,80,'2025-04-30',0),
(142,100,'2025-03-08',54),
(142,108,'2025-01-15',90),
(142,118,'2025-04-30',10),
(142,135,'2025-03-26',26),
(143,5,'2025-04-22',43),
(143,38,'2025-01-16',63),
(144,17,'2025-03-23',46),
(144,116,'2025-02-12',83),
(144,118,'2025-05-09',54),
(145,48,'2025-02-15',4),
(145,69,'2025-02-09',59),
(145,70,'2025-04-09',19),
(145,80,'2025-04-13',19),
(145,105,'2025-02-05',80),
(146,2,'2025-01-15',67),
(146,38,'2025-01-20',96),
(146,48,'2025-01-17',43),
(146,60,'2025-01-23',51),
(146,149,'2025-04-09',75),
(147,20,'2025-01-08',96),
(147,32,'2025-03-11',75),
(147,136,'2025-02-03',40),
(148,79,'2025-03-28',78),
(148,123,'2025-04-25',7),
(149,67,'2025-02-08',66),
(149,118,'2025-01-09',79),
(149,123,'2025-01-03',79),
(149,146,'2025-04-09',75),
(150,44,'2025-05-04',23),
(150,70,'2025-03-23',51),
(150,119,'2025-02-06',89);
/*!40000 ALTER TABLE `friend` ENABLE KEYS */;
UNLOCK TABLES;

--
-- Table structure for table `image`
--

DROP TABLE IF EXISTS `image`;
/*!40101 SET @saved_cs_client     = @@character_set_client */;
/*!40101 SET character_set_client = utf8mb4 */;
CREATE TABLE `image` (
  `user_id` int(11) NOT NULL,
  `room_id` int(11) NOT NULL,
  `sent_order` int(11) NOT NULL,
  `addon_idx` int(11) NOT NULL,
  `name` varchar(255) NOT NULL,
  PRIMARY KEY (`user_id`,`room_id`,`sent_order`,`addon_idx`),
  CONSTRAINT `image_ibfk_1` FOREIGN KEY (`user_id`, `room_id`, `sent_order`, `addon_idx`) REFERENCES `add_on` (`user_id`, `room_id`, `sent_order`, `addon_idx`)
) ENGINE=InnoDB DEFAULT CHARSET=latin1 COLLATE=latin1_swedish_ci;
/*!40101 SET character_set_client = @saved_cs_client */;

--
-- Dumping data for table `image`
--

LOCK TABLES `image` WRITE;
/*!40000 ALTER TABLE `image` DISABLE KEYS */;
INSERT INTO `image` (`user_id`, `room_id`, `sent_order`, `addon_idx`, `name`) VALUES (2,147,1,1,'image_286.jpg'),
(2,147,1,2,'image_286.jpg'),
(2,147,1,3,'image_286.jpg'),
(2,147,1,4,'image_286.jpg'),
(2,147,1,5,'image_286.jpg'),
(2,147,1,6,'image_286.jpg'),
(5,45,2,1,'image_329.jpg'),
(5,45,2,2,'image_329.jpg'),
(5,45,2,3,'image_329.jpg'),
(5,45,2,4,'image_329.jpg'),
(8,44,1,1,'image_167.jpg'),
(8,44,1,2,'image_167.jpg'),
(8,44,1,3,'image_167.jpg'),
(8,44,1,4,'image_167.jpg'),
(10,126,1,1,'image_97.jpg'),
(10,126,1,2,'image_97.jpg'),
(10,126,1,3,'image_97.jpg'),
(10,126,1,4,'image_97.jpg'),
(10,146,1,1,'image_123.jpg'),
(10,146,1,2,'image_123.jpg'),
(10,146,1,3,'image_123.jpg'),
(10,146,1,4,'image_123.jpg'),
(10,146,1,5,'image_123.jpg'),
(10,146,1,6,'image_123.jpg'),
(11,4,1,1,'image_389.jpg'),
(11,4,1,2,'image_389.jpg'),
(11,4,1,3,'image_389.jpg'),
(11,4,1,4,'image_389.jpg'),
(11,45,1,1,'image_270.jpg'),
(11,45,1,2,'image_270.jpg'),
(11,45,1,3,'image_270.jpg'),
(11,45,1,4,'image_270.jpg'),
(13,146,1,1,'image_378.jpg'),
(13,146,1,2,'image_378.jpg'),
(13,146,1,3,'image_378.jpg'),
(13,146,1,4,'image_378.jpg'),
(13,146,1,5,'image_378.jpg'),
(13,146,1,6,'image_378.jpg'),
(13,146,1,7,'image_378.jpg'),
(13,146,1,8,'image_378.jpg'),
(20,36,1,1,'image_210.jpg'),
(20,36,1,2,'image_210.jpg'),
(20,36,1,3,'image_210.jpg'),
(20,36,1,4,'image_210.jpg'),
(20,36,1,5,'image_210.jpg'),
(20,36,1,6,'image_210.jpg'),
(20,78,1,1,'image_245.jpg'),
(20,78,1,2,'image_245.jpg'),
(20,78,1,3,'image_245.jpg'),
(20,78,1,4,'image_245.jpg'),
(20,78,1,5,'image_245.jpg'),
(20,78,1,6,'image_245.jpg'),
(20,78,1,7,'image_245.jpg'),
(20,78,1,8,'image_245.jpg'),
(23,87,1,1,'image_25.jpg'),
(23,87,1,2,'image_25.jpg'),
(23,87,1,3,'image_25.jpg'),
(23,87,1,4,'image_25.jpg'),
(23,87,1,5,'image_25.jpg'),
(23,87,1,6,'image_25.jpg'),
(26,3,1,1,'image_324.jpg'),
(26,3,1,2,'image_324.jpg'),
(26,3,1,3,'image_324.jpg'),
(26,3,1,4,'image_324.jpg'),
(26,3,1,5,'image_324.jpg'),
(26,147,1,1,'image_186.jpg'),
(26,147,1,2,'image_186.jpg'),
(26,147,1,3,'image_186.jpg'),
(27,91,1,1,'image_67.jpg'),
(27,91,1,2,'image_67.jpg'),
(30,138,1,1,'image_386.jpg'),
(35,32,1,1,'image_351.jpg'),
(35,32,1,2,'image_351.jpg'),
(35,32,1,3,'image_351.jpg'),
(37,12,1,1,'image_394.jpg'),
(37,12,1,2,'image_394.jpg'),
(37,12,1,3,'image_394.jpg'),
(37,12,1,4,'image_394.jpg'),
(37,12,1,5,'image_394.jpg'),
(37,12,1,6,'image_394.jpg'),
(37,12,1,7,'image_394.jpg'),
(37,12,1,8,'image_394.jpg'),
(37,12,1,9,'image_394.jpg'),
(37,104,1,1,'image_330.jpg'),
(37,104,1,2,'image_330.jpg'),
(37,104,1,3,'image_330.jpg'),
(37,104,1,4,'image_330.jpg'),
(39,145,1,1,'image_334.jpg'),
(39,145,1,2,'image_334.jpg'),
(39,145,1,3,'image_334.jpg'),
(39,145,1,4,'image_334.jpg'),
(39,145,1,5,'image_334.jpg'),
(39,147,1,1,'image_43.jpg'),
(41,144,1,1,'image_312.jpg'),
(41,144,1,2,'image_312.jpg'),
(41,144,1,3,'image_312.jpg'),
(41,144,1,4,'image_312.jpg'),
(42,36,1,1,'image_40.jpg'),
(43,17,1,1,'image_125.jpg'),
(43,17,1,2,'image_125.jpg'),
(43,17,1,3,'image_125.jpg'),
(43,17,1,4,'image_125.jpg'),
(43,17,1,5,'image_125.jpg'),
(43,17,1,6,'image_125.jpg'),
(43,19,1,1,'image_10.jpg'),
(43,19,1,2,'image_10.jpg'),
(43,19,1,3,'image_10.jpg'),
(43,19,1,4,'image_10.jpg'),
(43,19,1,5,'image_10.jpg'),
(44,72,1,1,'image_46.jpg'),
(44,72,1,2,'image_46.jpg'),
(44,72,1,3,'image_46.jpg'),
(44,72,1,4,'image_46.jpg'),
(44,72,1,5,'image_46.jpg'),
(44,72,1,6,'image_46.jpg'),
(44,109,1,1,'image_283.jpg'),
(44,109,1,2,'image_283.jpg'),
(44,109,1,3,'image_283.jpg'),
(44,109,1,4,'image_283.jpg'),
(44,109,1,5,'image_283.jpg'),
(44,109,1,6,'image_283.jpg'),
(44,109,1,7,'image_283.jpg'),
(44,109,1,8,'image_283.jpg'),
(44,109,1,9,'image_283.jpg'),
(47,25,1,1,'image_19.jpg'),
(47,25,1,2,'image_19.jpg'),
(47,25,1,3,'image_19.jpg'),
(47,25,1,4,'image_19.jpg'),
(47,25,1,5,'image_19.jpg'),
(47,25,1,6,'image_19.jpg'),
(47,25,1,7,'image_19.jpg'),
(47,125,1,1,'image_361.jpg'),
(47,125,1,2,'image_361.jpg'),
(47,125,1,3,'image_361.jpg'),
(47,125,1,4,'image_361.jpg'),
(47,125,1,5,'image_361.jpg'),
(47,125,1,6,'image_361.jpg'),
(49,36,1,1,'image_307.jpg'),
(49,36,1,2,'image_307.jpg'),
(49,36,1,3,'image_307.jpg'),
(49,36,1,4,'image_307.jpg'),
(49,36,1,5,'image_307.jpg'),
(49,79,1,1,'image_119.jpg'),
(49,79,1,2,'image_119.jpg'),
(49,79,1,3,'image_119.jpg'),
(49,79,1,4,'image_119.jpg'),
(49,79,1,5,'image_119.jpg'),
(49,79,1,6,'image_119.jpg'),
(49,79,1,7,'image_119.jpg'),
(49,79,1,8,'image_119.jpg'),
(49,79,1,9,'image_119.jpg'),
(49,85,1,1,'image_127.jpg'),
(49,85,1,2,'image_127.jpg'),
(49,85,1,3,'image_127.jpg'),
(49,85,1,4,'image_127.jpg'),
(51,133,1,1,'image_175.jpg'),
(51,133,1,2,'image_175.jpg'),
(51,133,1,3,'image_175.jpg'),
(51,133,1,4,'image_175.jpg'),
(53,47,1,1,'image_176.jpg'),
(53,47,1,2,'image_176.jpg'),
(53,47,1,3,'image_176.jpg'),
(53,47,1,4,'image_176.jpg'),
(53,47,1,5,'image_176.jpg'),
(53,47,1,6,'image_176.jpg'),
(53,123,1,1,'image_309.jpg'),
(53,123,1,2,'image_309.jpg'),
(53,123,1,3,'image_309.jpg'),
(53,123,1,4,'image_309.jpg'),
(53,123,1,5,'image_309.jpg'),
(53,123,1,6,'image_309.jpg'),
(53,123,1,7,'image_309.jpg'),
(53,123,1,8,'image_309.jpg'),
(53,123,1,9,'image_309.jpg'),
(53,123,1,10,'image_309.jpg'),
(61,77,1,1,'image_138.jpg'),
(61,77,1,2,'image_138.jpg'),
(61,77,1,3,'image_138.jpg'),
(61,77,1,4,'image_138.jpg'),
(61,77,1,5,'image_138.jpg'),
(61,77,1,6,'image_138.jpg'),
(62,145,2,1,'image_275.jpg'),
(62,145,2,2,'image_275.jpg'),
(62,145,2,3,'image_275.jpg'),
(62,145,2,4,'image_275.jpg'),
(62,145,2,5,'image_275.jpg'),
(62,145,2,6,'image_275.jpg'),
(62,145,2,7,'image_275.jpg'),
(62,145,2,8,'image_275.jpg'),
(69,104,1,1,'image_159.jpg'),
(69,104,1,2,'image_159.jpg'),
(69,104,1,3,'image_159.jpg'),
(69,104,1,4,'image_159.jpg'),
(69,104,1,5,'image_159.jpg'),
(69,104,1,6,'image_159.jpg'),
(69,104,1,7,'image_159.jpg'),
(74,72,1,1,'image_339.jpg'),
(74,72,1,2,'image_339.jpg'),
(75,22,1,1,'image_2.jpg'),
(76,103,1,1,'image_250.jpg'),
(76,103,1,2,'image_250.jpg'),
(76,103,1,3,'image_250.jpg'),
(76,103,1,4,'image_250.jpg'),
(76,103,1,5,'image_250.jpg'),
(78,4,1,1,'image_107.jpg'),
(78,4,1,2,'image_107.jpg'),
(78,4,1,3,'image_107.jpg'),
(78,4,1,4,'image_107.jpg'),
(78,4,1,5,'image_107.jpg'),
(78,4,1,6,'image_107.jpg'),
(78,4,1,7,'image_107.jpg'),
(78,4,1,8,'image_107.jpg'),
(81,92,1,1,'image_234.jpg'),
(81,92,1,2,'image_234.jpg'),
(81,92,1,3,'image_234.jpg'),
(81,92,1,4,'image_234.jpg'),
(81,92,1,5,'image_234.jpg'),
(82,73,1,1,'image_313.jpg'),
(82,73,1,2,'image_313.jpg'),
(82,73,1,3,'image_313.jpg'),
(82,73,1,4,'image_313.jpg'),
(83,8,1,1,'image_168.jpg'),
(83,8,1,2,'image_168.jpg'),
(83,8,1,3,'image_168.jpg'),
(83,8,1,4,'image_168.jpg'),
(83,8,1,5,'image_168.jpg'),
(83,8,1,6,'image_168.jpg'),
(83,8,1,7,'image_168.jpg'),
(83,8,1,8,'image_168.jpg'),
(83,8,1,9,'image_168.jpg'),
(83,8,1,10,'image_168.jpg'),
(83,28,1,1,'image_226.jpg'),
(83,28,1,2,'image_226.jpg'),
(83,28,1,3,'image_226.jpg'),
(83,28,1,4,'image_226.jpg'),
(83,28,1,5,'image_226.jpg'),
(83,80,1,1,'image_198.jpg'),
(83,80,1,2,'image_198.jpg'),
(83,80,1,3,'image_198.jpg'),
(83,80,1,4,'image_198.jpg'),
(83,80,1,5,'image_198.jpg'),
(86,2,1,1,'image_371.jpg'),
(86,2,1,2,'image_371.jpg'),
(86,2,1,3,'image_371.jpg'),
(86,2,1,4,'image_371.jpg'),
(86,2,1,5,'image_371.jpg'),
(86,2,1,6,'image_371.jpg'),
(89,60,1,1,'image_220.jpg'),
(89,60,1,2,'image_220.jpg'),
(89,60,1,3,'image_220.jpg'),
(89,60,1,4,'image_220.jpg'),
(89,109,1,1,'image_321.jpg'),
(89,109,1,2,'image_321.jpg'),
(89,109,1,3,'image_321.jpg'),
(89,109,1,4,'image_321.jpg'),
(89,109,1,5,'image_321.jpg'),
(89,109,1,6,'image_321.jpg'),
(89,109,1,7,'image_321.jpg'),
(95,123,1,1,'image_370.jpg'),
(95,123,1,2,'image_370.jpg'),
(95,123,1,3,'image_370.jpg'),
(95,123,1,4,'image_370.jpg'),
(96,145,1,1,'image_64.jpg'),
(96,145,1,2,'image_64.jpg'),
(96,145,1,3,'image_64.jpg'),
(96,145,1,4,'image_64.jpg'),
(96,145,1,5,'image_64.jpg'),
(102,97,1,1,'image_191.jpg'),
(102,97,1,2,'image_191.jpg'),
(102,97,1,3,'image_191.jpg'),
(104,57,1,1,'image_181.jpg'),
(104,57,1,2,'image_181.jpg'),
(104,57,1,3,'image_181.jpg'),
(104,57,1,4,'image_181.jpg'),
(105,92,1,1,'image_208.jpg'),
(105,92,1,2,'image_208.jpg'),
(105,92,1,3,'image_208.jpg'),
(105,92,1,4,'image_208.jpg'),
(105,92,1,5,'image_208.jpg'),
(105,92,1,6,'image_208.jpg'),
(105,92,1,7,'image_208.jpg'),
(105,92,1,8,'image_208.jpg'),
(105,114,1,1,'image_262.jpg'),
(105,128,1,1,'image_291.jpg'),
(105,128,1,2,'image_291.jpg'),
(105,128,1,3,'image_291.jpg'),
(105,128,1,4,'image_291.jpg'),
(105,128,1,5,'image_291.jpg'),
(105,128,1,6,'image_291.jpg'),
(105,128,1,7,'image_291.jpg'),
(105,128,1,8,'image_291.jpg'),
(105,128,1,9,'image_291.jpg'),
(105,133,1,1,'image_193.jpg'),
(105,133,1,2,'image_193.jpg'),
(105,133,1,3,'image_193.jpg'),
(105,133,1,4,'image_193.jpg'),
(105,133,1,5,'image_193.jpg'),
(105,133,1,6,'image_193.jpg'),
(105,133,1,7,'image_193.jpg'),
(105,133,1,8,'image_193.jpg'),
(105,133,1,9,'image_193.jpg'),
(105,133,1,10,'image_193.jpg'),
(106,92,1,1,'image_244.jpg'),
(106,92,1,2,'image_244.jpg'),
(106,92,1,3,'image_244.jpg'),
(106,92,1,4,'image_244.jpg'),
(106,92,1,5,'image_244.jpg'),
(106,92,1,6,'image_244.jpg'),
(106,92,1,7,'image_244.jpg'),
(106,92,1,8,'image_244.jpg'),
(107,91,1,1,'image_128.jpg'),
(107,91,1,2,'image_128.jpg'),
(107,91,1,3,'image_128.jpg'),
(107,91,1,4,'image_128.jpg'),
(108,12,1,1,'image_205.jpg'),
(108,12,1,2,'image_205.jpg'),
(108,12,1,3,'image_205.jpg'),
(108,12,1,4,'image_205.jpg'),
(108,12,1,5,'image_205.jpg'),
(108,12,1,6,'image_205.jpg'),
(108,41,1,1,'image_350.jpg'),
(108,41,1,2,'image_350.jpg'),
(108,41,1,3,'image_350.jpg'),
(108,41,1,4,'image_350.jpg'),
(108,41,1,5,'image_350.jpg'),
(108,41,1,6,'image_350.jpg'),
(108,41,1,7,'image_350.jpg'),
(109,60,1,1,'image_345.jpg'),
(109,60,1,2,'image_345.jpg'),
(109,60,1,3,'image_345.jpg'),
(109,60,1,4,'image_345.jpg'),
(109,60,1,5,'image_345.jpg'),
(109,60,1,6,'image_345.jpg'),
(109,60,1,7,'image_345.jpg'),
(112,4,1,1,'image_86.jpg'),
(112,67,1,1,'image_261.jpg'),
(112,67,1,2,'image_261.jpg'),
(112,67,1,3,'image_261.jpg'),
(112,67,1,4,'image_261.jpg'),
(112,67,1,5,'image_261.jpg'),
(112,67,1,6,'image_261.jpg'),
(112,67,1,7,'image_261.jpg'),
(112,67,1,8,'image_261.jpg'),
(113,49,1,1,'image_225.jpg'),
(113,49,1,2,'image_225.jpg'),
(113,49,1,3,'image_225.jpg'),
(113,129,1,1,'image_289.jpg'),
(113,129,1,2,'image_289.jpg'),
(113,129,1,3,'image_289.jpg'),
(113,129,1,4,'image_289.jpg'),
(113,129,1,5,'image_289.jpg'),
(113,129,1,6,'image_289.jpg'),
(113,129,1,7,'image_289.jpg'),
(113,129,1,8,'image_289.jpg'),
(114,104,1,1,'image_327.jpg'),
(114,104,1,2,'image_327.jpg'),
(114,104,1,3,'image_327.jpg'),
(114,104,1,4,'image_327.jpg'),
(114,104,1,5,'image_327.jpg'),
(114,104,1,6,'image_327.jpg'),
(114,104,1,7,'image_327.jpg'),
(114,104,1,8,'image_327.jpg'),
(114,104,1,9,'image_327.jpg'),
(117,5,1,1,'image_160.jpg'),
(117,5,1,2,'image_160.jpg'),
(117,5,1,3,'image_160.jpg'),
(117,5,1,4,'image_160.jpg'),
(117,5,1,5,'image_160.jpg'),
(117,5,1,6,'image_160.jpg'),
(117,5,1,7,'image_160.jpg'),
(117,5,1,8,'image_160.jpg'),
(117,5,1,9,'image_160.jpg'),
(117,5,1,10,'image_160.jpg'),
(117,96,1,1,'image_96.jpg'),
(117,96,1,2,'image_96.jpg'),
(117,96,1,3,'image_96.jpg'),
(117,96,1,4,'image_96.jpg'),
(117,96,1,5,'image_96.jpg'),
(118,51,1,1,'image_253.jpg'),
(118,51,1,2,'image_253.jpg'),
(118,51,1,3,'image_253.jpg'),
(118,51,1,4,'image_253.jpg'),
(118,51,1,5,'image_253.jpg'),
(118,51,1,6,'image_253.jpg'),
(118,51,1,7,'image_253.jpg'),
(118,51,1,8,'image_253.jpg'),
(118,51,1,9,'image_253.jpg'),
(118,118,1,1,'image_243.jpg'),
(118,118,1,2,'image_243.jpg'),
(118,118,1,3,'image_243.jpg'),
(118,118,1,4,'image_243.jpg'),
(118,118,1,5,'image_243.jpg'),
(118,118,1,6,'image_243.jpg'),
(119,40,1,1,'image_8.jpg'),
(119,40,1,2,'image_8.jpg'),
(119,40,1,3,'image_8.jpg'),
(119,40,1,4,'image_8.jpg'),
(119,40,1,5,'image_8.jpg'),
(119,40,1,6,'image_8.jpg'),
(119,96,1,1,'image_150.jpg'),
(119,96,1,2,'image_150.jpg'),
(119,96,1,3,'image_150.jpg'),
(119,96,1,4,'image_150.jpg'),
(119,96,1,5,'image_150.jpg'),
(119,96,1,6,'image_150.jpg'),
(119,96,1,7,'image_150.jpg'),
(119,96,1,8,'image_150.jpg'),
(119,96,1,9,'image_150.jpg'),
(119,96,1,10,'image_150.jpg'),
(122,14,1,1,'image_232.jpg'),
(122,14,1,2,'image_232.jpg'),
(122,14,1,3,'image_232.jpg'),
(122,14,1,4,'image_232.jpg'),
(122,14,1,5,'image_232.jpg'),
(122,14,1,6,'image_232.jpg'),
(122,14,1,7,'image_232.jpg'),
(123,86,1,1,'image_185.jpg'),
(123,86,1,2,'image_185.jpg'),
(126,139,1,1,'image_248.jpg'),
(126,139,1,2,'image_248.jpg'),
(126,139,1,3,'image_248.jpg'),
(127,19,1,1,'image_211.jpg'),
(127,19,1,2,'image_211.jpg'),
(127,19,1,3,'image_211.jpg'),
(127,19,1,4,'image_211.jpg'),
(127,19,1,5,'image_211.jpg'),
(127,19,1,6,'image_211.jpg'),
(127,19,1,7,'image_211.jpg'),
(127,19,1,8,'image_211.jpg'),
(127,19,1,9,'image_211.jpg'),
(128,36,1,1,'image_5.jpg'),
(128,36,1,2,'image_5.jpg'),
(128,36,1,3,'image_5.jpg'),
(128,36,1,4,'image_5.jpg'),
(128,36,1,5,'image_5.jpg'),
(128,36,1,6,'image_5.jpg'),
(130,105,1,1,'image_201.jpg'),
(130,105,1,2,'image_201.jpg'),
(130,105,1,3,'image_201.jpg'),
(130,105,1,4,'image_201.jpg'),
(130,105,1,5,'image_201.jpg'),
(130,105,1,6,'image_201.jpg'),
(133,56,1,1,'image_177.jpg'),
(133,56,1,2,'image_177.jpg'),
(133,56,1,3,'image_177.jpg'),
(133,56,1,4,'image_177.jpg'),
(133,56,1,5,'image_177.jpg'),
(133,56,1,6,'image_177.jpg'),
(133,56,1,7,'image_177.jpg'),
(133,56,1,8,'image_177.jpg'),
(133,67,1,1,'image_84.jpg'),
(133,67,1,2,'image_84.jpg'),
(133,67,1,3,'image_84.jpg'),
(133,67,1,4,'image_84.jpg'),
(133,67,1,5,'image_84.jpg'),
(133,67,1,6,'image_84.jpg'),
(133,121,1,1,'image_146.jpg'),
(133,121,1,2,'image_146.jpg'),
(133,121,1,3,'image_146.jpg'),
(134,15,1,1,'image_358.jpg'),
(134,15,1,2,'image_358.jpg'),
(134,15,1,3,'image_358.jpg'),
(134,15,1,4,'image_358.jpg'),
(134,15,1,5,'image_358.jpg'),
(134,15,1,6,'image_358.jpg'),
(134,15,1,7,'image_358.jpg'),
(134,114,1,1,'image_69.jpg'),
(134,114,1,2,'image_69.jpg'),
(134,114,1,3,'image_69.jpg'),
(134,114,1,4,'image_69.jpg'),
(135,10,2,1,'image_314.jpg'),
(135,10,2,2,'image_314.jpg'),
(135,10,2,3,'image_314.jpg'),
(136,38,1,1,'image_29.jpg'),
(136,38,1,2,'image_29.jpg'),
(136,38,1,3,'image_29.jpg'),
(136,38,1,4,'image_29.jpg'),
(136,38,1,5,'image_29.jpg'),
(136,38,1,6,'image_29.jpg'),
(136,38,1,7,'image_29.jpg'),
(137,52,1,1,'image_268.jpg'),
(137,52,1,2,'image_268.jpg'),
(137,52,1,3,'image_268.jpg'),
(137,52,1,4,'image_268.jpg'),
(137,124,1,1,'image_349.jpg'),
(138,15,1,1,'image_240.jpg'),
(138,15,1,2,'image_240.jpg'),
(138,15,1,3,'image_240.jpg'),
(138,15,1,4,'image_240.jpg'),
(138,15,1,5,'image_240.jpg'),
(138,15,1,6,'image_240.jpg'),
(139,78,1,1,'image_49.jpg'),
(139,78,1,2,'image_49.jpg'),
(139,78,1,3,'image_49.jpg'),
(139,78,1,4,'image_49.jpg'),
(139,78,1,5,'image_49.jpg'),
(139,78,1,6,'image_49.jpg'),
(139,78,1,7,'image_49.jpg'),
(139,78,1,8,'image_49.jpg'),
(139,78,1,9,'image_49.jpg'),
(139,78,1,10,'image_49.jpg'),
(140,84,2,1,'image_372.jpg'),
(143,87,1,1,'image_94.jpg'),
(143,87,1,2,'image_94.jpg'),
(144,8,1,1,'image_129.jpg'),
(144,8,1,2,'image_129.jpg'),
(145,103,1,1,'image_45.jpg'),
(145,103,1,2,'image_45.jpg'),
(149,51,1,1,'image_30.jpg');
/*!40000 ALTER TABLE `image` ENABLE KEYS */;
UNLOCK TABLES;

--
-- Table structure for table `lens`
--

DROP TABLE IF EXISTS `lens`;
/*!40101 SET @saved_cs_client     = @@character_set_client */;
/*!40101 SET character_set_client = utf8mb4 */;
CREATE TABLE `lens` (
  `lens_id` int(11) NOT NULL AUTO_INCREMENT,
  `user_id` int(11) DEFAULT NULL,
  `name` varchar(100) NOT NULL,
  `release_date` date NOT NULL,
  PRIMARY KEY (`lens_id`),
  KEY `user_id` (`user_id`),
  CONSTRAINT `lens_ibfk_1` FOREIGN KEY (`user_id`) REFERENCES `user` (`user_id`)
) ENGINE=InnoDB AUTO_INCREMENT=268 DEFAULT CHARSET=latin1 COLLATE=latin1_swedish_ci;
/*!40101 SET character_set_client = @saved_cs_client */;

--
-- Dumping data for table `lens`
--

LOCK TABLES `lens` WRITE;
/*!40000 ALTER TABLE `lens` DISABLE KEYS */;
INSERT INTO `lens` (`lens_id`, `user_id`, `name`, `release_date`) VALUES (1,129,'operationLens','2025-02-06'),
(2,119,'visitLens','2025-03-10'),
(3,119,'decisionLens','2025-02-07'),
(4,119,'standLens','2025-04-25'),
(5,119,'ballLens','2025-04-10'),
(6,119,'hundredLens','2025-02-01'),
(7,119,'leastLens','2025-01-07'),
(8,119,'paintingLens','2025-05-04'),
(9,119,'towardLens','2025-05-03'),
(10,119,'opportunityLens','2025-03-04'),
(11,119,'whomLens','2025-03-18'),
(12,119,'ontoLens','2025-03-08'),
(13,119,'couldLens','2025-04-24'),
(14,119,'roleLens','2025-03-05'),
(15,14,'buildingLens','2025-02-25'),
(16,14,'theLens','2025-02-03'),
(17,14,'badLens','2025-03-06'),
(18,14,'bornLens','2025-01-20'),
(19,14,'revealLens','2025-02-28'),
(20,14,'onlyLens','2025-04-24'),
(21,14,'lessLens','2025-04-03'),
(22,14,'beginLens','2025-04-03'),
(23,14,'shouldLens','2025-05-11'),
(24,14,'fourLens','2025-03-01'),
(25,14,'studentLens','2025-04-16'),
(26,14,'haveLens','2025-02-04'),
(27,14,'listenLens','2025-02-10'),
(28,14,'streetLens','2025-04-14'),
(29,14,'moreLens','2025-04-16'),
(30,14,'brotherLens','2025-04-12'),
(31,14,'senseLens','2025-04-09'),
(32,14,'waitLens','2025-01-07'),
(33,14,'improveLens','2025-02-23'),
(34,14,'receiveLens','2025-05-13'),
(35,14,'knowledgeLens','2025-01-24'),
(36,14,'holdLens','2025-01-12'),
(37,13,'wideLens','2025-05-05'),
(38,13,'measureLens','2025-03-10'),
(39,13,'gunLens','2025-03-03'),
(40,13,'happyLens','2025-02-06'),
(41,13,'ourLens','2025-01-27'),
(42,13,'sourceLens','2025-02-10'),
(43,13,'muchLens','2025-02-19'),
(44,13,'avoidLens','2025-05-01'),
(45,13,'showLens','2025-03-03'),
(46,13,'thingLens','2025-02-01'),
(47,13,'shoulderLens','2025-04-06'),
(48,13,'purposeLens','2025-01-04'),
(49,13,'seatLens','2025-03-01'),
(50,13,'produceLens','2025-01-07'),
(51,13,'althoughLens','2025-04-22'),
(52,13,'finallyLens','2025-03-26'),
(53,13,'nearlyLens','2025-03-30'),
(54,13,'effectLens','2025-04-07'),
(55,13,'shareLens','2025-03-23'),
(56,13,'closeLens','2025-01-06'),
(57,13,'addressLens','2025-03-13'),
(58,13,'noteLens','2025-05-11'),
(59,13,'farLens','2025-02-19'),
(60,13,'eveningLens','2025-03-18'),
(61,13,'effortLens','2025-05-04'),
(62,13,'improveLens','2025-01-28'),
(63,13,'backLens','2025-01-25'),
(64,13,'mightLens','2025-05-10'),
(65,13,'heartLens','2025-03-23'),
(66,13,'serviceLens','2025-04-15'),
(67,13,'remainLens','2025-04-30'),
(68,124,'letterLens','2025-04-20'),
(69,69,'newspaperLens','2025-03-11'),
(70,101,'eightLens','2025-03-27'),
(71,8,'analysisLens','2025-03-08'),
(72,114,'useLens','2025-01-10'),
(73,3,'memoryLens','2025-03-24'),
(74,87,'readLens','2025-03-09'),
(75,115,'moveLens','2025-03-07'),
(76,63,'whatLens','2025-05-09'),
(77,13,'townLens','2025-01-24'),
(78,135,'moveLens','2025-03-16'),
(79,77,'hospitalLens','2025-03-03'),
(80,128,'alsoLens','2025-01-05'),
(81,82,'particularLens','2025-02-10'),
(82,31,'headLens','2025-01-16'),
(83,73,'testLens','2025-02-03'),
(84,132,'crimeLens','2025-03-29'),
(85,40,'motherLens','2025-03-29'),
(86,68,'duringLens','2025-04-07'),
(87,95,'cultureLens','2025-03-10'),
(88,106,'RepublicanLens','2025-04-13'),
(89,94,'choiceLens','2025-02-05'),
(90,97,'environmentLens','2025-03-15'),
(91,68,'technologyLens','2025-04-13'),
(92,76,'policeLens','2025-01-10'),
(93,102,'ideaLens','2025-03-21'),
(94,82,'insteadLens','2025-03-21'),
(95,86,'institutionLens','2025-01-05'),
(96,117,'chanceLens','2025-01-17'),
(97,18,'secondLens','2025-04-14'),
(98,29,'dinnerLens','2025-01-11'),
(99,99,'formerLens','2025-02-01'),
(100,85,'viewLens','2025-02-26'),
(101,18,'ratherLens','2025-02-13'),
(102,106,'interestingLens','2025-03-05'),
(103,62,'particularLens','2025-03-31'),
(104,82,'sceneLens','2025-01-10'),
(105,142,'costLens','2025-02-05'),
(106,74,'answerLens','2025-03-11'),
(107,39,'finalLens','2025-04-28'),
(108,51,'untilLens','2025-01-31'),
(109,98,'numberLens','2025-05-02'),
(110,131,'voteLens','2025-02-05'),
(111,63,'possibleLens','2025-01-08'),
(112,44,'raiseLens','2025-01-04'),
(113,16,'senseLens','2025-02-23'),
(114,58,'andLens','2025-03-11'),
(115,97,'whileLens','2025-04-17'),
(116,18,'articleLens','2025-04-15'),
(117,147,'shakeLens','2025-01-14'),
(118,98,'recentLens','2025-04-16'),
(119,131,'termLens','2025-05-12'),
(120,78,'exampleLens','2025-03-02'),
(121,106,'raiseLens','2025-02-11'),
(122,143,'supportLens','2025-05-05'),
(123,119,'sixLens','2025-04-07'),
(124,37,'southLens','2025-03-09'),
(125,21,'handLens','2025-04-02'),
(126,106,'roadLens','2025-05-06'),
(127,85,'audienceLens','2025-03-24'),
(128,102,'wellLens','2025-05-04'),
(129,140,'darkLens','2025-01-17'),
(130,73,'backLens','2025-04-23'),
(131,94,'thatLens','2025-04-21'),
(132,96,'safeLens','2025-04-09'),
(133,17,'beyondLens','2025-02-01'),
(134,55,'watchLens','2025-05-13'),
(135,128,'letterLens','2025-04-04'),
(136,108,'governmentLens','2025-05-01'),
(137,17,'fireLens','2025-05-02'),
(138,87,'factLens','2025-03-27'),
(139,22,'perLens','2025-02-08'),
(140,106,'dealLens','2025-03-17'),
(141,17,'boyLens','2025-04-05'),
(142,128,'collegeLens','2025-04-05'),
(143,136,'imageLens','2025-04-18'),
(144,133,'pointLens','2025-01-26'),
(145,131,'halfLens','2025-01-26'),
(146,26,'sureLens','2025-03-04'),
(147,88,'openLens','2025-04-21'),
(148,16,'whereLens','2025-04-25'),
(149,94,'addressLens','2025-02-11'),
(150,128,'imageLens','2025-04-23'),
(151,92,'yeahLens','2025-03-08'),
(152,81,'wallLens','2025-04-26'),
(153,104,'organizationLens','2025-04-14'),
(154,67,'pieceLens','2025-02-14'),
(155,72,'uponLens','2025-01-18'),
(156,107,'eveningLens','2025-03-09'),
(157,109,'discoverLens','2025-04-17'),
(158,30,'avoidLens','2025-04-03'),
(159,148,'eatLens','2025-04-25'),
(160,137,'themLens','2025-02-21'),
(161,9,'noticeLens','2025-02-17'),
(162,75,'faceLens','2025-04-17'),
(163,36,'caseLens','2025-02-06'),
(164,59,'handLens','2025-03-15'),
(165,150,'suddenlyLens','2025-03-24'),
(166,48,'pointLens','2025-05-10'),
(167,22,'norLens','2025-02-16'),
(168,134,'federalLens','2025-03-13'),
(169,127,'monthLens','2025-02-25'),
(170,150,'ideaLens','2025-01-28'),
(171,88,'fightLens','2025-02-09'),
(172,137,'betterLens','2025-02-07'),
(173,12,'stopLens','2025-02-02'),
(174,128,'historyLens','2025-01-29'),
(175,124,'hardLens','2025-01-29'),
(176,115,'mindLens','2025-02-09'),
(177,41,'sendLens','2025-02-16'),
(178,1,'speechLens','2025-04-24'),
(179,104,'listenLens','2025-01-17'),
(180,93,'perLens','2025-02-12'),
(181,136,'stayLens','2025-02-19'),
(182,60,'modernLens','2025-02-18'),
(183,3,'medicalLens','2025-04-08'),
(184,108,'throwLens','2025-02-11'),
(185,59,'eightLens','2025-03-05'),
(186,91,'artistLens','2025-05-09'),
(187,54,'subjectLens','2025-03-30'),
(188,105,'firmLens','2025-04-02'),
(189,67,'cutLens','2025-01-18'),
(190,33,'actuallyLens','2025-01-26'),
(191,119,'discoverLens','2025-04-08'),
(192,51,'allLens','2025-04-19'),
(193,83,'othersLens','2025-02-06'),
(194,101,'localLens','2025-02-19'),
(195,104,'whyLens','2025-03-13'),
(196,105,'gardenLens','2025-01-21'),
(197,47,'ratherLens','2025-02-04'),
(198,48,'indeedLens','2025-01-28'),
(199,90,'treatmentLens','2025-01-18'),
(200,51,'adultLens','2025-01-10'),
(201,130,'forLens','2025-04-14'),
(202,149,'whenLens','2025-01-26'),
(203,92,'brotherLens','2025-03-08'),
(204,60,'whoLens','2025-01-03'),
(205,109,'appearLens','2025-03-05'),
(206,79,'starLens','2025-01-15'),
(207,117,'exampleLens','2025-03-06'),
(208,21,'memberLens','2025-05-02'),
(209,33,'watchLens','2025-02-18'),
(210,4,'careLens','2025-02-16'),
(211,147,'togetherLens','2025-03-31'),
(212,54,'marriageLens','2025-05-12'),
(213,28,'formLens','2025-04-15'),
(214,43,'specialLens','2025-04-11'),
(215,57,'suggestLens','2025-03-20'),
(216,75,'storyLens','2025-05-08'),
(217,53,'othersLens','2025-03-03'),
(218,120,'pageLens','2025-01-02'),
(219,30,'bedLens','2025-01-17'),
(220,60,'wrongLens','2025-04-20'),
(221,90,'includingLens','2025-03-04'),
(222,35,'AmericanLens','2025-03-26'),
(223,79,'helpLens','2025-04-09'),
(224,103,'lookLens','2025-03-26'),
(225,6,'presentLens','2025-02-05'),
(226,121,'everybodyLens','2025-04-14'),
(227,113,'stuffLens','2025-02-20'),
(228,89,'simplyLens','2025-01-30'),
(229,115,'speechLens','2025-03-07'),
(230,117,'playerLens','2025-05-15'),
(231,146,'filmLens','2025-02-11'),
(232,139,'interestingLens','2025-04-26'),
(233,72,'bodyLens','2025-02-23'),
(234,81,'reachLens','2025-04-29'),
(235,103,'mightLens','2025-03-24'),
(236,17,'leastLens','2025-01-17'),
(237,117,'popularLens','2025-02-20'),
(238,41,'sayLens','2025-04-30'),
(239,85,'availableLens','2025-01-02'),
(240,123,'stayLens','2025-04-12'),
(241,76,'oldLens','2025-03-07'),
(242,141,'myLens','2025-05-14'),
(243,40,'seekLens','2025-02-07'),
(244,137,'aLens','2025-02-01'),
(245,148,'writerLens','2025-04-08'),
(246,16,'generalLens','2025-02-26'),
(247,139,'shoulderLens','2025-03-24'),
(248,79,'trainingLens','2025-02-17'),
(249,80,'bringLens','2025-03-06'),
(250,97,'hourLens','2025-04-20'),
(251,54,'insideLens','2025-01-16'),
(252,57,'oldLens','2025-01-25'),
(253,49,'ownLens','2025-04-25'),
(254,149,'directorLens','2025-04-21'),
(255,134,'receiveLens','2025-02-09'),
(256,138,'pictureLens','2025-01-03'),
(257,59,'RepublicanLens','2025-04-14'),
(258,40,'nearlyLens','2025-01-11'),
(259,72,'directionLens','2025-03-04'),
(260,147,'abilityLens','2025-04-27'),
(261,36,'nearLens','2025-05-01'),
(262,89,'doctorLens','2025-04-12'),
(263,63,'flyLens','2025-05-05'),
(264,20,'anyLens','2025-01-23'),
(265,37,'peopleLens','2025-01-12'),
(266,39,'becauseLens','2025-02-19'),
(267,130,'bagLens','2025-03-31');
/*!40000 ALTER TABLE `lens` ENABLE KEYS */;
UNLOCK TABLES;

--
-- Table structure for table `lens_level`
--

DROP TABLE IF EXISTS `lens_level`;
/*!40101 SET @saved_cs_client     = @@character_set_client */;
/*!40101 SET character_set_client = utf8mb4 */;
CREATE TABLE `lens_level` (
  `level_id` int(11) NOT NULL,
  `level_name` varchar(50) NOT NULL,
  `incentive` int(11) NOT NULL,
  `n_min_lens_created` int(11) NOT NULL,
  PRIMARY KEY (`level_id`)
) ENGINE=InnoDB DEFAULT CHARSET=latin1 COLLATE=latin1_swedish_ci;
/*!40101 SET character_set_client = @saved_cs_client */;

--
-- Dumping data for table `lens_level`
--

LOCK TABLES `lens_level` WRITE;
/*!40000 ALTER TABLE `lens_level` DISABLE KEYS */;
INSERT INTO `lens_level` (`level_id`, `level_name`, `incentive`, `n_min_lens_created`) VALUES (0,'Not Rated',0,1),
(1,'Bronze',1000000,10),
(2,'Silver',2000000,20),
(3,'Gold',3000000,30);
/*!40000 ALTER TABLE `lens_level` ENABLE KEYS */;
UNLOCK TABLES;

--
-- Table structure for table `lens_type`
--

DROP TABLE IF EXISTS `lens_type`;
/*!40101 SET @saved_cs_client     = @@character_set_client */;
/*!40101 SET character_set_client = utf8mb4 */;
CREATE TABLE `lens_type` (
  `lens_id` int(11) NOT NULL,
  `type` enum('Face','Background') NOT NULL,
  PRIMARY KEY (`lens_id`,`type`),
  CONSTRAINT `lens_type_ibfk_1` FOREIGN KEY (`lens_id`) REFERENCES `lens` (`lens_id`)
) ENGINE=InnoDB DEFAULT CHARSET=latin1 COLLATE=latin1_swedish_ci;
/*!40101 SET character_set_client = @saved_cs_client */;

--
-- Dumping data for table `lens_type`
--

LOCK TABLES `lens_type` WRITE;
/*!40000 ALTER TABLE `lens_type` DISABLE KEYS */;
INSERT INTO `lens_type` (`lens_id`, `type`) VALUES (1,'Background'),
(3,'Face'),
(3,'Background'),
(4,'Background'),
(5,'Face'),
(6,'Face'),
(7,'Background'),
(8,'Face'),
(10,'Face'),
(10,'Background'),
(12,'Face'),
(14,'Face'),
(14,'Background'),
(15,'Background'),
(16,'Background'),
(17,'Face'),
(18,'Face'),
(19,'Background'),
(20,'Background'),
(21,'Face'),
(21,'Background'),
(22,'Face'),
(22,'Background'),
(24,'Face'),
(24,'Background'),
(25,'Face'),
(25,'Background'),
(27,'Background'),
(28,'Face'),
(28,'Background'),
(29,'Face'),
(29,'Background'),
(31,'Background'),
(33,'Face'),
(34,'Face'),
(34,'Background'),
(35,'Background'),
(36,'Face'),
(37,'Face'),
(37,'Background'),
(39,'Background'),
(40,'Face'),
(41,'Background'),
(42,'Face'),
(42,'Background'),
(44,'Face'),
(44,'Background'),
(45,'Face'),
(45,'Background'),
(46,'Face'),
(48,'Face'),
(49,'Face'),
(49,'Background'),
(51,'Face'),
(51,'Background'),
(52,'Background'),
(53,'Face'),
(53,'Background'),
(55,'Background'),
(56,'Face'),
(56,'Background'),
(58,'Face'),
(60,'Background'),
(61,'Face'),
(62,'Face'),
(63,'Face'),
(64,'Face'),
(64,'Background'),
(66,'Face'),
(67,'Face'),
(68,'Face'),
(69,'Face'),
(71,'Face'),
(74,'Face'),
(75,'Face'),
(76,'Face'),
(77,'Background'),
(79,'Background'),
(80,'Background'),
(81,'Background'),
(82,'Face'),
(84,'Background'),
(85,'Face'),
(85,'Background'),
(86,'Face'),
(87,'Face'),
(88,'Face'),
(89,'Background'),
(90,'Face'),
(90,'Background'),
(92,'Background'),
(93,'Face'),
(95,'Face'),
(96,'Face'),
(96,'Background'),
(97,'Face'),
(98,'Face'),
(100,'Background'),
(102,'Background'),
(105,'Face'),
(105,'Background'),
(106,'Background'),
(107,'Face'),
(107,'Background'),
(109,'Face'),
(109,'Background'),
(110,'Face'),
(111,'Background'),
(112,'Face'),
(113,'Face'),
(113,'Background'),
(115,'Face'),
(116,'Background'),
(117,'Background'),
(118,'Face'),
(118,'Background'),
(119,'Background'),
(121,'Face'),
(122,'Face'),
(122,'Background'),
(123,'Face'),
(124,'Background'),
(126,'Face'),
(126,'Background'),
(127,'Face'),
(127,'Background'),
(130,'Face'),
(130,'Background'),
(131,'Background'),
(132,'Face'),
(133,'Face'),
(134,'Face'),
(135,'Face'),
(135,'Background'),
(136,'Face'),
(138,'Face'),
(141,'Face'),
(141,'Background'),
(142,'Face'),
(143,'Face'),
(143,'Background'),
(146,'Face'),
(147,'Face'),
(147,'Background'),
(148,'Face'),
(148,'Background'),
(149,'Face'),
(150,'Face'),
(151,'Face'),
(151,'Background'),
(152,'Background'),
(153,'Background'),
(154,'Face'),
(154,'Background'),
(157,'Background'),
(160,'Face'),
(162,'Face'),
(163,'Background'),
(164,'Background'),
(165,'Face'),
(165,'Background'),
(168,'Face'),
(168,'Background'),
(169,'Background'),
(171,'Background'),
(172,'Face'),
(173,'Background'),
(174,'Background'),
(175,'Background'),
(176,'Face'),
(177,'Background'),
(179,'Face'),
(180,'Face'),
(180,'Background'),
(181,'Background'),
(182,'Face'),
(182,'Background'),
(183,'Face'),
(184,'Face'),
(185,'Face'),
(186,'Background'),
(187,'Background'),
(188,'Background'),
(189,'Face'),
(190,'Face'),
(190,'Background'),
(191,'Face'),
(191,'Background'),
(192,'Background'),
(193,'Face'),
(193,'Background'),
(194,'Background'),
(195,'Face'),
(196,'Background'),
(197,'Background'),
(198,'Face'),
(199,'Face'),
(199,'Background'),
(200,'Background'),
(201,'Face'),
(201,'Background'),
(204,'Face'),
(204,'Background'),
(205,'Face'),
(205,'Background'),
(206,'Background'),
(207,'Face'),
(208,'Face'),
(208,'Background'),
(209,'Background'),
(210,'Face'),
(210,'Background'),
(211,'Face'),
(211,'Background'),
(214,'Face'),
(215,'Background'),
(216,'Background'),
(217,'Background'),
(219,'Face'),
(219,'Background'),
(221,'Face'),
(222,'Face'),
(225,'Face'),
(225,'Background'),
(226,'Face'),
(226,'Background'),
(227,'Face'),
(227,'Background'),
(228,'Face'),
(229,'Face'),
(230,'Face'),
(231,'Face'),
(232,'Face'),
(233,'Face'),
(234,'Background'),
(235,'Face'),
(235,'Background'),
(237,'Face'),
(237,'Background'),
(238,'Background'),
(239,'Face'),
(239,'Background'),
(240,'Face'),
(241,'Face'),
(244,'Face'),
(245,'Background'),
(246,'Face'),
(246,'Background'),
(249,'Face'),
(249,'Background'),
(250,'Background'),
(251,'Background'),
(252,'Face'),
(253,'Face'),
(254,'Face'),
(254,'Background'),
(257,'Background'),
(258,'Background'),
(259,'Face'),
(259,'Background'),
(262,'Face'),
(262,'Background'),
(263,'Face'),
(263,'Background'),
(264,'Face'),
(265,'Background'),
(266,'Background'),
(267,'Face');
/*!40000 ALTER TABLE `lens_type` ENABLE KEYS */;
UNLOCK TABLES;

--
-- Table structure for table `location`
--

DROP TABLE IF EXISTS `location`;
/*!40101 SET @saved_cs_client     = @@character_set_client */;
/*!40101 SET character_set_client = utf8mb4 */;
CREATE TABLE `location` (
  `user_id` int(11) NOT NULL,
  `start_time` datetime NOT NULL,
  `end_time` datetime DEFAULT NULL,
  `latitude` decimal(9,6) NOT NULL,
  `longitude` decimal(9,6) NOT NULL,
  `status` enum('public','private') NOT NULL DEFAULT 'private',
  PRIMARY KEY (`user_id`,`start_time`),
  CONSTRAINT `location_ibfk_1` FOREIGN KEY (`user_id`) REFERENCES `user` (`user_id`)
) ENGINE=InnoDB DEFAULT CHARSET=latin1 COLLATE=latin1_swedish_ci;
/*!40101 SET character_set_client = @saved_cs_client */;

--
-- Dumping data for table `location`
--

LOCK TABLES `location` WRITE;
/*!40000 ALTER TABLE `location` DISABLE KEYS */;
INSERT INTO `location` (`user_id`, `start_time`, `end_time`, `latitude`, `longitude`, `status`) VALUES (1,'2025-01-09 02:59:42','2025-01-09 03:41:45',-25.982908,-164.153285,'public'),
(1,'2025-05-09 02:09:25','2025-05-09 03:59:39',-54.272574,162.546705,'public'),
(3,'2025-02-01 21:42:58','2025-02-01 22:50:34',-82.769024,147.962886,'private'),
(5,'2025-01-03 15:42:17','2025-01-03 16:27:19',-64.344972,-24.692158,'private'),
(5,'2025-01-10 01:48:32','2025-01-10 01:54:12',59.083653,59.117658,'public'),
(5,'2025-01-22 16:43:57','2025-01-22 17:46:20',-88.738596,-70.795120,'public'),
(5,'2025-02-08 15:02:05','2025-02-08 16:43:14',-14.341320,-151.307302,'private'),
(9,'2025-01-24 05:18:07','2025-01-24 06:09:09',20.744943,-83.343318,'private'),
(9,'2025-03-01 19:17:52','2025-03-01 19:42:24',-80.699084,70.072265,'public'),
(10,'2025-02-28 04:24:35','2025-02-28 04:52:57',-25.284818,-114.132299,'public'),
(12,'2025-01-07 01:15:48','2025-01-07 02:01:10',79.462674,-14.889951,'public'),
(12,'2025-05-14 00:57:18','2025-05-14 01:08:25',-11.017395,161.863686,'public'),
(13,'2025-01-28 00:14:15','2025-01-28 01:12:02',72.716790,75.004742,'private'),
(13,'2025-02-11 16:52:37','2025-02-11 17:42:50',65.975645,118.575139,'public'),
(14,'2025-01-13 06:03:10','2025-01-13 07:16:28',-62.895592,-77.050430,'private'),
(15,'2025-01-15 07:13:40','2025-01-15 09:03:28',-75.934023,-87.344940,'private'),
(18,'2025-01-20 08:22:00','2025-01-20 09:44:10',-17.254303,68.848729,'public'),
(18,'2025-02-13 21:04:01','2025-02-13 23:00:45',27.875562,100.137960,'public'),
(18,'2025-02-18 20:33:06','2025-02-18 22:11:51',-45.366830,11.674183,'public'),
(23,'2025-02-23 14:09:13','2025-02-23 16:03:46',-85.011526,164.763371,'public'),
(24,'2025-04-01 23:23:18','2025-04-02 00:59:46',-11.705200,146.815794,'public'),
(24,'2025-04-03 19:34:39','2025-04-03 20:50:04',-58.173084,-68.823783,'private'),
(25,'2025-03-21 17:03:11','2025-03-21 17:53:38',17.043640,61.534624,'public'),
(25,'2025-03-28 10:37:58','2025-03-28 10:48:04',-10.313261,39.788797,'private'),
(25,'2025-04-30 01:05:58','2025-04-30 01:38:10',-74.651061,80.665231,'private'),
(27,'2025-03-29 19:10:47','2025-03-29 21:04:40',-44.879702,168.451690,'public'),
(28,'2025-04-06 02:05:04','2025-04-06 03:20:47',7.416677,-24.553738,'private'),
(30,'2025-04-02 08:28:51','2025-04-02 08:38:35',-27.983775,81.098854,'private'),
(31,'2025-01-10 06:44:18','2025-01-10 08:08:08',18.982948,-110.588767,'private'),
(31,'2025-05-15 04:27:18','2025-05-15 06:10:16',34.388743,169.685009,'private'),
(32,'2025-01-04 18:05:04','2025-01-04 19:07:23',-22.095945,-157.170746,'public'),
(34,'2025-05-08 08:06:59','2025-05-08 09:37:37',39.704308,38.238485,'public'),
(35,'2025-01-27 13:57:56','2025-01-27 15:12:47',-82.181440,17.936949,'private'),
(38,'2025-02-23 19:33:15','2025-02-23 20:05:05',-74.927122,119.726298,'private'),
(39,'2025-04-14 06:25:30','2025-04-14 07:59:41',26.147498,-100.756274,'public'),
(39,'2025-05-14 16:34:47','2025-05-14 17:18:25',-79.276567,124.881660,'public'),
(40,'2025-01-11 22:12:43','2025-01-11 22:37:11',-76.850576,110.982182,'public'),
(41,'2025-01-29 02:53:19','2025-01-29 03:27:32',-51.987640,138.744525,'private'),
(41,'2025-04-22 09:52:04','2025-04-22 09:52:28',1.958515,130.397202,'public'),
(43,'2025-04-21 05:10:25','2025-04-21 06:47:22',85.289670,-120.992517,'public'),
(45,'2025-01-25 16:49:29','2025-01-25 16:57:32',-85.674556,-82.872553,'public'),
(47,'2025-02-18 17:28:56','2025-02-18 19:21:00',-79.332597,-62.166556,'private'),
(48,'2025-02-11 04:40:37','2025-02-11 04:41:35',20.792877,-153.606012,'private'),
(50,'2025-03-31 22:41:26','2025-03-31 23:39:10',-21.722712,143.051733,'private'),
(51,'2025-01-30 23:56:34','2025-01-31 00:28:37',12.991082,83.111487,'private'),
(52,'2025-02-02 10:17:18','2025-02-02 10:35:36',-18.780169,-97.937458,'public'),
(53,'2025-03-16 05:05:17','2025-03-16 05:07:46',31.180253,-168.991256,'private'),
(53,'2025-04-29 03:27:47','2025-04-29 04:08:57',2.886108,-130.514152,'public'),
(54,'2025-02-07 09:30:27','2025-02-07 11:15:14',18.078880,-1.281454,'public'),
(54,'2025-03-18 10:32:37','2025-03-18 10:51:48',89.121538,48.074901,'public'),
(54,'2025-04-22 21:15:48','2025-04-22 21:24:49',19.328784,156.250453,'public'),
(55,'2025-01-15 07:26:18','2025-01-15 07:31:15',59.526259,-41.140742,'private'),
(56,'2025-04-20 12:27:43','2025-04-20 14:08:34',-29.900133,-128.873127,'public'),
(57,'2025-02-16 06:26:57','2025-02-16 08:20:34',-63.342256,147.768227,'private'),
(57,'2025-05-09 06:49:20','2025-05-09 07:02:44',67.289966,177.886820,'public'),
(58,'2025-01-11 09:52:07','2025-01-11 09:55:35',48.440662,-154.649334,'private'),
(59,'2025-04-08 14:50:30','2025-04-08 16:17:39',-72.582273,-114.953000,'public'),
(59,'2025-04-19 01:47:42','2025-04-19 03:03:40',5.761198,-177.852246,'private'),
(60,'2025-04-08 19:56:13','2025-04-08 21:11:41',62.369817,96.214227,'public'),
(60,'2025-04-24 13:50:09','2025-04-24 15:21:13',-32.776537,-6.210717,'private'),
(62,'2025-01-26 05:47:08','2025-01-26 07:07:28',-28.465896,80.935782,'private'),
(64,'2025-02-27 13:07:09','2025-02-27 14:48:01',-42.107485,-93.265012,'public'),
(66,'2025-02-26 01:11:59','2025-02-26 02:21:34',-43.683690,-101.761930,'private'),
(67,'2025-01-16 12:23:17','2025-01-16 12:53:29',-41.345418,-59.132998,'public'),
(67,'2025-02-11 05:48:29','2025-02-11 07:36:15',28.574302,101.500882,'public'),
(67,'2025-02-28 01:33:39','2025-02-28 02:28:10',-84.251175,142.901315,'private'),
(67,'2025-04-30 14:53:20','2025-04-30 15:37:13',-8.379353,153.524278,'private'),
(69,'2025-02-15 05:19:47','2025-02-15 06:05:34',3.374746,-18.433036,'private'),
(70,'2025-05-05 19:54:53','2025-05-05 21:44:51',-18.194142,-102.543532,'public'),
(71,'2025-01-05 21:03:37','2025-01-05 22:20:11',-29.771264,6.786407,'private'),
(72,'2025-01-06 06:51:28','2025-01-06 08:07:14',-69.401393,-156.763858,'private'),
(73,'2025-03-18 13:36:23','2025-03-18 14:31:33',69.618610,52.106370,'public'),
(75,'2025-03-13 07:00:18','2025-03-13 07:57:49',87.157810,-53.945340,'private'),
(76,'2025-02-07 18:44:54','2025-02-07 20:11:16',38.917652,-10.072922,'private'),
(77,'2025-01-11 08:33:37','2025-01-11 09:32:09',-73.725606,122.539722,'public'),
(77,'2025-03-23 10:45:54','2025-03-23 11:24:04',66.933868,-55.946484,'public'),
(78,'2025-02-06 08:38:22','2025-02-06 09:13:00',74.944070,-156.645490,'public'),
(81,'2025-02-09 12:42:40','2025-02-09 12:46:44',29.044365,179.354759,'private'),
(83,'2025-04-26 08:49:24','2025-04-26 10:00:17',-74.258540,-49.379884,'private'),
(84,'2025-03-26 16:49:49','2025-03-26 16:54:45',-72.535466,155.375878,'public'),
(85,'2025-01-08 09:22:26','2025-01-08 10:39:23',3.765933,-143.689757,'private'),
(85,'2025-02-11 08:16:20','2025-02-11 08:25:18',45.233157,-73.649933,'private'),
(87,'2025-03-18 01:05:08','2025-03-18 02:20:01',31.997375,145.286723,'public'),
(87,'2025-04-14 03:13:59','2025-04-14 04:30:37',-26.229211,21.990828,'public'),
(87,'2025-05-10 18:09:45','2025-05-10 19:56:42',34.992314,-53.022765,'public'),
(89,'2025-01-02 21:33:21','2025-01-02 21:33:30',-0.347743,152.400289,'private'),
(89,'2025-01-28 09:13:52','2025-01-28 09:36:46',-40.498967,37.344161,'public'),
(89,'2025-04-29 16:00:05','2025-04-29 17:20:46',58.544357,-52.466712,'public'),
(91,'2025-04-20 11:58:02','2025-04-20 13:45:01',6.156396,173.159908,'private'),
(92,'2025-01-11 05:42:33','2025-01-11 07:01:10',68.792581,-82.387787,'private'),
(92,'2025-03-02 09:02:56','2025-03-02 09:47:50',-77.615254,-95.775866,'public'),
(93,'2025-01-13 08:58:02','2025-01-13 09:30:28',-27.121980,161.477356,'public'),
(93,'2025-05-08 20:07:05','2025-05-08 20:26:08',-3.822308,158.801056,'public'),
(95,'2025-01-08 22:53:54','2025-01-08 23:16:14',78.165089,57.918793,'public'),
(95,'2025-04-27 20:29:52','2025-04-27 20:51:22',-3.658087,71.096043,'public'),
(97,'2025-04-11 17:25:39','2025-04-11 17:27:45',-61.703197,71.132073,'public'),
(98,'2025-04-29 01:25:08','2025-04-29 02:11:20',-33.800629,115.999792,'public'),
(98,'2025-05-07 02:52:30','2025-05-07 04:04:43',-76.126369,-172.453104,'public'),
(99,'2025-01-07 12:05:33','2025-01-07 12:40:54',-87.612270,-6.398954,'private'),
(99,'2025-03-07 20:11:05','2025-03-07 21:51:08',-71.686258,-13.505155,'public'),
(99,'2025-04-25 01:16:36','2025-04-25 02:17:03',-30.701907,92.708801,'public'),
(100,'2025-03-24 00:59:04','2025-03-24 02:27:32',19.019369,76.682953,'public'),
(101,'2025-04-12 22:49:29','2025-04-13 00:06:45',-25.470101,85.268881,'private'),
(101,'2025-05-03 18:49:09','2025-05-03 20:40:41',84.952737,-116.438431,'private'),
(102,'2025-04-17 02:46:20','2025-04-17 03:56:57',-17.627722,-147.217265,'private'),
(105,'2025-01-02 14:12:35','2025-01-02 14:16:10',-49.781091,130.933058,'public'),
(108,'2025-01-07 22:40:36','2025-01-07 23:33:39',33.450490,120.356497,'public'),
(108,'2025-01-17 20:58:09','2025-01-17 22:33:37',75.844378,68.278208,'private'),
(108,'2025-03-16 07:53:34','2025-03-16 08:49:02',-47.560441,179.520640,'private'),
(109,'2025-04-23 01:17:22','2025-04-23 02:14:08',77.645173,90.531012,'private'),
(111,'2025-01-29 00:18:04','2025-01-29 01:29:02',45.089751,-99.588043,'public'),
(112,'2025-01-23 12:21:40','2025-01-23 13:19:47',85.862103,9.550534,'private'),
(114,'2025-03-08 20:39:53','2025-03-08 21:08:06',20.133923,-92.543325,'private'),
(114,'2025-03-21 06:18:33','2025-03-21 07:10:42',-89.014433,70.648220,'private'),
(115,'2025-01-20 14:03:04','2025-01-20 15:44:10',-56.572996,123.151551,'private'),
(116,'2025-01-06 11:48:31','2025-01-06 12:57:06',54.608199,-148.418342,'public'),
(116,'2025-01-27 14:12:43','2025-01-27 14:23:29',33.665241,-1.390090,'public'),
(116,'2025-02-21 12:09:55','2025-02-21 12:31:34',15.179150,157.479868,'public'),
(116,'2025-03-14 11:29:40','2025-03-14 13:24:53',38.733480,-159.356857,'private'),
(116,'2025-03-29 14:07:36','2025-03-29 14:22:40',32.319601,-157.917004,'private'),
(119,'2025-03-03 06:52:44','2025-03-03 06:56:03',-86.589743,-75.207787,'public'),
(121,'2025-02-19 04:12:06','2025-02-19 05:43:46',-6.686295,28.561840,'public'),
(121,'2025-04-04 16:22:50','2025-04-04 16:32:03',0.068461,-36.743356,'private'),
(124,'2025-01-23 15:48:15','2025-01-23 16:25:46',-5.568348,37.054026,'public'),
(124,'2025-02-11 00:04:14','2025-02-11 00:19:19',33.515509,-112.099786,'private'),
(126,'2025-01-14 03:12:16','2025-01-14 04:58:03',-62.757911,-48.208471,'private'),
(126,'2025-03-17 11:10:01','2025-03-17 13:02:05',60.107611,19.816945,'private'),
(126,'2025-04-20 14:41:46','2025-04-20 15:09:29',2.288599,64.939101,'public'),
(127,'2025-01-11 20:32:46','2025-01-11 20:37:05',-14.302335,-53.141339,'private'),
(130,'2025-03-23 08:53:53','2025-03-23 09:39:50',24.440692,22.924888,'public'),
(131,'2025-01-25 15:59:03','2025-01-25 16:30:24',59.425788,-78.775954,'private'),
(131,'2025-03-14 20:30:06','2025-03-14 20:48:00',10.756433,46.426248,'public'),
(131,'2025-03-31 00:15:28','2025-03-31 01:19:22',-64.838480,173.140404,'public'),
(132,'2025-03-23 04:36:26','2025-03-23 05:44:50',70.469335,138.212253,'private'),
(136,'2025-01-29 19:58:03','2025-01-29 20:10:00',32.429265,5.154808,'public'),
(137,'2025-02-10 19:05:02','2025-02-10 20:37:13',-47.128147,-13.870580,'public'),
(138,'2025-01-26 01:49:15','2025-01-26 03:27:13',55.247329,-60.775577,'private'),
(138,'2025-02-28 10:33:51','2025-02-28 10:52:38',-66.494199,127.373134,'private'),
(138,'2025-04-12 21:27:22','2025-04-12 22:30:19',-1.400537,-71.641013,'private'),
(140,'2025-02-01 07:22:11','2025-02-01 07:53:30',32.139498,141.182166,'private'),
(141,'2025-03-14 11:14:59','2025-03-14 11:50:23',-8.699247,-119.894608,'private'),
(141,'2025-03-20 07:30:43','2025-03-20 09:13:39',-48.484516,92.316842,'public'),
(143,'2025-04-15 23:07:49','2025-04-16 00:19:46',78.027995,118.336904,'private'),
(144,'2025-01-24 05:21:09','2025-01-24 06:44:21',-7.781941,-171.700196,'public'),
(144,'2025-01-30 18:03:23','2025-01-30 19:33:28',80.188876,-125.648993,'public'),
(144,'2025-02-26 05:50:53','2025-02-26 06:35:57',23.421035,-153.230692,'private'),
(148,'2025-01-30 17:17:19','2025-01-30 17:53:40',-10.733842,-29.362698,'private'),
(148,'2025-03-18 13:55:16','2025-03-18 14:43:22',-48.156656,33.271821,'public'),
(149,'2025-01-30 10:26:18','2025-01-30 12:16:24',79.223489,-93.258101,'private'),
(149,'2025-04-03 08:25:11','2025-04-03 08:53:35',65.795688,-123.692199,'private');
/*!40000 ALTER TABLE `location` ENABLE KEYS */;
UNLOCK TABLES;

--
-- Table structure for table `pap`
--

DROP TABLE IF EXISTS `pap`;
/*!40101 SET @saved_cs_client     = @@character_set_client */;
/*!40101 SET character_set_client = utf8mb4 */;
CREATE TABLE `pap` (
  `user_id` int(11) NOT NULL,
  `room_id` int(11) NOT NULL,
  `sent_order` int(11) NOT NULL,
  `lens_id` int(11) DEFAULT NULL,
  `content_type` enum('photo','video') NOT NULL,
  `duration` int(11) NOT NULL,
  PRIMARY KEY (`user_id`,`room_id`,`sent_order`),
  KEY `lens_id` (`lens_id`),
  CONSTRAINT `pap_ibfk_1` FOREIGN KEY (`user_id`, `room_id`, `sent_order`) REFERENCES `content` (`user_id`, `room_id`, `sent_order`),
  CONSTRAINT `pap_ibfk_2` FOREIGN KEY (`lens_id`) REFERENCES `lens` (`lens_id`),
  CONSTRAINT `CONSTRAINT_1` CHECK (`content_type` = 'photo' and `duration` = 0 or `content_type` = 'video' and `duration` > 0)
) ENGINE=InnoDB DEFAULT CHARSET=latin1 COLLATE=latin1_swedish_ci;
/*!40101 SET character_set_client = @saved_cs_client */;

--
-- Dumping data for table `pap`
--

LOCK TABLES `pap` WRITE;
/*!40000 ALTER TABLE `pap` DISABLE KEYS */;
INSERT INTO `pap` (`user_id`, `room_id`, `sent_order`, `lens_id`, `content_type`, `duration`) VALUES (2,147,1,214,'video',60),
(3,48,1,122,'photo',0),
(5,45,2,26,'photo',0),
(5,112,1,266,'video',60),
(7,101,1,223,'video',8),
(8,44,1,22,'photo',0),
(9,89,1,134,'video',52),
(9,137,1,3,'photo',0),
(10,103,1,139,'video',6),
(10,106,1,13,'video',12),
(10,126,1,56,'photo',0),
(10,129,1,16,'video',24),
(10,146,1,174,'photo',0),
(11,4,1,42,'video',23),
(11,45,1,77,'video',24),
(13,146,1,257,'photo',0),
(14,22,1,45,'photo',0),
(15,74,1,229,'video',13),
(15,138,1,146,'video',42),
(16,32,1,250,'video',10),
(16,85,1,149,'video',56),
(19,113,1,144,'photo',0),
(19,134,1,17,'video',18),
(20,8,1,155,'photo',0),
(20,29,1,96,'photo',0),
(20,36,1,197,'photo',0),
(20,78,1,230,'photo',0),
(20,92,1,241,'video',38),
(22,123,1,24,'video',3),
(23,87,1,85,'photo',0),
(26,3,1,132,'video',34),
(26,147,1,39,'photo',0),
(27,91,1,41,'video',2),
(29,5,1,14,'video',35),
(29,28,2,77,'video',24),
(29,148,1,157,'photo',0),
(30,138,1,181,'video',52),
(33,53,1,228,'photo',0),
(33,69,1,61,'video',36),
(33,90,1,40,'photo',0),
(33,109,1,238,'photo',0),
(34,3,1,231,'photo',0),
(35,15,1,254,'photo',0),
(35,32,1,156,'video',42),
(36,13,1,201,'video',46),
(37,12,1,24,'photo',0),
(37,104,1,153,'video',51),
(39,74,1,121,'photo',0),
(39,145,1,178,'photo',0),
(39,147,1,60,'video',50),
(41,24,1,162,'video',26),
(41,111,1,33,'photo',0),
(41,144,1,159,'video',10),
(42,36,1,81,'video',18),
(43,17,1,11,'photo',0),
(43,19,1,133,'photo',0),
(43,35,1,79,'photo',0),
(44,72,1,189,'photo',0),
(44,109,1,223,'photo',0),
(45,63,1,239,'video',59),
(47,25,1,66,'video',43),
(47,125,1,126,'photo',0),
(49,36,1,144,'photo',0),
(49,79,1,38,'video',34),
(49,85,1,260,'video',36),
(50,111,1,154,'photo',0),
(51,133,1,97,'video',35),
(52,111,1,113,'photo',0),
(53,19,1,50,'video',60),
(53,47,1,163,'video',26),
(53,95,1,103,'photo',0),
(53,123,1,154,'photo',0),
(54,55,1,236,'photo',0),
(56,73,1,49,'video',12),
(58,118,1,224,'video',29),
(59,126,1,207,'video',40),
(60,25,1,29,'video',34),
(60,144,1,218,'video',35),
(61,77,1,38,'video',7),
(62,145,2,21,'photo',0),
(63,102,1,246,'photo',0),
(63,131,1,67,'photo',0),
(64,121,1,138,'photo',0),
(69,104,1,162,'video',2),
(74,71,1,57,'video',12),
(74,72,1,128,'video',22),
(74,77,1,56,'video',48),
(75,22,1,134,'photo',0),
(76,40,1,254,'photo',0),
(76,85,1,113,'photo',0),
(76,103,1,22,'photo',0),
(77,93,1,61,'photo',0),
(78,4,1,16,'photo',0),
(78,42,1,55,'photo',0),
(78,88,1,29,'photo',0),
(80,99,1,151,'video',18),
(81,53,1,33,'photo',0),
(81,92,1,177,'video',5),
(82,73,1,103,'photo',0),
(83,8,1,19,'photo',0),
(83,28,1,263,'video',43),
(83,80,1,29,'video',55),
(83,106,1,151,'photo',0),
(84,60,1,133,'photo',0),
(86,2,1,175,'video',13),
(88,61,1,29,'photo',0),
(89,60,1,125,'photo',0),
(89,109,1,162,'photo',0),
(89,133,1,183,'video',14),
(91,6,1,65,'video',35),
(91,10,1,255,'photo',0),
(92,62,1,160,'video',11),
(92,134,1,59,'video',37),
(93,8,1,105,'video',19),
(95,123,1,67,'photo',0),
(95,149,1,52,'video',16),
(96,145,1,67,'photo',0),
(97,33,1,50,'photo',0),
(97,42,1,245,'video',54),
(98,57,1,100,'video',44),
(98,124,1,106,'photo',0),
(101,120,1,237,'video',33),
(101,148,1,23,'video',58),
(102,57,1,159,'video',3),
(102,97,1,220,'video',31),
(104,7,1,34,'photo',0),
(104,57,1,45,'video',14),
(105,92,1,72,'photo',0),
(105,114,1,67,'video',39),
(105,128,1,233,'video',38),
(105,133,1,170,'photo',0),
(106,74,1,148,'video',9),
(106,92,1,147,'video',1),
(107,91,1,230,'video',2),
(107,141,1,37,'video',37),
(108,12,1,190,'photo',0),
(108,22,1,37,'video',18),
(108,41,1,160,'video',23),
(108,125,1,105,'photo',0),
(109,60,1,20,'photo',0),
(109,79,1,135,'video',47),
(112,4,1,240,'photo',0),
(112,53,1,83,'video',50),
(112,67,1,192,'photo',0),
(113,49,1,212,'photo',0),
(113,110,1,76,'photo',0),
(113,129,1,104,'video',18),
(114,11,1,130,'photo',0),
(114,91,1,237,'video',43),
(114,104,1,167,'photo',0),
(116,138,1,44,'video',2),
(117,5,1,81,'video',10),
(117,46,1,39,'photo',0),
(117,96,1,122,'video',44),
(118,4,1,210,'video',26),
(118,51,1,88,'photo',0),
(118,81,1,167,'video',16),
(118,105,1,163,'photo',0),
(118,110,1,146,'video',46),
(118,118,1,161,'photo',0),
(119,9,1,147,'photo',0),
(119,40,1,50,'video',50),
(119,96,1,183,'photo',0),
(120,130,1,70,'video',1),
(121,5,1,217,'photo',0),
(121,150,1,204,'video',14),
(122,14,1,234,'photo',0),
(123,86,1,250,'video',28),
(125,150,1,30,'photo',0),
(126,120,1,235,'photo',0),
(126,139,1,139,'photo',0),
(127,19,1,229,'video',11),
(127,32,1,58,'photo',0),
(127,105,1,75,'photo',0),
(128,36,1,40,'photo',0),
(130,38,1,128,'video',44),
(130,105,1,77,'photo',0),
(131,131,1,32,'video',56),
(132,135,1,46,'video',42),
(133,52,1,224,'photo',0),
(133,56,1,225,'video',31),
(133,67,1,65,'video',16),
(133,121,1,67,'video',29),
(134,15,1,185,'photo',0),
(134,114,1,124,'photo',0),
(135,10,1,145,'video',35),
(135,10,2,253,'photo',0),
(136,38,1,112,'video',46),
(136,120,1,196,'video',5),
(137,52,1,133,'video',59),
(137,124,1,96,'photo',0),
(138,3,1,128,'photo',0),
(138,15,1,241,'photo',0),
(139,78,1,264,'photo',0),
(140,84,2,220,'video',34),
(140,118,1,160,'video',23),
(142,12,1,251,'photo',0),
(142,56,1,226,'video',2),
(142,144,1,257,'photo',0),
(143,87,1,247,'video',5),
(144,8,1,99,'photo',0),
(144,81,1,110,'photo',0),
(144,104,1,211,'video',48),
(144,129,1,159,'photo',0),
(145,103,1,124,'photo',0),
(146,37,1,217,'photo',0),
(147,53,1,71,'video',57),
(147,85,1,125,'photo',0),
(147,96,1,248,'photo',0),
(149,51,1,18,'video',18),
(149,111,1,263,'video',27),
(150,6,1,242,'photo',0),
(150,42,1,134,'photo',0),
(150,71,1,114,'photo',0);
/*!40000 ALTER TABLE `pap` ENABLE KEYS */;
UNLOCK TABLES;

--
-- Table structure for table `room_chat`
--

DROP TABLE IF EXISTS `room_chat`;
/*!40101 SET @saved_cs_client     = @@character_set_client */;
/*!40101 SET character_set_client = utf8mb4 */;
CREATE TABLE `room_chat` (
  `room_id` int(11) NOT NULL AUTO_INCREMENT,
  `created_date` date NOT NULL,
  PRIMARY KEY (`room_id`)
) ENGINE=InnoDB AUTO_INCREMENT=151 DEFAULT CHARSET=latin1 COLLATE=latin1_swedish_ci;
/*!40101 SET character_set_client = @saved_cs_client */;

--
-- Dumping data for table `room_chat`
--

LOCK TABLES `room_chat` WRITE;
/*!40000 ALTER TABLE `room_chat` DISABLE KEYS */;
INSERT INTO `room_chat` (`room_id`, `created_date`) VALUES (1,'2025-01-15'),
(2,'2025-02-27'),
(3,'2025-05-14'),
(4,'2025-01-05'),
(5,'2025-02-19'),
(6,'2025-03-27'),
(7,'2025-01-16'),
(8,'2025-03-07'),
(9,'2025-02-08'),
(10,'2025-01-19'),
(11,'2025-05-10'),
(12,'2025-03-15'),
(13,'2025-05-03'),
(14,'2025-01-31'),
(15,'2025-04-09'),
(16,'2025-04-21'),
(17,'2025-04-26'),
(18,'2025-05-02'),
(19,'2025-01-02'),
(20,'2025-05-07'),
(21,'2025-04-22'),
(22,'2025-01-18'),
(23,'2025-05-10'),
(24,'2025-02-25'),
(25,'2025-01-16'),
(26,'2025-04-15'),
(27,'2025-02-02'),
(28,'2025-02-01'),
(29,'2025-01-17'),
(30,'2025-02-03'),
(31,'2025-04-27'),
(32,'2025-05-01'),
(33,'2025-01-25'),
(34,'2025-03-14'),
(35,'2025-03-03'),
(36,'2025-05-06'),
(37,'2025-01-17'),
(38,'2025-02-24'),
(39,'2025-04-14'),
(40,'2025-04-17'),
(41,'2025-04-18'),
(42,'2025-04-12'),
(43,'2025-02-04'),
(44,'2025-02-09'),
(45,'2025-03-11'),
(46,'2025-05-09'),
(47,'2025-01-09'),
(48,'2025-01-31'),
(49,'2025-04-26'),
(50,'2025-02-14'),
(51,'2025-03-17'),
(52,'2025-01-14'),
(53,'2025-05-15'),
(54,'2025-02-22'),
(55,'2025-02-07'),
(56,'2025-01-09'),
(57,'2025-01-08'),
(58,'2025-03-06'),
(59,'2025-03-07'),
(60,'2025-03-04'),
(61,'2025-04-26'),
(62,'2025-05-03'),
(63,'2025-03-21'),
(64,'2025-04-29'),
(65,'2025-04-10'),
(66,'2025-01-16'),
(67,'2025-04-11'),
(68,'2025-03-17'),
(69,'2025-01-13'),
(70,'2025-04-07'),
(71,'2025-01-01'),
(72,'2025-05-03'),
(73,'2025-02-07'),
(74,'2025-04-07'),
(75,'2025-01-05'),
(76,'2025-04-22'),
(77,'2025-04-11'),
(78,'2025-01-13'),
(79,'2025-03-14'),
(80,'2025-01-16'),
(81,'2025-03-01'),
(82,'2025-02-17'),
(83,'2025-04-19'),
(84,'2025-02-14'),
(85,'2025-03-13'),
(86,'2025-01-09'),
(87,'2025-03-06'),
(88,'2025-04-26'),
(89,'2025-03-27'),
(90,'2025-03-06'),
(91,'2025-04-15'),
(92,'2025-03-23'),
(93,'2025-03-27'),
(94,'2025-03-10'),
(95,'2025-05-14'),
(96,'2025-05-09'),
(97,'2025-04-23'),
(98,'2025-02-01'),
(99,'2025-01-20'),
(100,'2025-03-09'),
(101,'2025-04-17'),
(102,'2025-04-11'),
(103,'2025-02-01'),
(104,'2025-04-13'),
(105,'2025-01-31'),
(106,'2025-03-02'),
(107,'2025-01-21'),
(108,'2025-03-09'),
(109,'2025-03-07'),
(110,'2025-05-14'),
(111,'2025-02-23'),
(112,'2025-04-09'),
(113,'2025-05-01'),
(114,'2025-02-17'),
(115,'2025-02-14'),
(116,'2025-03-01'),
(117,'2025-02-04'),
(118,'2025-03-10'),
(119,'2025-05-14'),
(120,'2025-02-19'),
(121,'2025-01-08'),
(122,'2025-02-28'),
(123,'2025-04-14'),
(124,'2025-03-25'),
(125,'2025-04-23'),
(126,'2025-03-06'),
(127,'2025-03-06'),
(128,'2025-04-28'),
(129,'2025-01-11'),
(130,'2025-03-03'),
(131,'2025-04-09'),
(132,'2025-03-09'),
(133,'2025-02-09'),
(134,'2025-02-19'),
(135,'2025-03-07'),
(136,'2025-04-03'),
(137,'2025-01-14'),
(138,'2025-05-07'),
(139,'2025-03-11'),
(140,'2025-01-05'),
(141,'2025-01-05'),
(142,'2025-01-31'),
(143,'2025-04-23'),
(144,'2025-04-09'),
(145,'2025-03-23'),
(146,'2025-04-14'),
(147,'2025-05-15'),
(148,'2025-05-15'),
(149,'2025-05-01'),
(150,'2025-05-03');
/*!40000 ALTER TABLE `room_chat` ENABLE KEYS */;
UNLOCK TABLES;

--
-- Table structure for table `room_join`
--

DROP TABLE IF EXISTS `room_join`;
/*!40101 SET @saved_cs_client     = @@character_set_client */;
/*!40101 SET character_set_client = utf8mb4 */;
CREATE TABLE `room_join` (
  `room_id` int(11) NOT NULL,
  `user_id` int(11) NOT NULL,
  `join_date` date NOT NULL,
  PRIMARY KEY (`room_id`,`user_id`),
  KEY `user_id` (`user_id`),
  CONSTRAINT `room_join_ibfk_1` FOREIGN KEY (`room_id`) REFERENCES `room_chat` (`room_id`),
  CONSTRAINT `room_join_ibfk_2` FOREIGN KEY (`user_id`) REFERENCES `user` (`user_id`)
) ENGINE=InnoDB DEFAULT CHARSET=latin1 COLLATE=latin1_swedish_ci;
/*!40101 SET character_set_client = @saved_cs_client */;

--
-- Dumping data for table `room_join`
--

LOCK TABLES `room_join` WRITE;
/*!40000 ALTER TABLE `room_join` DISABLE KEYS */;
INSERT INTO `room_join` (`room_id`, `user_id`, `join_date`) VALUES (1,59,'2025-01-11'),
(1,117,'2025-02-05'),
(2,5,'2025-05-04'),
(2,19,'2025-03-08'),
(2,40,'2025-04-29'),
(2,66,'2025-03-04'),
(2,86,'2025-01-05'),
(2,102,'2025-03-02'),
(2,103,'2025-04-23'),
(2,125,'2025-02-16'),
(2,141,'2025-01-27'),
(2,144,'2025-01-25'),
(3,26,'2025-04-04'),
(3,34,'2025-04-01'),
(3,85,'2025-02-24'),
(3,138,'2025-02-18'),
(4,1,'2025-01-08'),
(4,11,'2025-01-25'),
(4,77,'2025-04-20'),
(4,78,'2025-01-27'),
(4,112,'2025-03-24'),
(4,114,'2025-05-11'),
(4,118,'2025-02-10'),
(4,137,'2025-03-12'),
(5,29,'2025-03-13'),
(5,40,'2025-02-16'),
(5,43,'2025-03-23'),
(5,56,'2025-02-28'),
(5,117,'2025-02-02'),
(5,121,'2025-05-11'),
(5,122,'2025-01-20'),
(6,48,'2025-04-12'),
(6,50,'2025-02-23'),
(6,78,'2025-04-17'),
(6,91,'2025-02-14'),
(6,150,'2025-03-09'),
(7,9,'2025-01-13'),
(7,26,'2025-03-27'),
(7,67,'2025-02-02'),
(7,90,'2025-03-29'),
(7,104,'2025-02-18'),
(7,150,'2025-03-24'),
(8,20,'2025-03-26'),
(8,49,'2025-04-30'),
(8,60,'2025-03-14'),
(8,83,'2025-02-13'),
(8,93,'2025-03-13'),
(8,144,'2025-02-24'),
(9,11,'2025-04-20'),
(9,64,'2025-01-18'),
(9,119,'2025-02-11'),
(10,25,'2025-03-07'),
(10,39,'2025-02-21'),
(10,55,'2025-03-09'),
(10,85,'2025-03-15'),
(10,91,'2025-02-10'),
(10,118,'2025-03-21'),
(10,135,'2025-03-06'),
(11,14,'2025-01-01'),
(11,32,'2025-01-20'),
(11,52,'2025-02-17'),
(11,78,'2025-04-08'),
(11,92,'2025-03-24'),
(11,105,'2025-03-06'),
(11,114,'2025-05-11'),
(12,37,'2025-03-27'),
(12,58,'2025-02-17'),
(12,108,'2025-03-06'),
(12,112,'2025-01-13'),
(12,118,'2025-01-15'),
(12,142,'2025-03-09'),
(13,8,'2025-02-24'),
(13,30,'2025-02-14'),
(13,36,'2025-03-13'),
(13,85,'2025-04-25'),
(14,2,'2025-01-07'),
(14,38,'2025-04-24'),
(14,63,'2025-01-28'),
(14,122,'2025-05-11'),
(14,149,'2025-01-18'),
(15,35,'2025-02-06'),
(15,97,'2025-03-15'),
(15,109,'2025-03-12'),
(15,113,'2025-02-16'),
(15,134,'2025-05-05'),
(15,138,'2025-05-15'),
(16,90,'2025-03-19'),
(16,96,'2025-03-06'),
(17,4,'2025-03-08'),
(17,27,'2025-02-27'),
(17,43,'2025-01-02'),
(17,119,'2025-01-06'),
(18,135,'2025-05-06'),
(19,29,'2025-03-18'),
(19,43,'2025-04-10'),
(19,51,'2025-02-24'),
(19,53,'2025-03-28'),
(19,77,'2025-05-07'),
(19,127,'2025-01-04'),
(19,148,'2025-04-18'),
(20,110,'2025-04-28'),
(20,116,'2025-03-18'),
(21,42,'2025-02-14'),
(21,48,'2025-01-22'),
(21,63,'2025-01-18'),
(22,14,'2025-05-13'),
(22,75,'2025-05-13'),
(22,80,'2025-04-19'),
(22,108,'2025-05-07'),
(22,122,'2025-03-06'),
(23,16,'2025-02-11'),
(23,43,'2025-02-28'),
(23,119,'2025-03-30'),
(24,7,'2025-02-26'),
(24,21,'2025-02-15'),
(24,32,'2025-02-05'),
(24,41,'2025-05-03'),
(25,46,'2025-03-13'),
(25,47,'2025-04-01'),
(25,60,'2025-03-14'),
(25,121,'2025-01-04'),
(26,3,'2025-02-21'),
(26,18,'2025-04-20'),
(26,97,'2025-04-01'),
(26,123,'2025-01-13'),
(26,139,'2025-01-26'),
(26,144,'2025-04-13'),
(27,14,'2025-05-14'),
(28,29,'2025-05-13'),
(28,67,'2025-04-26'),
(28,73,'2025-05-12'),
(28,83,'2025-03-05'),
(29,12,'2025-01-22'),
(29,20,'2025-04-09'),
(29,139,'2025-04-10'),
(30,44,'2025-01-14'),
(30,83,'2025-04-11'),
(30,111,'2025-03-08'),
(31,50,'2025-03-07'),
(31,62,'2025-02-25'),
(31,105,'2025-05-06'),
(31,123,'2025-04-23'),
(31,130,'2025-05-04'),
(32,16,'2025-02-18'),
(32,33,'2025-03-12'),
(32,35,'2025-01-06'),
(32,39,'2025-03-29'),
(32,44,'2025-02-03'),
(32,121,'2025-04-30'),
(32,127,'2025-01-05'),
(32,139,'2025-03-14'),
(33,5,'2025-03-03'),
(33,26,'2025-01-06'),
(33,86,'2025-02-21'),
(33,97,'2025-04-26'),
(33,120,'2025-02-23'),
(33,133,'2025-04-07'),
(33,147,'2025-02-04'),
(34,18,'2025-03-28'),
(34,77,'2025-01-11'),
(34,89,'2025-05-04'),
(34,101,'2025-01-10'),
(34,115,'2025-05-04'),
(35,16,'2025-01-19'),
(35,43,'2025-03-13'),
(35,55,'2025-02-06'),
(35,61,'2025-05-05'),
(35,74,'2025-01-21'),
(35,87,'2025-03-15'),
(35,118,'2025-05-12'),
(36,20,'2025-04-10'),
(36,25,'2025-03-05'),
(36,42,'2025-04-21'),
(36,49,'2025-04-09'),
(36,75,'2025-04-09'),
(36,95,'2025-01-21'),
(36,128,'2025-05-04'),
(36,149,'2025-04-14'),
(37,54,'2025-02-13'),
(37,61,'2025-04-14'),
(37,92,'2025-05-08'),
(37,118,'2025-02-16'),
(37,146,'2025-04-04'),
(38,14,'2025-01-25'),
(38,92,'2025-02-10'),
(38,95,'2025-01-03'),
(38,97,'2025-04-05'),
(38,130,'2025-04-07'),
(38,136,'2025-02-18'),
(39,20,'2025-01-14'),
(39,70,'2025-01-21'),
(39,129,'2025-03-23'),
(39,131,'2025-01-07'),
(40,76,'2025-02-05'),
(40,84,'2025-03-23'),
(40,91,'2025-04-10'),
(40,119,'2025-04-09'),
(40,148,'2025-05-05'),
(41,11,'2025-02-25'),
(41,19,'2025-04-14'),
(41,64,'2025-03-09'),
(41,82,'2025-01-26'),
(41,108,'2025-04-24'),
(41,136,'2025-01-17'),
(42,51,'2025-04-18'),
(42,63,'2025-04-01'),
(42,78,'2025-01-02'),
(42,97,'2025-01-05'),
(42,114,'2025-04-20'),
(42,150,'2025-01-01'),
(43,71,'2025-01-03'),
(43,84,'2025-01-31'),
(43,105,'2025-01-04'),
(44,8,'2025-02-17'),
(44,18,'2025-04-18'),
(44,63,'2025-02-21'),
(44,117,'2025-04-18'),
(45,5,'2025-03-10'),
(45,6,'2025-04-10'),
(45,11,'2025-04-12'),
(45,51,'2025-02-05'),
(45,115,'2025-04-26'),
(46,16,'2025-03-21'),
(46,46,'2025-03-05'),
(46,117,'2025-03-10'),
(46,131,'2025-03-17'),
(47,13,'2025-02-19'),
(47,53,'2025-01-05'),
(47,55,'2025-05-06'),
(47,75,'2025-01-31'),
(47,78,'2025-01-07'),
(47,114,'2025-01-24'),
(48,3,'2025-02-19'),
(48,53,'2025-03-04'),
(48,94,'2025-01-09'),
(48,102,'2025-04-12'),
(49,16,'2025-04-11'),
(49,71,'2025-05-03'),
(49,74,'2025-03-12'),
(49,88,'2025-02-24'),
(49,111,'2025-04-08'),
(49,113,'2025-05-13'),
(50,16,'2025-05-09'),
(50,49,'2025-05-05'),
(50,112,'2025-02-18'),
(51,10,'2025-04-13'),
(51,118,'2025-02-18'),
(51,149,'2025-04-03'),
(52,20,'2025-02-18'),
(52,35,'2025-01-24'),
(52,37,'2025-02-13'),
(52,77,'2025-02-13'),
(52,79,'2025-01-31'),
(52,94,'2025-03-03'),
(52,121,'2025-03-30'),
(52,133,'2025-01-27'),
(52,137,'2025-05-02'),
(53,33,'2025-05-03'),
(53,81,'2025-04-16'),
(53,96,'2025-01-25'),
(53,98,'2025-04-11'),
(53,112,'2025-03-30'),
(53,147,'2025-01-21'),
(54,35,'2025-02-27'),
(54,54,'2025-03-03'),
(54,87,'2025-01-25'),
(54,142,'2025-02-19'),
(55,45,'2025-02-02'),
(55,54,'2025-02-18'),
(55,126,'2025-04-01'),
(55,128,'2025-02-18'),
(55,137,'2025-04-27'),
(55,147,'2025-04-10'),
(56,84,'2025-02-12'),
(56,115,'2025-04-15'),
(56,120,'2025-04-07'),
(56,129,'2025-02-28'),
(56,130,'2025-03-10'),
(56,133,'2025-03-19'),
(56,142,'2025-02-09'),
(56,148,'2025-01-09'),
(57,5,'2025-01-20'),
(57,17,'2025-03-08'),
(57,23,'2025-02-02'),
(57,98,'2025-05-07'),
(57,102,'2025-02-01'),
(57,104,'2025-02-18'),
(58,60,'2025-02-04'),
(58,135,'2025-04-13'),
(59,13,'2025-04-01'),
(59,65,'2025-03-31'),
(59,111,'2025-01-14'),
(59,132,'2025-04-16'),
(60,38,'2025-04-04'),
(60,51,'2025-01-12'),
(60,84,'2025-02-03'),
(60,89,'2025-02-08'),
(60,109,'2025-05-14'),
(61,14,'2025-05-01'),
(61,35,'2025-04-07'),
(61,63,'2025-02-07'),
(61,66,'2025-02-21'),
(61,88,'2025-03-02'),
(61,93,'2025-01-04'),
(61,95,'2025-03-16'),
(61,96,'2025-01-13'),
(62,54,'2025-03-06'),
(62,69,'2025-04-08'),
(62,92,'2025-03-10'),
(62,93,'2025-05-14'),
(62,113,'2025-05-06'),
(62,125,'2025-01-09'),
(63,45,'2025-04-08'),
(63,110,'2025-04-30'),
(63,111,'2025-03-29'),
(63,122,'2025-02-11'),
(64,5,'2025-01-23'),
(64,38,'2025-01-22'),
(65,7,'2025-02-12'),
(65,94,'2025-05-06'),
(65,143,'2025-04-20'),
(66,39,'2025-05-09'),
(66,47,'2025-03-14'),
(66,51,'2025-01-10'),
(66,114,'2025-03-31'),
(66,149,'2025-01-02'),
(67,50,'2025-03-21'),
(67,83,'2025-02-21'),
(67,108,'2025-05-08'),
(67,112,'2025-02-08'),
(67,119,'2025-02-28'),
(67,133,'2025-03-10'),
(68,29,'2025-04-19'),
(68,148,'2025-01-15'),
(69,33,'2025-04-16'),
(69,60,'2025-02-06'),
(69,86,'2025-04-22'),
(69,101,'2025-03-21'),
(69,107,'2025-04-10'),
(69,123,'2025-04-08'),
(70,74,'2025-03-17'),
(70,128,'2025-04-15'),
(71,20,'2025-01-17'),
(71,74,'2025-03-09'),
(71,91,'2025-01-06'),
(71,97,'2025-02-12'),
(71,125,'2025-02-24'),
(71,136,'2025-02-26'),
(71,138,'2025-03-06'),
(71,150,'2025-04-13'),
(72,23,'2025-03-13'),
(72,44,'2025-04-08'),
(72,74,'2025-05-14'),
(72,122,'2025-01-16'),
(72,125,'2025-01-05'),
(72,130,'2025-04-21'),
(73,9,'2025-03-19'),
(73,26,'2025-04-14'),
(73,55,'2025-03-24'),
(73,56,'2025-03-14'),
(73,82,'2025-05-13'),
(74,15,'2025-02-10'),
(74,31,'2025-01-14'),
(74,39,'2025-02-19'),
(74,43,'2025-02-24'),
(74,106,'2025-02-02'),
(75,36,'2025-01-13'),
(75,64,'2025-01-24'),
(75,70,'2025-01-14'),
(75,84,'2025-01-06'),
(75,87,'2025-04-18'),
(75,111,'2025-04-25'),
(75,126,'2025-01-23'),
(76,34,'2025-02-28'),
(76,57,'2025-04-18'),
(76,73,'2025-05-12'),
(76,74,'2025-04-02'),
(76,118,'2025-05-15'),
(76,134,'2025-03-24'),
(77,42,'2025-04-15'),
(77,60,'2025-02-11'),
(77,61,'2025-03-13'),
(77,74,'2025-01-31'),
(78,20,'2025-03-22'),
(78,36,'2025-04-11'),
(78,67,'2025-02-08'),
(78,87,'2025-05-02'),
(78,136,'2025-03-08'),
(78,139,'2025-04-11'),
(79,49,'2025-04-22'),
(79,80,'2025-01-16'),
(79,84,'2025-03-30'),
(79,109,'2025-04-23'),
(79,115,'2025-02-20'),
(80,24,'2025-01-20'),
(80,50,'2025-05-10'),
(80,83,'2025-01-02'),
(80,106,'2025-04-05'),
(81,9,'2025-02-24'),
(81,118,'2025-02-07'),
(81,144,'2025-01-12'),
(81,147,'2025-04-26'),
(81,150,'2025-02-22'),
(82,7,'2025-04-21'),
(82,9,'2025-03-17'),
(82,49,'2025-02-17'),
(82,56,'2025-02-17'),
(82,60,'2025-03-26'),
(82,83,'2025-01-05'),
(82,96,'2025-03-16'),
(82,136,'2025-04-29'),
(83,2,'2025-05-04'),
(83,3,'2025-04-13'),
(83,90,'2025-02-26'),
(84,16,'2025-05-08'),
(84,21,'2025-03-21'),
(84,29,'2025-03-07'),
(84,30,'2025-04-11'),
(84,140,'2025-01-27'),
(85,16,'2025-03-19'),
(85,49,'2025-03-23'),
(85,76,'2025-03-21'),
(85,128,'2025-05-06'),
(85,147,'2025-03-09'),
(86,18,'2025-01-19'),
(86,22,'2025-05-03'),
(86,53,'2025-04-14'),
(86,99,'2025-05-14'),
(86,123,'2025-05-09'),
(86,141,'2025-03-13'),
(87,23,'2025-01-21'),
(87,29,'2025-01-21'),
(87,43,'2025-01-18'),
(87,59,'2025-03-15'),
(87,109,'2025-02-19'),
(87,122,'2025-02-17'),
(87,133,'2025-01-12'),
(87,143,'2025-01-20'),
(88,7,'2025-03-14'),
(88,78,'2025-01-19'),
(88,80,'2025-02-13'),
(88,91,'2025-01-30'),
(88,122,'2025-03-12'),
(89,9,'2025-03-02'),
(89,16,'2025-05-06'),
(89,72,'2025-03-13'),
(89,97,'2025-02-03'),
(89,134,'2025-05-07'),
(89,135,'2025-02-08'),
(90,33,'2025-01-09'),
(90,103,'2025-03-08'),
(91,27,'2025-01-20'),
(91,63,'2025-02-03'),
(91,72,'2025-03-10'),
(91,99,'2025-04-05'),
(91,107,'2025-01-10'),
(91,114,'2025-02-24'),
(91,141,'2025-05-12'),
(91,144,'2025-03-23'),
(92,20,'2025-01-20'),
(92,37,'2025-05-06'),
(92,52,'2025-02-21'),
(92,81,'2025-03-12'),
(92,105,'2025-04-19'),
(92,106,'2025-01-10'),
(92,109,'2025-01-19'),
(93,14,'2025-03-31'),
(93,26,'2025-03-09'),
(93,39,'2025-02-19'),
(93,43,'2025-03-04'),
(93,64,'2025-01-10'),
(93,77,'2025-03-01'),
(93,81,'2025-03-28'),
(93,133,'2025-02-16'),
(93,141,'2025-04-09'),
(94,14,'2025-03-13'),
(94,42,'2025-03-25'),
(94,100,'2025-04-01'),
(94,115,'2025-05-14'),
(94,147,'2025-03-29'),
(95,3,'2025-01-09'),
(95,21,'2025-03-23'),
(95,47,'2025-04-27'),
(95,53,'2025-05-07'),
(95,76,'2025-02-09'),
(95,128,'2025-04-18'),
(95,133,'2025-02-27'),
(96,19,'2025-02-12'),
(96,76,'2025-04-19'),
(96,97,'2025-04-15'),
(96,105,'2025-02-03'),
(96,117,'2025-01-15'),
(96,119,'2025-03-01'),
(96,147,'2025-01-18'),
(97,26,'2025-02-08'),
(97,34,'2025-01-12'),
(97,36,'2025-02-06'),
(97,59,'2025-05-14'),
(97,76,'2025-03-29'),
(97,102,'2025-02-18'),
(97,139,'2025-03-22'),
(98,21,'2025-04-21'),
(98,35,'2025-04-15'),
(99,20,'2025-05-07'),
(99,37,'2025-04-28'),
(99,54,'2025-04-29'),
(99,72,'2025-01-28'),
(99,80,'2025-02-09'),
(99,92,'2025-04-26'),
(100,27,'2025-05-09'),
(100,43,'2025-04-07'),
(100,81,'2025-02-03'),
(100,94,'2025-03-14'),
(100,111,'2025-05-01'),
(101,7,'2025-01-23'),
(101,10,'2025-03-20'),
(101,148,'2025-01-11'),
(102,36,'2025-01-12'),
(102,59,'2025-05-01'),
(102,63,'2025-04-28'),
(102,82,'2025-03-21'),
(102,112,'2025-03-16'),
(103,10,'2025-03-11'),
(103,19,'2025-02-14'),
(103,76,'2025-04-10'),
(103,106,'2025-02-04'),
(103,127,'2025-04-11'),
(103,145,'2025-04-10'),
(104,25,'2025-01-11'),
(104,37,'2025-04-24'),
(104,49,'2025-04-15'),
(104,56,'2025-04-10'),
(104,69,'2025-02-27'),
(104,114,'2025-01-19'),
(104,144,'2025-02-25'),
(105,50,'2025-04-17'),
(105,86,'2025-02-09'),
(105,100,'2025-02-27'),
(105,118,'2025-02-11'),
(105,127,'2025-03-07'),
(105,130,'2025-03-21'),
(106,8,'2025-01-03'),
(106,10,'2025-04-21'),
(106,21,'2025-02-20'),
(106,76,'2025-04-26'),
(106,83,'2025-04-10'),
(107,13,'2025-04-12'),
(107,113,'2025-05-06'),
(107,140,'2025-04-11'),
(107,146,'2025-04-11'),
(108,22,'2025-03-09'),
(108,49,'2025-04-08'),
(108,87,'2025-03-19'),
(108,131,'2025-04-19'),
(109,20,'2025-04-24'),
(109,33,'2025-01-11'),
(109,36,'2025-02-26'),
(109,44,'2025-01-29'),
(109,89,'2025-05-13'),
(110,66,'2025-04-23'),
(110,113,'2025-03-16'),
(110,118,'2025-03-13'),
(110,132,'2025-02-10'),
(111,8,'2025-02-05'),
(111,32,'2025-01-21'),
(111,41,'2025-03-31'),
(111,50,'2025-03-23'),
(111,52,'2025-03-18'),
(111,56,'2025-04-02'),
(111,129,'2025-03-07'),
(111,149,'2025-03-02'),
(112,5,'2025-04-28'),
(112,50,'2025-04-21'),
(112,109,'2025-05-09'),
(113,19,'2025-04-11'),
(113,39,'2025-01-04'),
(113,56,'2025-02-26'),
(113,116,'2025-04-02'),
(114,3,'2025-02-19'),
(114,33,'2025-03-10'),
(114,89,'2025-01-17'),
(114,97,'2025-05-04'),
(114,105,'2025-04-27'),
(114,134,'2025-02-20'),
(114,136,'2025-04-12'),
(114,148,'2025-01-27'),
(115,30,'2025-04-24'),
(115,68,'2025-04-23'),
(115,94,'2025-02-09'),
(115,132,'2025-03-30'),
(115,148,'2025-01-02'),
(116,5,'2025-01-01'),
(116,23,'2025-04-16'),
(116,81,'2025-05-08'),
(117,1,'2025-02-13'),
(117,15,'2025-03-31'),
(117,109,'2025-02-10'),
(117,129,'2025-03-25'),
(117,133,'2025-05-13'),
(117,147,'2025-03-28'),
(118,58,'2025-01-26'),
(118,82,'2025-02-07'),
(118,83,'2025-03-25'),
(118,118,'2025-04-17'),
(118,134,'2025-04-30'),
(118,140,'2025-03-09'),
(119,2,'2025-05-10'),
(119,28,'2025-05-04'),
(119,31,'2025-03-26'),
(119,56,'2025-04-02'),
(119,148,'2025-02-15'),
(120,11,'2025-05-15'),
(120,82,'2025-02-17'),
(120,101,'2025-01-14'),
(120,126,'2025-03-29'),
(120,136,'2025-04-05'),
(120,147,'2025-04-14'),
(121,5,'2025-02-07'),
(121,20,'2025-05-05'),
(121,46,'2025-02-20'),
(121,64,'2025-02-18'),
(121,74,'2025-04-16'),
(121,123,'2025-01-11'),
(121,133,'2025-02-13'),
(121,141,'2025-04-17'),
(122,5,'2025-04-12'),
(122,13,'2025-02-16'),
(122,99,'2025-03-24'),
(122,133,'2025-04-19'),
(123,18,'2025-04-10'),
(123,22,'2025-03-25'),
(123,47,'2025-03-12'),
(123,53,'2025-02-26'),
(123,76,'2025-03-16'),
(123,80,'2025-01-13'),
(123,82,'2025-03-08'),
(123,95,'2025-02-11'),
(124,64,'2025-04-03'),
(124,98,'2025-03-30'),
(124,137,'2025-01-13'),
(124,138,'2025-01-09'),
(125,47,'2025-03-07'),
(125,59,'2025-03-12'),
(125,95,'2025-02-05'),
(125,101,'2025-03-21'),
(125,108,'2025-01-05'),
(125,113,'2025-01-18'),
(125,124,'2025-01-23'),
(126,10,'2025-05-08'),
(126,59,'2025-04-16'),
(126,86,'2025-04-04'),
(126,128,'2025-01-21'),
(127,10,'2025-02-07'),
(127,38,'2025-03-28'),
(127,47,'2025-04-10'),
(127,81,'2025-02-05'),
(127,91,'2025-05-03'),
(127,144,'2025-03-13'),
(127,149,'2025-03-10'),
(128,42,'2025-05-14'),
(128,50,'2025-01-18'),
(128,105,'2025-01-06'),
(129,10,'2025-04-15'),
(129,30,'2025-01-10'),
(129,82,'2025-03-05'),
(129,113,'2025-04-03'),
(129,144,'2025-01-17'),
(130,60,'2025-01-24'),
(130,64,'2025-03-04'),
(130,98,'2025-03-07'),
(130,120,'2025-04-07'),
(131,63,'2025-05-10'),
(131,109,'2025-03-05'),
(131,118,'2025-01-10'),
(131,131,'2025-02-11'),
(131,146,'2025-04-14'),
(132,12,'2025-02-10'),
(132,22,'2025-04-11'),
(132,31,'2025-03-27'),
(132,65,'2025-04-01'),
(132,88,'2025-04-26'),
(132,98,'2025-03-16'),
(132,105,'2025-03-03'),
(132,110,'2025-04-26'),
(133,50,'2025-04-12'),
(133,51,'2025-01-05'),
(133,61,'2025-02-11'),
(133,79,'2025-03-28'),
(133,89,'2025-01-31'),
(133,90,'2025-03-14'),
(133,105,'2025-05-09'),
(133,132,'2025-03-18'),
(134,16,'2025-04-05'),
(134,19,'2025-01-05'),
(134,41,'2025-02-19'),
(134,46,'2025-03-17'),
(134,77,'2025-04-22'),
(134,92,'2025-03-12'),
(134,99,'2025-04-15'),
(135,86,'2025-01-18'),
(135,96,'2025-02-25'),
(135,107,'2025-01-15'),
(135,120,'2025-04-01'),
(135,126,'2025-02-17'),
(135,132,'2025-01-28'),
(135,135,'2025-04-06'),
(136,34,'2025-04-25'),
(136,47,'2025-02-21'),
(136,63,'2025-03-14'),
(136,114,'2025-01-22'),
(136,132,'2025-01-10'),
(137,9,'2025-01-24'),
(137,57,'2025-04-06'),
(137,74,'2025-03-15'),
(137,140,'2025-03-22'),
(138,15,'2025-03-27'),
(138,30,'2025-01-20'),
(138,45,'2025-05-02'),
(138,57,'2025-03-09'),
(138,86,'2025-02-25'),
(138,116,'2025-03-21'),
(139,39,'2025-04-25'),
(139,51,'2025-04-07'),
(139,76,'2025-02-01'),
(139,124,'2025-04-30'),
(139,126,'2025-03-14'),
(139,136,'2025-01-16'),
(140,34,'2025-04-24'),
(140,36,'2025-03-22'),
(140,59,'2025-01-18'),
(140,114,'2025-04-14'),
(141,82,'2025-01-23'),
(141,107,'2025-02-22'),
(141,138,'2025-05-02'),
(142,32,'2025-02-08'),
(142,74,'2025-03-10'),
(142,145,'2025-01-20'),
(142,149,'2025-01-20'),
(143,26,'2025-03-30'),
(143,136,'2025-03-09'),
(143,144,'2025-01-03'),
(144,22,'2025-02-23'),
(144,33,'2025-03-30'),
(144,41,'2025-04-19'),
(144,60,'2025-03-28'),
(144,91,'2025-01-22'),
(144,139,'2025-04-18'),
(144,142,'2025-04-07'),
(145,39,'2025-03-26'),
(145,44,'2025-03-08'),
(145,62,'2025-05-02'),
(145,76,'2025-03-26'),
(145,96,'2025-01-04'),
(145,102,'2025-02-23'),
(146,10,'2025-02-03'),
(146,13,'2025-03-14'),
(146,144,'2025-05-06'),
(147,2,'2025-01-31'),
(147,26,'2025-03-29'),
(147,33,'2025-01-31'),
(147,39,'2025-03-26'),
(147,84,'2025-01-04'),
(147,96,'2025-01-21'),
(147,114,'2025-03-30'),
(147,129,'2025-04-17'),
(147,142,'2025-02-23'),
(148,5,'2025-01-14'),
(148,29,'2025-03-17'),
(148,101,'2025-01-10'),
(148,127,'2025-03-22'),
(149,14,'2025-05-13'),
(149,90,'2025-02-25'),
(149,94,'2025-03-05'),
(149,95,'2025-03-26'),
(149,96,'2025-03-12'),
(149,126,'2025-05-11'),
(149,143,'2025-02-07'),
(150,18,'2025-02-20'),
(150,103,'2025-01-15'),
(150,106,'2025-05-14'),
(150,121,'2025-02-17'),
(150,125,'2025-01-11'),
(150,129,'2025-01-17');
/*!40000 ALTER TABLE `room_join` ENABLE KEYS */;
UNLOCK TABLES;

--
-- Table structure for table `subscription`
--

DROP TABLE IF EXISTS `subscription`;
/*!40101 SET @saved_cs_client     = @@character_set_client */;
/*!40101 SET character_set_client = utf8mb4 */;
CREATE TABLE `subscription` (
  `subscription_number` int(11) NOT NULL AUTO_INCREMENT,
  `user_id` int(11) DEFAULT NULL,
  `subscribe_date` date NOT NULL,
  `expire_date` date NOT NULL,
  `status` tinyint(4) NOT NULL,
  PRIMARY KEY (`subscription_number`),
  KEY `user_id` (`user_id`),
  CONSTRAINT `subscription_ibfk_1` FOREIGN KEY (`user_id`) REFERENCES `user` (`user_id`)
) ENGINE=InnoDB AUTO_INCREMENT=151 DEFAULT CHARSET=latin1 COLLATE=latin1_swedish_ci;
/*!40101 SET character_set_client = @saved_cs_client */;

--
-- Dumping data for table `subscription`
--

LOCK TABLES `subscription` WRITE;
/*!40000 ALTER TABLE `subscription` DISABLE KEYS */;
INSERT INTO `subscription` (`subscription_number`, `user_id`, `subscribe_date`, `expire_date`, `status`) VALUES (1,28,'2025-01-19','2025-04-23',0),
(2,142,'2025-05-13','2025-01-16',1),
(3,51,'2025-03-19','2025-04-14',1),
(4,72,'2025-03-27','2025-03-28',0),
(5,121,'2025-01-09','2025-05-15',0),
(6,22,'2025-02-25','2025-03-17',1),
(7,65,'2025-02-28','2025-01-07',1),
(8,134,'2025-02-23','2025-04-08',0),
(9,116,'2025-04-06','2025-02-22',1),
(10,62,'2025-01-09','2025-01-28',0),
(11,111,'2025-02-14','2025-04-08',1),
(12,117,'2025-03-02','2025-04-15',1),
(13,129,'2025-05-13','2025-04-04',1),
(14,6,'2025-01-12','2025-04-19',0),
(15,44,'2025-01-23','2025-04-14',0),
(16,58,'2025-01-03','2025-04-10',0),
(17,112,'2025-01-07','2025-05-13',0),
(18,75,'2025-02-27','2025-03-26',0),
(19,89,'2025-05-04','2025-04-11',0),
(20,34,'2025-03-19','2025-02-27',1),
(21,53,'2025-05-14','2025-03-28',1),
(22,76,'2025-03-02','2025-04-14',0),
(23,133,'2025-01-03','2025-01-20',0),
(24,126,'2025-01-24','2025-03-15',1),
(25,48,'2025-03-16','2025-04-14',0),
(26,26,'2025-02-22','2025-03-07',0),
(27,21,'2025-05-13','2025-03-06',1),
(28,18,'2025-03-02','2025-02-22',1),
(29,66,'2025-01-19','2025-02-15',0),
(30,40,'2025-04-24','2025-03-28',1),
(31,90,'2025-04-02','2025-01-12',1),
(32,17,'2025-02-27','2025-03-26',0),
(33,108,'2025-01-27','2025-04-26',1),
(34,94,'2025-01-13','2025-04-21',1),
(35,74,'2025-02-11','2025-01-15',1),
(36,88,'2025-02-09','2025-01-09',0),
(37,45,'2025-02-16','2025-01-21',1),
(38,55,'2025-05-05','2025-02-19',0),
(39,42,'2025-05-06','2025-04-21',0),
(40,29,'2025-02-11','2025-04-11',0),
(41,19,'2025-02-08','2025-03-22',1),
(42,1,'2025-02-04','2025-03-06',0),
(43,139,'2025-04-19','2025-02-02',1),
(44,137,'2025-02-22','2025-04-30',1),
(45,115,'2025-01-31','2025-04-10',0),
(46,47,'2025-04-24','2025-01-19',1),
(47,147,'2025-01-23','2025-05-01',1),
(48,150,'2025-01-06','2025-03-12',0),
(49,11,'2025-05-12','2025-05-13',0),
(50,41,'2025-02-10','2025-01-28',1),
(51,73,'2025-02-25','2025-05-14',1),
(52,57,'2025-04-26','2025-01-11',0),
(53,31,'2025-01-18','2025-01-18',1),
(54,24,'2025-04-16','2025-03-06',0),
(55,146,'2025-03-25','2025-04-04',1),
(56,2,'2025-03-15','2025-01-06',1),
(57,110,'2025-04-05','2025-05-05',1),
(58,12,'2025-01-11','2025-02-18',0),
(59,77,'2025-03-03','2025-04-15',1),
(60,14,'2025-05-04','2025-01-31',0),
(61,37,'2025-02-15','2025-02-17',1),
(62,10,'2025-04-10','2025-01-09',0),
(63,82,'2025-02-15','2025-02-03',0),
(64,127,'2025-04-11','2025-04-01',1),
(65,7,'2025-02-25','2025-04-28',1),
(66,23,'2025-03-29','2025-02-03',1),
(67,107,'2025-01-25','2025-01-21',1),
(68,43,'2025-01-24','2025-01-28',1),
(69,144,'2025-05-12','2025-05-12',0),
(70,122,'2025-02-18','2025-04-13',0),
(71,87,'2025-01-18','2025-03-28',0),
(72,145,'2025-04-01','2025-02-05',0),
(73,143,'2025-02-11','2025-05-09',0),
(74,25,'2025-05-15','2025-03-16',1),
(75,84,'2025-02-23','2025-03-25',1),
(76,118,'2025-01-26','2025-03-18',0),
(77,83,'2025-03-11','2025-03-13',1),
(78,9,'2025-03-05','2025-03-31',0),
(79,79,'2025-04-24','2025-01-27',1),
(80,5,'2025-01-02','2025-04-14',0),
(81,96,'2025-04-08','2025-01-10',1),
(82,30,'2025-04-11','2025-04-24',1),
(83,91,'2025-02-11','2025-01-24',0),
(84,38,'2025-03-21','2025-01-27',1),
(85,128,'2025-05-02','2025-03-14',0),
(86,8,'2025-04-29','2025-03-26',1),
(87,4,'2025-03-01','2025-04-01',0),
(88,86,'2025-04-26','2025-01-20',1),
(89,101,'2025-03-02','2025-01-29',0),
(90,138,'2025-05-11','2025-02-02',1),
(91,27,'2025-03-30','2025-01-04',0),
(92,69,'2025-04-21','2025-04-25',0),
(93,131,'2025-02-17','2025-01-14',1),
(94,99,'2025-02-28','2025-04-20',1),
(95,113,'2025-04-18','2025-02-12',1),
(96,104,'2025-02-28','2025-02-26',1),
(97,49,'2025-02-06','2025-04-22',0),
(98,85,'2025-02-22','2025-01-09',1),
(99,123,'2025-03-24','2025-02-23',1),
(100,32,'2025-02-14','2025-02-09',1),
(101,3,'2025-03-26','2025-03-03',1),
(102,98,'2025-02-01','2025-05-04',0),
(103,103,'2025-02-17','2025-03-21',1),
(104,20,'2025-04-29','2025-04-26',0),
(105,61,'2025-03-23','2025-04-09',1),
(106,68,'2025-05-03','2025-02-05',0),
(107,130,'2025-03-01','2025-02-13',0),
(108,36,'2025-03-30','2025-01-12',1),
(109,80,'2025-05-08','2025-02-12',0),
(110,132,'2025-04-27','2025-05-02',0),
(111,120,'2025-03-20','2025-05-05',0),
(112,13,'2025-04-28','2025-01-28',1),
(113,15,'2025-05-15','2025-01-12',0),
(114,140,'2025-04-02','2025-01-06',1),
(115,78,'2025-02-24','2025-02-10',0),
(116,39,'2025-02-19','2025-04-07',1),
(117,106,'2025-02-07','2025-04-22',1),
(118,35,'2025-03-19','2025-04-08',0),
(119,141,'2025-04-11','2025-03-31',1),
(120,71,'2025-02-08','2025-01-23',1),
(121,56,'2025-02-25','2025-05-13',0),
(122,59,'2025-04-23','2025-04-15',1),
(123,46,'2025-02-18','2025-03-23',0),
(124,52,'2025-04-27','2025-04-26',1),
(125,100,'2025-04-21','2025-03-01',1),
(126,81,'2025-03-23','2025-01-30',1),
(127,67,'2025-03-04','2025-05-06',1),
(128,64,'2025-03-07','2025-04-11',0),
(129,114,'2025-04-10','2025-04-17',1),
(130,105,'2025-01-26','2025-01-02',0),
(131,54,'2025-01-26','2025-03-30',0),
(132,109,'2025-03-07','2025-03-30',0),
(133,33,'2025-03-30','2025-01-10',0),
(134,50,'2025-03-19','2025-04-09',0),
(135,92,'2025-04-15','2025-04-27',0),
(136,63,'2025-02-01','2025-04-03',0),
(137,148,'2025-02-02','2025-01-31',0),
(138,136,'2025-05-04','2025-05-04',1),
(139,102,'2025-03-24','2025-03-14',1),
(140,125,'2025-01-13','2025-01-02',1),
(141,149,'2025-03-07','2025-05-08',0),
(142,119,'2025-05-02','2025-03-14',1),
(143,124,'2025-01-09','2025-01-18',0),
(144,135,'2025-04-06','2025-01-05',1),
(145,97,'2025-04-22','2025-02-15',1),
(146,95,'2025-03-25','2025-04-09',1),
(147,60,'2025-02-05','2025-01-14',0),
(148,16,'2025-02-23','2025-04-12',1),
(149,70,'2025-03-11','2025-02-02',0),
(150,93,'2025-02-07','2025-05-10',1);
/*!40000 ALTER TABLE `subscription` ENABLE KEYS */;
UNLOCK TABLES;

--
-- Table structure for table `user`
--

DROP TABLE IF EXISTS `user`;
/*!40101 SET @saved_cs_client     = @@character_set_client */;
/*!40101 SET character_set_client = utf8mb4 */;
CREATE TABLE `user` (
  `user_id` int(11) NOT NULL AUTO_INCREMENT,
  `email` varchar(100) NOT NULL,
  `password` varchar(100) NOT NULL,
  `username` varchar(50) NOT NULL,
  `telp_num` varchar(15) DEFAULT NULL,
  `birthdate` date DEFAULT NULL,
  `date_created` date NOT NULL,
  `level_id` int(11) DEFAULT NULL,
  PRIMARY KEY (`user_id`),
  UNIQUE KEY `email` (`email`),
  UNIQUE KEY `username` (`username`),
  KEY `level_id` (`level_id`),
  CONSTRAINT `user_ibfk_1` FOREIGN KEY (`level_id`) REFERENCES `lens_level` (`level_id`)
) ENGINE=InnoDB AUTO_INCREMENT=151 DEFAULT CHARSET=latin1 COLLATE=latin1_swedish_ci;
/*!40101 SET character_set_client = @saved_cs_client */;

--
-- Dumping data for table `user`
--

LOCK TABLES `user` WRITE;
/*!40000 ALTER TABLE `user` DISABLE KEYS */;
INSERT INTO `user` (`user_id`, `email`, `password`, `username`, `telp_num`, `birthdate`, `date_created`, `level_id`) VALUES (1,'gboyd@example.net','#52N6@Pbvn','davisrobert','08162207270','1966-06-02','2022-04-01',0),
(2,'sarahnelson@example.net','*QIQ96hR#0','wgarner','08345136159','1957-12-29','2024-08-07',NULL),
(3,'wbaker@example.org','x_Z3KjN6WP','enash','08766754380','1968-02-17','2024-06-05',0),
(4,'jamesjohnson@example.com','+2s^G1UsbP','xsuarez','08796351794','1992-06-24','2020-07-28',0),
(5,'heatherwalker@example.org','cU&Sbs#i#5','watkinsjason','08812732515','1993-07-15','2024-01-22',NULL),
(6,'jasmine87@example.org','7ex*1Maly+','swillis','08218441703','1971-11-19','2024-05-10',0),
(7,'david41@example.org','!tsNx!Qln4','hayesjoseph','08026306398','1972-05-29','2022-10-03',NULL),
(8,'wagnercourtney@example.net','l3hbXt$&*c','thomaskenneth','08539046381','1960-11-07','2020-10-30',0),
(9,'zcrawford@example.net','LL3R8Qiw*7','nicholsonjames','08487242456','1999-09-27','2020-02-13',0),
(10,'ssmith@example.net','C&1Ee$We2)','westmatthew','08989252412','1985-08-18','2024-02-07',NULL),
(11,'jhenry@example.net','P)7ApNyW%&','ryan51','08512228750','2006-05-24','2025-04-25',NULL),
(12,'carterkathryn@example.org','Lsx4@Nmjj&','cody43','08081339906','1991-03-13','2024-05-31',0),
(13,'dmoore@example.net','TCVb5AQc^_','roy43','08325639015','1978-06-11','2023-02-26',3),
(14,'codom@example.com','e5OXf7ni^w','samuel42','08586370202','1997-10-05','2020-03-07',2),
(15,'jamescaitlyn@example.net',')yuGrMY5u2','julie47','08324251849','2006-12-04','2023-07-27',NULL),
(16,'princechristopher@example.com','&1O5rYvPr)','smithdaniel','08837881760','1965-10-05','2021-09-10',0),
(17,'christine74@example.net','%n0FUxHEi8','dennis28','08021124045','2004-12-30','2024-11-18',0),
(18,'wchavez@example.com',')3DUBw*Mk1','samuelruiz','08992314209','1963-08-02','2020-04-05',0),
(19,'christopher06@example.net','xU#1CxgKb1','brooksjason','08007388057','1969-03-20','2023-02-21',NULL),
(20,'derek86@example.com','&czH7QHKV$','orobinson','08566550039','1971-02-22','2020-05-29',0),
(21,'franklincharles@example.org','m9dQx^Zn_%','ctran','08735298800','2004-12-18','2021-12-07',0),
(22,'moniquefisher@example.org','^ieQlHv58J','nmorgan','08363956768','1994-09-02','2024-04-04',0),
(23,'ashleydeborah@example.net','8$N2H%ya&u','annasmith','08133249750','2000-02-06','2022-01-12',NULL),
(24,'hallmatthew@example.com','(A8R+xxg!!','davidgarcia','08840878891','2003-05-24','2021-07-11',NULL),
(25,'jeffreytyler@example.net','j*Q1DN7l*(','brian96','08064148871','1980-07-31','2022-01-10',NULL),
(26,'nashlucas@example.org','KWe0FuCi8_','jameslawrence','08028647405','1964-06-11','2022-06-30',0),
(27,'omar22@example.net','*8$5Us4k#u','kimberlysanchez','08672780765','1979-02-04','2023-09-01',NULL),
(28,'holly32@example.com','m5_8tHuhm@','cmorales','08049203146','2007-05-04','2021-01-02',0),
(29,'timothyalvarado@example.com',')dmQZ_z!z4','cknight','08561588200','1964-07-08','2022-03-09',0),
(30,'terrijohnson@example.net','ie3SF4q0%I','carriebarnes','08167445749','1999-06-14','2024-03-01',0),
(31,'fbates@example.net','rGGy2F)p+5','nferrell','08428160181','1994-08-07','2022-05-14',0),
(32,'andrea26@example.com','R&2YBeEn9U','jonesryan','08760884684','1982-07-30','2024-11-10',NULL),
(33,'rebeccaross@example.net','M#Y7363hyX','jonathan63','08666268494','1987-07-16','2022-03-03',0),
(34,'michaelcampbell@example.com','l88N7GQm)h','michael80','08624180387','1992-06-18','2023-01-28',NULL),
(35,'reidlaura@example.org','(b3s+YPzNG','sararoberson','08101104371','1958-11-11','2020-11-10',0),
(36,'yramsey@example.net','#0vWCeFZ59','ronnie40','08278332006','1967-12-13','2024-02-19',0),
(37,'carly03@example.org','6W3D2Y3g$G','vhaney','08198139198','1971-10-21','2023-02-03',0),
(38,'ohodge@example.net','P#g5Glx2Xi','fosterlaura','08064314398','1982-06-02','2021-01-20',NULL),
(39,'romeromatthew@example.com','(JBk5Xw3!V','gjohnson','08871286847','1991-08-15','2023-08-31',0),
(40,'fmacias@example.net','16*u1Qz(%!','ymartinez','08373996838','1964-09-15','2024-05-04',0),
(41,'thomas30@example.net','ty$0A)pCxU','nicholastaylor','08095626676','1970-12-24','2020-01-08',0),
(42,'connie83@example.org','$MjE5%eaO@','csullivan','08300468624','2004-03-05','2023-07-16',NULL),
(43,'onorris@example.org','15PN4_u&@h','cabrerajoseph','08680167529','1976-03-25','2025-02-19',0),
(44,'deborahjefferson@example.org','#827pW%fWG','gillmichael','08623358505','1964-12-02','2025-02-19',0),
(45,'davisstanley@example.net','g0y0KBvW&c','morgancarpenter','08418483259','1955-06-16','2023-11-14',NULL),
(46,'bcarr@example.org','+@ZApgRQ&2','timothylopez','08863884620','1981-12-16','2021-05-09',NULL),
(47,'dkhan@example.com','@!9&6LOcxy','andrew82','08282370143','1973-05-23','2023-08-28',0),
(48,'bpayne@example.org','b3FC$)l^%p','johnsonkelly','08584940064','1958-05-21','2023-09-25',0),
(49,'turnerapril@example.com','hL9G_cp3A@','kmitchell','08078317848','1976-12-03','2025-02-18',0),
(50,'qbarton@example.org','H(1IGbj(^u','mccartygeorge','08301519679','1979-11-24','2022-02-07',NULL),
(51,'timothy73@example.com','7X3!&zJa$2','smithnathan','08128617622','2006-04-08','2023-09-19',0),
(52,'lorettamiller@example.org','zsKGcRgM(5','gpatrick','08595212247','1964-03-14','2024-12-23',NULL),
(53,'burtonwarren@example.net','kv52xBHf^6','yolandaphillips','08770161303','1989-12-13','2022-02-19',0),
(54,'davidbriggs@example.com','q5COwl0L&6','carterjoshua','08673472709','2001-10-06','2021-06-08',0),
(55,'michael43@example.net','#xpP3Oc@S5','laurachavez','08963385508','1980-06-18','2024-06-05',0),
(56,'davidward@example.com','VvTPVUZw*1','alvarezdeborah','08448666712','1966-02-24','2022-03-21',NULL),
(57,'linkrista@example.org','$NmRldS)75','daniellerowe','08078635125','1982-09-22','2021-07-11',0),
(58,'rebeccanguyen@example.net','_V(s4oouX^','snichols','08319463095','1991-11-29','2021-01-05',0),
(59,'meadowsroy@example.net','d+2PAvSBJg','ecurtis','08820102731','1979-03-27','2023-02-14',0),
(60,'jessicaharris@example.org','G$&7Jj1$^Y','tracyobrien','08954847370','1985-03-29','2023-11-05',0),
(61,'ugarcia@example.net','ed+m1Gn#bp','maria76','08350185232','1996-08-17','2023-07-10',NULL),
(62,'michaelgarcia@example.net','g0@pA7Oug$','zjohnson','08823039140','1981-05-07','2020-02-20',0),
(63,'olewis@example.com','ZnLnIlgq)6','dbarnes','08996746717','1998-12-14','2025-01-12',0),
(64,'kelleyjohn@example.com','0z*wjXD))6','james05','08023331566','2001-09-20','2024-09-14',NULL),
(65,'morgansamantha@example.com','$9cEyPVr93','mercadoannette','08525516041','2005-06-27','2020-10-20',NULL),
(66,'ebuchanan@example.com','L*9FX&#qlc','dennis13','08163780741','1962-02-26','2024-11-17',NULL),
(67,'matthewflores@example.org','&!41isBt9Z','tonya90','08239388794','1977-03-19','2022-08-23',0),
(68,'patricia07@example.net','e*zJ6X(&%y','vbauer','08129710324','1983-12-27','2024-07-20',0),
(69,'christinawalker@example.org','DF*3AKkk5l','carla12','08803781656','1959-09-30','2020-03-27',0),
(70,'summersvictoria@example.net',')t48Ch^$V1','christine54','08567114165','1984-06-04','2025-02-20',NULL),
(71,'jimenezangela@example.org','!ymDnAAv+8','kimberlyfrye','08918422849','1965-04-27','2022-12-06',NULL),
(72,'angela10@example.org','@86R!Seez5','vglass','08397916400','1969-03-23','2025-02-05',0),
(73,'catherinecross@example.org','6WgpFMdN)5','bwright','08403835457','1962-08-05','2024-02-09',0),
(74,'nathan38@example.com','lT@2dWuWqX','dennislaura','08298355565','2001-08-01','2022-09-30',0),
(75,'grobinson@example.com','ZU*95Qpnd$','dfranklin','08065434593','2003-09-24','2021-12-22',0),
(76,'jennifer90@example.com','+EOro9X*^7','barrettkristen','08502104839','1976-03-26','2023-01-06',0),
(77,'vdavis@example.net','g@3dJW$tG*','vjordan','08376586005','1999-10-23','2020-06-05',0),
(78,'idavenport@example.org','(+0VkjOdqj','bperez','08817657373','2004-05-15','2024-02-15',0),
(79,'stacey41@example.com','6NGvu7x&(N','gwendolyn10','08689457779','2001-09-21','2021-06-10',0),
(80,'kyle71@example.com','vn0IiNL9U_','natalie24','08480417326','1999-05-07','2024-02-14',0),
(81,'jpayne@example.com','^n_1QmlR@i','erin00','08330587689','2006-11-04','2022-01-06',0),
(82,'ebauer@example.com','7M+6Ns$48o','xshepard','08895256826','1968-12-12','2020-01-03',0),
(83,'troy17@example.org','1^A0ONf(Ol','efowler','08345475306','1967-04-02','2021-06-02',0),
(84,'williamsonjeremiah@example.org','#$Y*OoK%)8','april03','08485782885','1981-03-10','2021-04-20',NULL),
(85,'nancylutz@example.com','1w0QH6ivz*','jenkinsmelissa','08420442756','2006-03-17','2020-07-08',0),
(86,'amandamartinez@example.net','lk9InIFZc+','wujodi','08239438869','1977-04-30','2023-10-14',0),
(87,'erica82@example.net','l&4PX#&Uvb','adammccormick','08595963039','1964-03-18','2021-10-09',0),
(88,'danielrobert@example.org','*b$k4ImggR','candace90','08137300080','1989-08-27','2023-10-19',0),
(89,'cpennington@example.org','&x)SlGXZ$8','jennifercoleman','08102793577','1966-08-05','2025-03-27',0),
(90,'ksmith@example.net','g89Z2yGz^f','matthew44','08752932341','1961-05-21','2024-02-09',0),
(91,'angela69@example.org','6XnsOEaV+r','powellleslie','08329775276','1998-08-30','2024-09-21',0),
(92,'geoffrey91@example.org','+fu8WUHn@O','timothybrown','08466875242','1985-08-30','2025-01-11',0),
(93,'jenniferwatts@example.org','w!^M9yNqG9','eortiz','08232469244','1969-11-03','2021-06-15',0),
(94,'cowanalicia@example.net','tW!9kAhI9u','kimberlysmith','08572555072','2001-01-07','2021-09-25',0),
(95,'christopher53@example.net','(6hiAGspSs','michaelwright','08762604508','1979-09-11','2024-11-08',0),
(96,'robert98@example.net','(ap%80FhwE','tsimpson','08286962157','2001-02-27','2023-07-07',0),
(97,'kevin55@example.org','*6yqTYDp)C','jacobperry','08478815796','1961-05-13','2024-05-13',0),
(98,'victortaylor@example.org','^Q11WXPk)$','andrea98','08033904397','1957-01-29','2021-04-11',0),
(99,'edwardcooley@example.com','%6O(nBU@9b','onealbrittany','08484400195','1964-05-08','2025-02-23',0),
(100,'kennethanderson@example.net','%25LHFwBD6','tyler94','08261656005','1980-10-30','2020-12-04',NULL),
(101,'qrubio@example.net','G_L2WkE6v2','ryanjackson','08158841978','1972-02-02','2024-01-01',0),
(102,'reneecarter@example.net','B+5_F*Jgp%','rhonda72','08889005023','1971-01-04','2025-03-15',0),
(103,'greenrobert@example.net','PZ1w$YhNV+','omurphy','08843255471','1963-09-01','2020-12-08',0),
(104,'sloanmelissa@example.net','VW5_u6AyS#','osmith','08348563655','1956-02-16','2022-05-08',0),
(105,'laura77@example.net','(#N1ijRyb)','christopher54','08859380310','1989-12-14','2023-01-21',0),
(106,'taylor73@example.org','#QnA%qh_g5','melissaanderson','08961048058','1985-07-09','2023-06-05',0),
(107,'kathryn97@example.org','*PiswcUoc9','moorelarry','08016835262','2003-07-15','2020-01-13',0),
(108,'rachelbishop@example.com','i)E^6FkU*G','murphybrian','08631054075','1965-01-30','2022-06-09',0),
(109,'collinsruben@example.net','qm8BmE7w_S','smithscott','08155219825','1970-05-23','2024-09-27',0),
(110,'karen99@example.com','_qCbSikvr5','ssmith','08712105571','2006-02-24','2021-12-25',NULL),
(111,'nguyencarl@example.org','+Z1wO2njl@','roy84','08470025427','2005-10-31','2024-05-12',NULL),
(112,'gcook@example.net','QzIXJmu7#8','tiffanyguerrero','08630019107','2006-12-27','2022-05-16',NULL),
(113,'melaniethomas@example.net','J&f1$EKvwL','fhicks','08425995034','1997-09-15','2024-03-27',0),
(114,'stevenzavala@example.org','tUOYUaFJ^8','martinezcaleb','08452828902','2006-05-20','2024-04-20',0),
(115,'ubrock@example.org','F1HRSoMf@O','dbecker','08788401179','1970-07-11','2023-01-09',0),
(116,'briannacantu@example.com','GETuU78v_9','djordan','08277148198','1956-06-19','2020-07-20',NULL),
(117,'pamelajohnson@example.org','8*6S1u$hE5','bortiz','08719772120','1965-07-22','2022-07-06',0),
(118,'fholmes@example.org','Jl75TMi%#%','huntercunningham','08542094691','1991-03-26','2020-07-09',NULL),
(119,'terrysmith@example.com','!g*62vQsF$','tammy97','08141265879','1965-03-09','2022-02-10',1),
(120,'yshepard@example.com','h7Xi%@OK$h','ogarza','08768609083','1979-07-22','2025-04-02',0),
(121,'danielle59@example.net','#Y3BC@qRJ(','jessica80','08103636883','2000-04-24','2020-02-09',0),
(122,'molinavincent@example.net','*Md$2B0hV)','hansonbrenda','08188755578','1978-07-20','2024-07-24',NULL),
(123,'richard78@example.org','t3VPfan^&K','trevorbowers','08262618674','1976-01-01','2022-05-17',0),
(124,'leroyreese@example.org','K!k5TB_eo$','zvillanueva','08044414609','1995-02-27','2020-05-28',0),
(125,'usmith@example.com','q8aBE3St#P','moorebrian','08032908457','1974-09-16','2020-11-10',NULL),
(126,'brandon47@example.com','X)5ZIIz4t3','melaniepatterson','08241532577','1971-03-18','2021-05-18',NULL),
(127,'blackdavid@example.com','$BzA6DjM27','dcruz','08979986703','1993-06-28','2022-01-25',0),
(128,'nnguyen@example.net','(4H$dotgDi','matthewsteele','08457987774','1982-02-19','2023-09-23',0),
(129,'nataliewheeler@example.net','FI5URnjq!g','moraleskathleen','08108747752','1988-04-03','2021-05-29',0),
(130,'gavin18@example.org','4JHiu6lr)F','mcruz','08556177335','1967-09-11','2021-02-23',0),
(131,'ukane@example.net','#40AXJfVPD','harrisjoy','08746686545','1955-08-19','2020-02-04',0),
(132,'gomezmichael@example.com','!lC6(cWgn0','stacey49','08658455361','1986-03-15','2021-09-06',0),
(133,'christopher34@example.com','@C98WZaWds','ukelly','08984911893','2005-07-20','2022-09-25',0),
(134,'jeffrey75@example.net','v&3LFz@86k','jacksonandrew','08497160414','2002-04-21','2022-10-06',0),
(135,'popeeddie@example.com','9E9B0z1ka^','kimberly89','08499681271','1973-11-19','2024-12-01',0),
(136,'eross@example.com','9AFY0jov%c','lisavelasquez','08810246860','1976-04-30','2023-10-22',0),
(137,'kathleen66@example.org',')0PRrEe_lt','sharonweaver','08836746352','1986-05-18','2023-11-28',0),
(138,'patrickhodge@example.org','*!0mOl*UA4','tsmith','08815271399','1984-10-15','2022-11-13',0),
(139,'kingvictoria@example.org','zk!x0UWg5&','qsmith','08498356741','1989-06-14','2022-08-04',0),
(140,'megan39@example.org',')4P92wme7q','william68','08585865653','1961-07-30','2020-08-15',0),
(141,'thomas63@example.net','ELN&DIk+&5','loririvers','08008655688','2003-01-29','2020-03-11',0),
(142,'larry64@example.org','#b3DHbJu_U','brownmary','08506244616','1979-01-12','2022-05-10',0),
(143,'zacharygordon@example.org','cERxWHvt#6','brendathomas','08143683747','1982-07-06','2020-01-28',0),
(144,'kevinmiller@example.org','%+7QFk8DB5','bryantjoshua','08178154272','1993-04-03','2022-07-05',NULL),
(145,'brianna55@example.org','N80A1#cb#q','mirandasmith','08894837377','1962-09-23','2024-02-21',NULL),
(146,'timothynichols@example.com','tW_(49Wyxf','paulareed','08360171302','1989-04-17','2020-09-24',0),
(147,'charlesrogers@example.com','%9Kg9_((%W','meghanfernandez','08492007862','2005-04-28','2020-03-01',0),
(148,'andersonashley@example.net','@r8XVpjD6&','daniel55','08703995321','2002-09-30','2022-08-21',0),
(149,'wortiz@example.com','&9W0YuS%)j','yolandamartin','08361849722','1968-04-10','2025-01-06',0),
(150,'smithaaron@example.org','5!8Hg(AGR(','laurenmiller','08908541284','1996-01-29','2024-04-17',0);
/*!40000 ALTER TABLE `user` ENABLE KEYS */;
UNLOCK TABLES;
/*!40103 SET TIME_ZONE=@OLD_TIME_ZONE */;

/*!40101 SET SQL_MODE=@OLD_SQL_MODE */;
/*!40014 SET FOREIGN_KEY_CHECKS=@OLD_FOREIGN_KEY_CHECKS */;
/*!40014 SET UNIQUE_CHECKS=@OLD_UNIQUE_CHECKS */;
/*!40101 SET CHARACTER_SET_CLIENT=@OLD_CHARACTER_SET_CLIENT */;
/*!40101 SET CHARACTER_SET_RESULTS=@OLD_CHARACTER_SET_RESULTS */;
/*!40101 SET COLLATION_CONNECTION=@OLD_COLLATION_CONNECTION */;
/*M!100616 SET NOTE_VERBOSITY=@OLD_NOTE_VERBOSITY */;

-- Dump completed on 2025-05-16 19:13:32
