/*M!999999\- enable the sandbox mode */ 
-- MariaDB dump 10.19-11.4.5-MariaDB, for Win64 (AMD64)
--
-- Host: localhost    Database: papchat
-- ------------------------------------------------------
-- Server version	11.4.5-MariaDB

/*!40101 SET @OLD_CHARACTER_SET_CLIENT=@@CHARACTER_SET_CLIENT */;
/*!40101 SET @OLD_CHARACTER_SET_RESULTS=@@CHARACTER_SET_RESULTS */;
/*!40101 SET @OLD_COLLATION_CONNECTION=@@COLLATION_CONNECTION */;
/*!40101 SET NAMES utf8mb4 */;
/*!40103 SET @OLD_TIME_ZONE=@@TIME_ZONE */;
/*!40103 SET TIME_ZONE='+00:00' */;
/*!40014 SET @OLD_UNIQUE_CHECKS=@@UNIQUE_CHECKS, UNIQUE_CHECKS=0 */;
/*!40014 SET @OLD_FOREIGN_KEY_CHECKS=@@FOREIGN_KEY_CHECKS, FOREIGN_KEY_CHECKS=0 */;
/*!40101 SET @OLD_SQL_MODE=@@SQL_MODE, SQL_MODE='NO_AUTO_VALUE_ON_ZERO' */;
/*M!100616 SET @OLD_NOTE_VERBOSITY=@@NOTE_VERBOSITY, NOTE_VERBOSITY=0 */;

--
-- Current Database: `papchat`
--

CREATE DATABASE /*!32312 IF NOT EXISTS*/ `papchat` /*!40100 DEFAULT CHARACTER SET latin1 COLLATE latin1_swedish_ci */;

USE `papchat`;

--
-- Table structure for table `add_on`
--

DROP TABLE IF EXISTS `add_on`;
/*!40101 SET @saved_cs_client     = @@character_set_client */;
/*!40101 SET character_set_client = utf8mb4 */;
CREATE TABLE `add_on` (
  `user_id` int(11) NOT NULL,
  `room_id` int(11) NOT NULL,
  `sent_order` int(11) NOT NULL,
  `addon_idx` int(11) NOT NULL,
  `x_start` int(11) NOT NULL,
  `x_end` int(11) NOT NULL,
  `y_start` int(11) NOT NULL,
  `y_end` int(11) NOT NULL,
  PRIMARY KEY (`user_id`,`room_id`,`sent_order`,`addon_idx`),
  CONSTRAINT `add_on_ibfk_1` FOREIGN KEY (`user_id`, `room_id`, `sent_order`) REFERENCES `pap` (`user_id`, `room_id`, `sent_order`)
) ENGINE=InnoDB DEFAULT CHARSET=latin1 COLLATE=latin1_swedish_ci;
/*!40101 SET character_set_client = @saved_cs_client */;

--
-- Dumping data for table `add_on`
--

LOCK TABLES `add_on` WRITE;
/*!40000 ALTER TABLE `add_on` DISABLE KEYS */;
INSERT INTO `add_on` (`user_id`, `room_id`, `sent_order`, `addon_idx`, `x_start`, `x_end`, `y_start`, `y_end`) VALUES (120,4533,26,1,66,88,178,277),
(120,4533,26,2,39,136,44,138),
(120,4533,26,3,151,210,111,178),
(120,4533,26,4,162,186,157,198),
(120,4533,26,5,44,131,61,147),
(120,4533,26,6,153,221,37,123),
(120,4533,26,7,37,101,25,96),
(120,4533,26,8,117,209,54,123),
(120,4533,26,9,105,157,146,181),
(120,4533,26,10,0,64,142,176),
(120,4533,26,11,198,213,16,30),
(120,4533,26,12,67,106,17,64),
(120,4533,26,13,165,256,193,281),
(120,4533,26,14,164,261,6,48),
(120,4533,26,15,151,248,136,178),
(120,4533,26,16,106,130,48,140),
(120,4533,26,17,70,130,182,193),
(120,4533,26,18,197,223,34,90),
(120,4533,26,19,193,223,70,149),
(454,8831,208,1,139,158,54,101),
(454,8831,208,2,116,164,200,264),
(454,8831,208,3,191,219,197,277),
(454,8831,208,4,68,86,5,87),
(454,8831,208,5,67,129,124,212),
(454,8831,208,6,119,189,97,134),
(454,8831,208,7,39,137,182,280),
(454,8831,208,8,69,111,135,167),
(454,8831,208,9,127,189,188,237),
(454,8831,208,10,28,102,108,150),
(454,8831,208,11,185,258,171,187),
(454,8831,208,12,96,144,187,253),
(454,8831,208,13,167,250,7,32),
(454,8831,208,14,120,176,183,214),
(454,8831,208,15,103,147,42,70),
(454,8831,208,16,48,141,33,84),
(454,8831,208,17,136,227,141,184),
(454,9221,123,1,116,153,147,225),
(454,9221,123,2,160,199,51,83),
(454,9221,123,3,34,61,165,202),
(454,9221,123,4,146,165,109,200),
(454,9221,123,5,79,91,141,240),
(454,9221,123,6,151,213,189,263),
(454,9221,123,7,37,98,90,186),
(454,9221,123,8,85,114,41,105),
(454,9221,123,9,33,43,59,129),
(454,9221,123,10,160,179,14,112),
(454,9221,123,11,89,152,138,201),
(454,9221,123,12,34,88,195,216),
(454,9221,123,13,195,228,79,131),
(454,9221,123,14,176,214,104,200),
(506,5929,167,1,139,214,139,193),
(506,5929,167,2,139,205,178,257),
(506,5929,167,3,19,48,16,87),
(506,5929,167,4,73,124,95,180),
(506,5929,167,5,148,207,98,187),
(506,5929,167,6,86,150,151,185),
(506,5929,167,7,38,49,181,225),
(1063,3225,179,1,111,143,99,167),
(1063,3225,179,2,65,116,164,259),
(1063,3225,179,3,84,100,159,191),
(1063,3225,179,4,51,134,16,86),
(1063,3225,179,5,155,234,92,107),
(1063,3225,179,6,8,58,34,120),
(1063,3225,179,7,16,100,188,268),
(1808,2493,72,1,52,101,147,235),
(1808,2493,72,2,21,41,51,101),
(1808,2493,72,3,172,241,64,163),
(1808,2493,72,4,135,168,121,192),
(1808,2493,72,5,63,101,179,252),
(1808,2493,72,6,69,115,40,140),
(1808,2493,72,7,142,235,107,200),
(1808,2493,72,8,46,90,164,186),
(1808,2493,72,9,110,128,125,142),
(1808,2493,72,10,94,129,200,271),
(1808,2493,72,11,128,202,51,94),
(1808,2493,72,12,82,147,52,111),
(1808,2493,72,13,64,158,179,201),
(1808,2493,72,14,157,219,3,40),
(1808,2493,72,15,172,247,101,140),
(1808,2493,72,16,69,132,94,150),
(1808,2493,72,17,113,208,162,242),
(1969,194,174,1,154,221,53,106),
(1969,194,174,2,43,125,63,132),
(1969,194,174,3,28,86,137,170),
(1969,194,174,4,180,192,93,151),
(1969,194,174,5,158,195,75,89),
(1969,194,174,6,19,68,121,207),
(1969,194,174,7,162,236,79,143),
(1969,194,174,8,184,245,117,178),
(1969,194,174,9,60,73,111,129),
(1969,194,174,10,156,229,14,112),
(1969,194,174,11,75,115,124,149),
(1969,194,174,12,91,102,5,72),
(1969,194,174,13,191,280,184,282),
(1969,194,174,14,31,49,83,110),
(1969,194,174,15,161,191,191,272),
(1969,1879,127,1,26,71,160,226),
(1969,1879,127,2,51,77,180,267),
(1969,1879,127,3,44,66,131,173),
(1969,1879,127,4,176,255,65,117),
(1969,1879,127,5,97,111,195,205),
(1969,1879,127,6,62,135,46,111),
(1969,1879,127,7,34,45,133,220),
(1969,1879,127,8,7,66,174,209),
(1969,1879,127,9,51,121,34,106),
(1969,1879,127,10,163,187,56,115),
(1969,1879,127,11,140,193,70,125),
(1969,1879,127,12,39,109,23,61),
(1969,1879,127,13,131,195,175,195),
(1969,1879,127,14,183,249,110,186),
(1969,1879,127,15,168,202,154,190),
(1969,1879,127,16,116,147,57,142),
(2107,53,146,1,15,87,187,267),
(2107,53,146,2,51,77,28,75),
(2107,53,146,3,5,93,80,132),
(2107,53,146,4,102,144,27,118),
(2107,53,146,5,109,142,122,210),
(2107,53,146,6,11,27,53,132),
(2107,53,146,7,26,96,97,186),
(2107,53,146,8,52,69,105,183),
(2107,53,146,9,35,76,181,211),
(2107,53,146,10,191,233,79,115),
(2107,53,146,11,133,174,104,124),
(2107,53,146,12,124,219,99,140),
(2107,53,146,13,118,203,141,221),
(2107,53,146,14,154,219,145,158),
(2107,53,146,15,59,118,83,101),
(2107,9015,214,1,133,164,180,259),
(2107,9015,214,2,172,200,146,224),
(2107,9015,214,3,167,192,143,211),
(2527,9015,271,1,0,36,14,26),
(2527,9015,271,2,9,86,190,275),
(2527,9015,271,3,177,237,62,110),
(2527,9015,271,4,20,86,32,46),
(2681,249,165,1,132,195,82,175),
(2681,249,165,2,107,164,62,93),
(2681,249,165,3,173,267,40,58),
(2681,249,165,4,118,183,182,200),
(2681,249,165,5,175,209,86,162),
(2681,249,165,6,143,190,149,206),
(2681,249,165,7,78,177,104,194),
(2681,249,165,8,64,79,139,170),
(2681,249,165,9,110,191,30,78),
(2681,249,165,10,139,157,108,162),
(2681,249,165,11,118,172,146,236),
(2681,249,165,12,121,150,191,221),
(2681,249,165,13,107,183,50,129),
(2681,249,165,14,111,151,76,117),
(2938,4393,84,1,171,211,116,185),
(2938,4393,84,2,64,76,29,46),
(2938,4393,84,3,28,99,86,163),
(2938,4393,84,4,171,267,199,240),
(2938,4393,84,5,128,220,194,248),
(2938,4393,84,6,163,233,120,140),
(2938,4393,84,7,156,187,158,172),
(2938,4393,84,8,159,175,67,143),
(2938,4393,84,9,36,64,50,113),
(2938,4393,84,10,68,158,76,168),
(2938,4393,84,11,56,155,107,168),
(2938,4393,84,12,29,114,94,151),
(2997,4179,295,1,69,132,144,221),
(2997,8864,192,1,102,157,34,78),
(2997,8864,192,2,185,228,137,156),
(2997,8864,192,3,193,292,47,62),
(2997,8864,192,4,37,84,72,95),
(2997,8864,192,5,64,75,3,42),
(2997,8864,192,6,160,234,121,156),
(2997,8864,192,7,86,96,193,272),
(3187,9402,114,1,181,259,67,128),
(3187,9402,114,2,35,130,180,271),
(3187,9402,114,3,100,147,175,213),
(3451,8612,130,1,157,249,10,49),
(3451,8612,130,2,99,133,159,252),
(3451,8612,130,3,137,201,156,190),
(3451,8612,130,4,120,158,60,74),
(3451,8612,130,5,74,146,37,127),
(3451,8612,130,6,69,156,9,37),
(3459,694,245,1,157,169,170,200),
(3459,694,245,2,108,201,27,111),
(3459,694,245,3,52,97,196,246),
(3459,694,245,4,111,122,3,63),
(3459,694,245,5,15,33,138,234),
(3459,694,245,6,99,158,56,154),
(3459,694,245,7,15,113,198,278),
(3459,694,245,8,140,166,43,64),
(3459,5036,270,1,42,135,72,103),
(3459,5036,270,2,67,137,96,162),
(3459,5036,270,3,19,59,170,255),
(3459,5036,270,4,63,112,164,210),
(3459,5036,270,5,153,222,103,171),
(3459,5036,270,6,38,132,48,110),
(3505,249,168,1,79,172,158,223),
(3505,249,168,2,93,108,195,293),
(3505,249,168,3,196,246,3,17),
(3505,249,168,4,111,148,9,95),
(3505,249,168,5,38,110,128,214),
(3505,249,168,6,96,123,103,184),
(3505,249,168,7,107,150,173,250),
(3505,249,168,8,119,145,54,105),
(3505,249,168,9,94,154,129,218),
(3505,249,168,10,86,101,173,211),
(3505,3949,248,1,190,226,163,242),
(3505,3949,248,2,36,136,0,12),
(3505,3949,248,3,181,255,111,157),
(3505,3949,248,4,43,77,7,38),
(3505,3949,248,5,199,287,160,226),
(3505,3949,248,6,90,137,107,182),
(3505,3949,248,7,19,118,48,106),
(3505,3949,248,8,198,256,148,198),
(3505,3949,248,9,110,128,58,155),
(3505,3949,248,10,160,191,17,102),
(3505,3949,248,11,34,54,163,237),
(3505,3949,248,12,199,254,137,234),
(3505,3949,248,13,81,96,175,241),
(3505,3949,248,14,190,225,101,124),
(3505,3949,248,15,16,72,128,180),
(3505,3949,248,16,74,91,100,152),
(3505,3949,248,17,126,190,81,93),
(3552,9821,21,1,185,267,145,171),
(3552,9821,21,2,135,201,94,162),
(3999,2265,73,1,199,253,143,167),
(3999,2265,73,2,183,223,105,121),
(3999,2265,73,3,33,114,58,139),
(3999,2265,73,4,81,151,176,240),
(3999,2265,73,5,62,150,36,97),
(3999,2265,73,6,156,242,44,123),
(3999,2265,73,7,159,203,140,164),
(3999,2265,73,8,174,203,114,193),
(3999,2265,73,9,152,163,71,128),
(4803,7811,163,1,139,198,158,216),
(4803,7811,163,2,33,113,26,122),
(4803,7811,163,3,181,254,53,64),
(4803,7811,163,4,34,119,98,136),
(4803,7811,163,5,98,178,26,72),
(4803,7811,163,6,128,219,73,123),
(4803,7811,163,7,193,281,36,52),
(4803,7811,163,8,84,154,90,150),
(4803,7811,163,9,10,103,123,149),
(4803,7811,163,10,26,77,142,191),
(4863,5061,240,1,82,109,156,238),
(4863,5061,240,2,144,193,76,159),
(4863,5061,240,3,168,232,13,43),
(4863,5061,240,4,192,209,179,276),
(4863,5061,240,5,0,18,95,182),
(4863,5061,240,6,16,86,44,76),
(4863,5061,240,7,19,78,100,196),
(4863,5061,240,8,177,238,9,72),
(4863,5061,240,9,19,94,155,214),
(4863,5061,240,10,108,199,2,45),
(4863,5061,240,11,45,109,72,94),
(4863,5061,240,12,62,87,25,46),
(4863,5061,240,13,77,143,85,183),
(4863,5061,240,14,49,122,3,80),
(4863,5061,240,15,156,248,105,184),
(4863,7150,203,1,72,110,106,185),
(4863,7150,203,2,115,169,93,157),
(4863,7150,203,3,66,134,60,86),
(4863,7150,203,4,196,235,8,51),
(4863,7150,203,5,131,170,107,178),
(4863,7150,203,6,116,173,127,193),
(4863,7150,203,7,149,228,130,192),
(4863,7150,203,8,189,242,100,176),
(4863,7150,203,9,183,208,68,168),
(4863,7150,203,10,36,53,35,79),
(4952,1550,206,1,34,70,69,153),
(4952,1550,206,2,162,253,82,180),
(4952,1550,206,3,194,277,46,80),
(4952,1550,206,4,188,280,93,176),
(5212,6415,237,1,37,85,83,109),
(5212,6415,237,2,16,69,57,144),
(5212,6415,237,3,144,208,10,40),
(5212,6415,237,4,47,102,35,125),
(5212,6415,237,5,159,192,177,226),
(5212,6415,237,6,41,79,196,246),
(5212,6415,237,7,57,76,184,210),
(5212,6415,237,8,127,144,179,271),
(5212,6415,237,9,4,19,151,221),
(5212,6415,237,10,36,80,68,156),
(5212,6415,237,11,36,99,160,235),
(5212,6415,237,12,121,150,38,67),
(5363,3394,153,1,119,129,12,86),
(5363,3394,153,2,151,190,157,241),
(5363,3394,153,3,116,130,1,46),
(5363,3394,153,4,24,54,106,199),
(5363,3394,153,5,96,107,59,158),
(5363,3394,153,6,46,58,8,87),
(5363,3394,153,7,69,152,59,157),
(5363,3394,153,8,16,56,22,86),
(5363,3394,153,9,103,141,177,194),
(5363,3394,153,10,45,79,48,129),
(5363,3394,153,11,49,66,119,180),
(5363,3394,153,12,190,235,185,228),
(5392,9825,90,1,85,121,125,179),
(5392,9825,90,2,90,188,112,157),
(5740,6613,62,1,41,69,2,20),
(5740,6613,62,2,51,95,111,164),
(5740,6613,62,3,194,278,168,232),
(5740,6613,62,4,111,193,178,204),
(5740,6613,62,5,65,110,106,136),
(5740,6613,62,6,175,259,119,135),
(6446,3026,229,1,165,198,83,167),
(6446,3026,229,2,150,230,124,156),
(6446,3026,229,3,52,123,151,174),
(6446,3026,229,4,149,171,180,197),
(6446,3026,229,5,85,168,197,265),
(6446,3026,229,6,125,181,106,188),
(6446,3026,229,7,192,231,15,81),
(6446,3026,229,8,160,252,93,188),
(6446,3026,229,9,136,218,195,221),
(6446,3026,229,10,5,26,149,176),
(6446,3026,229,11,112,171,45,133),
(6446,3026,229,12,97,160,15,115),
(6446,5238,9,1,162,212,124,171),
(6446,5238,9,2,198,237,155,175),
(6446,5238,9,3,8,43,20,77),
(6446,5238,9,4,177,200,55,74),
(6510,5598,43,1,52,138,167,189),
(6510,5598,43,2,148,165,154,199),
(6510,5598,43,3,77,163,92,110),
(6510,5598,43,4,173,263,30,122),
(6510,5598,43,5,86,167,38,87),
(6510,5598,43,6,97,129,157,188),
(6510,5598,43,7,53,65,52,89),
(6510,5598,43,8,14,42,190,257),
(6510,5598,43,9,182,260,86,167),
(6510,5598,43,10,169,243,132,192),
(6510,5598,43,11,106,122,45,93),
(6510,5598,43,12,108,126,95,130),
(6510,5598,43,13,73,165,156,240),
(6510,5598,43,14,28,47,19,37),
(6638,8187,260,1,31,108,194,239),
(6638,8187,260,2,12,27,114,133),
(6638,8187,260,3,197,214,152,180),
(6638,8187,260,4,89,178,53,153),
(6751,7150,113,1,150,188,162,257),
(6751,7150,113,2,68,139,24,62),
(6751,7150,113,3,192,224,25,70),
(6751,7150,113,4,59,126,156,252),
(6751,7150,113,5,169,257,86,126),
(6751,7150,113,6,164,249,114,203),
(6751,7150,113,7,159,221,104,169),
(6751,7150,113,8,64,78,76,141),
(6751,7150,113,9,67,101,62,91),
(6751,7150,113,10,100,158,124,165),
(6751,7150,113,11,14,33,69,80),
(6751,7150,113,12,195,265,148,158),
(6751,7150,113,13,53,153,32,94),
(6751,7150,113,14,57,101,49,136),
(6751,7150,113,15,24,50,107,179),
(6751,7150,113,16,193,249,57,126),
(6751,7150,113,17,22,94,182,252),
(7140,694,193,1,15,65,81,174),
(7140,694,193,2,157,185,22,81),
(7140,694,193,3,107,128,36,90),
(7140,694,193,4,166,199,125,162),
(7140,694,193,5,106,157,140,236),
(7140,694,193,6,1,18,76,155),
(7417,1326,242,1,87,152,71,147),
(7417,1326,242,2,127,173,94,189),
(7417,1326,242,3,71,139,61,84),
(7417,1326,242,4,194,226,27,101),
(7417,1326,242,5,158,182,46,139),
(7417,1326,242,6,15,28,134,154),
(7417,1326,242,7,85,119,151,187),
(7417,1326,242,8,190,250,94,135),
(7417,1326,242,9,44,89,85,134),
(7417,1326,242,10,87,107,3,31),
(7417,1326,242,11,111,144,179,244),
(7417,1326,242,12,87,142,167,244),
(7417,1326,242,13,164,242,175,214),
(7417,7811,33,1,91,187,111,210),
(7417,7811,33,2,183,202,75,105),
(7417,7811,33,3,158,188,94,159),
(7417,7811,33,4,169,201,147,242),
(7417,7811,33,5,185,222,70,157),
(7417,7811,33,6,52,117,41,128),
(7417,7811,33,7,129,179,69,156),
(7417,7811,33,8,197,216,87,100),
(7417,7811,33,9,162,252,66,105),
(7417,7811,33,10,14,77,143,161),
(7439,9322,94,1,194,216,127,159),
(7439,9322,94,2,88,103,41,116),
(7439,9322,94,3,88,133,124,141),
(7439,9322,94,4,27,60,109,206),
(7439,9322,94,5,141,166,108,193),
(7517,194,142,1,198,224,30,122),
(7679,8070,156,1,128,221,122,189),
(7679,8070,156,2,200,288,68,168),
(7679,8070,156,3,196,245,85,121),
(7679,8070,156,4,7,50,104,189),
(7679,8070,156,5,148,204,139,213),
(7679,8070,156,6,58,72,168,260),
(7679,8070,156,7,91,186,92,139),
(7679,8070,156,8,0,34,52,151),
(7888,2400,185,1,1,28,78,149),
(7888,2400,185,2,199,227,31,67),
(7888,2400,185,3,83,130,4,87),
(7888,2400,185,4,148,218,200,211),
(7888,2400,185,5,154,182,78,161),
(7888,2400,185,6,199,287,94,186),
(7888,2400,185,7,188,219,120,151),
(7888,2400,185,8,133,153,21,41),
(8144,5238,64,1,131,195,42,142),
(8144,5238,64,2,41,65,4,38),
(8144,5238,64,3,8,100,9,91),
(8144,5238,64,4,94,123,66,92),
(8144,5238,64,5,21,101,138,223),
(8144,5238,64,6,42,102,199,255),
(8144,5238,64,7,78,104,30,65),
(8144,5238,64,8,62,77,47,100),
(8144,5238,64,9,192,220,59,144),
(8144,5238,64,10,7,30,173,243),
(8144,5238,64,11,48,92,95,143),
(8144,5238,64,12,195,228,142,181),
(8144,5238,64,13,53,89,99,177),
(8149,4295,16,1,110,200,60,157),
(8149,4295,16,2,104,189,8,50),
(8149,4295,16,3,173,193,154,168),
(8149,4295,16,4,117,196,136,154),
(8149,4295,16,5,21,76,82,129),
(8149,4295,16,6,21,33,49,68),
(8149,4295,16,7,127,184,52,83),
(8149,4295,16,8,168,181,47,61),
(8149,4295,16,9,14,58,75,165),
(8149,4295,16,10,111,130,37,128),
(8149,4295,16,11,192,237,136,220),
(8149,4295,16,12,181,247,54,65),
(8149,4295,16,13,30,52,66,157),
(8149,4295,16,14,188,237,114,214),
(8406,325,273,1,34,58,200,297),
(8406,325,273,2,13,110,170,190),
(8406,325,273,3,153,208,176,237),
(8406,325,273,4,73,134,118,181),
(8406,325,273,5,156,188,14,26),
(8406,325,273,6,52,106,37,68),
(8406,325,273,7,68,146,91,146),
(8406,325,273,8,12,49,86,109),
(8406,325,273,9,47,127,53,80),
(8406,325,273,10,30,91,164,196),
(8406,325,273,11,97,139,86,116),
(8406,325,273,12,113,128,2,12),
(8406,3225,45,1,165,235,71,169),
(8406,3225,45,2,198,224,33,78),
(8406,3225,45,3,181,245,133,169),
(8406,3225,45,4,140,176,157,182),
(8406,3225,45,5,192,237,154,240),
(8406,3225,45,6,102,185,28,68),
(8406,3225,45,7,44,92,59,70),
(8406,3225,45,8,19,68,18,50),
(8406,3225,45,9,145,239,165,241),
(8406,3225,45,10,56,118,21,35),
(8406,3225,45,11,128,182,60,122),
(8406,3225,45,12,196,268,13,55),
(8406,8824,99,1,175,233,50,105),
(8406,8824,99,2,69,155,40,109),
(8406,8824,99,3,120,215,36,61),
(8406,8824,99,4,59,125,107,202),
(8406,8824,99,5,53,128,29,55),
(8406,8824,99,6,40,65,71,101),
(8406,8824,99,7,174,273,17,57),
(8406,8824,99,8,150,180,146,175),
(8500,6415,253,1,103,184,183,203),
(8500,6415,253,2,149,242,176,239),
(8500,6415,253,3,153,175,180,221),
(8500,6415,253,4,48,93,155,236),
(8500,6415,253,5,170,243,122,147),
(8500,6415,253,6,99,115,189,274),
(8500,6415,253,7,92,102,197,277),
(8500,6415,253,8,59,136,103,114),
(8500,6415,253,9,156,255,15,106),
(8500,6415,253,10,30,105,24,103),
(8500,6415,253,11,128,181,15,58),
(8500,6415,253,12,33,77,53,142),
(8500,6415,253,13,162,197,81,126),
(8500,6415,253,14,101,178,188,254),
(8500,6415,253,15,68,118,149,177),
(8500,7778,128,1,101,190,155,244),
(8500,7778,128,2,163,217,72,98),
(8500,7778,128,3,64,88,96,147),
(8500,7778,128,4,49,94,77,87),
(8500,7778,128,5,116,128,155,247),
(8500,7778,128,6,45,56,162,197),
(8500,7778,128,7,5,75,200,233),
(8500,7778,128,8,150,169,46,119),
(8520,411,51,1,139,169,51,108),
(8520,411,51,2,21,105,109,147),
(8520,411,51,3,73,155,15,98),
(8520,411,51,4,151,227,53,98),
(8520,411,51,5,159,179,26,111),
(8520,411,51,6,127,169,129,141),
(8520,411,51,7,183,268,128,170),
(8520,411,51,8,187,276,105,198),
(8520,411,51,9,38,76,50,128),
(8520,411,51,10,17,76,148,197),
(8696,7811,205,1,35,45,141,159),
(8696,7811,205,2,178,244,27,41),
(8696,7811,205,3,72,109,18,80),
(8696,7811,205,4,155,230,13,94),
(8696,7811,205,5,173,267,37,136),
(8696,7811,205,6,139,228,116,137),
(8696,7811,205,7,178,238,47,62),
(8696,7811,205,8,125,170,86,142),
(8696,7811,205,9,22,61,78,127),
(8696,7811,205,10,61,124,75,120),
(8799,5231,68,1,174,222,33,93),
(8799,5231,68,2,19,52,84,152),
(8799,5231,68,3,116,201,31,68),
(8799,5231,68,4,195,217,162,225),
(8799,5231,68,5,176,238,144,162),
(8799,5231,68,6,138,194,19,100),
(8799,5231,68,7,136,234,126,175),
(8799,5231,68,8,78,138,162,241),
(8799,9402,263,1,152,182,123,183),
(8799,9402,263,2,43,95,37,98),
(8799,9402,263,3,16,98,64,80),
(8799,9402,263,4,55,95,95,112),
(8799,9402,263,5,7,78,158,169),
(8799,9402,263,6,108,175,22,37),
(8799,9402,263,7,31,42,42,135),
(8799,9402,263,8,191,207,90,182),
(8799,9402,263,9,146,234,88,137),
(8801,194,79,1,64,113,155,233),
(8801,194,79,2,72,159,177,213),
(8801,194,79,3,176,201,175,212),
(8801,194,79,4,59,129,117,137),
(8801,194,79,5,135,217,67,123),
(8801,194,79,6,114,127,24,74),
(8801,194,79,7,38,108,46,63),
(8801,194,79,8,139,239,0,58),
(8801,194,79,9,58,134,89,180),
(8801,194,79,10,155,232,176,201),
(8801,194,79,11,13,34,141,216),
(8801,194,79,12,97,162,54,150),
(8801,194,79,13,136,149,195,264),
(8801,194,79,14,133,219,86,136),
(8801,194,79,15,99,177,161,175),
(8801,194,79,16,63,101,105,174),
(9502,7258,105,1,7,26,189,249),
(9502,7258,105,2,98,170,183,251),
(9502,7258,105,3,76,163,95,152),
(9568,8486,22,1,137,189,68,114),
(9568,8486,22,2,44,128,100,192),
(9665,1410,209,1,49,123,146,173),
(9665,1410,209,2,71,86,150,172),
(9665,1410,209,3,89,108,182,279),
(9665,1410,209,4,101,163,165,216),
(9665,1410,209,5,123,196,26,67),
(9665,3490,274,1,179,241,74,161),
(9665,3490,274,2,50,67,37,132),
(9665,3490,274,3,57,101,56,138),
(9665,3490,274,4,128,218,12,65),
(9665,3490,274,5,8,56,159,251),
(9665,3490,274,6,111,138,36,96),
(9665,3490,274,7,57,154,46,75),
(9665,8721,291,1,120,153,43,63),
(9665,8721,291,2,40,119,166,263),
(9665,8721,291,3,88,120,76,170),
(9665,8721,291,4,126,216,95,156),
(9665,8721,291,5,128,142,131,195),
(9665,8721,291,6,57,151,194,230),
(9665,8721,291,7,187,273,18,57),
(9665,8721,291,8,55,122,9,22),
(9665,8721,291,9,37,116,77,158),
(9665,8721,291,10,73,95,169,200),
(9665,8824,6,1,153,217,176,196),
(9665,8824,6,2,102,151,158,234),
(9665,8824,6,3,153,236,179,256),
(9665,8824,6,4,182,245,78,172),
(9665,8824,6,5,136,232,41,77),
(9665,8824,6,6,6,88,88,99),
(9665,8824,6,7,171,190,139,196),
(9665,8824,6,8,112,132,42,83),
(9665,8824,6,9,186,197,16,51),
(9665,8824,6,10,111,143,134,192),
(9665,8824,6,11,195,281,95,187),
(9665,8824,6,12,51,102,39,53),
(9844,325,92,1,71,156,120,174),
(9844,325,92,2,157,235,89,111),
(9844,325,92,3,72,143,144,209),
(9844,325,92,4,121,211,37,113),
(9844,325,92,5,192,287,92,116),
(9844,325,92,6,119,198,101,146),
(9844,325,92,7,190,266,158,193),
(9844,325,92,8,162,232,123,177),
(9844,325,92,9,184,282,175,238),
(9844,325,92,10,181,279,16,40),
(9844,325,92,11,189,211,162,176),
(9844,325,92,12,37,49,141,189),
(9844,325,92,13,172,244,193,242);
/*!40000 ALTER TABLE `add_on` ENABLE KEYS */;
UNLOCK TABLES;

--
-- Table structure for table `caption`
--

DROP TABLE IF EXISTS `caption`;
/*!40101 SET @saved_cs_client     = @@character_set_client */;
/*!40101 SET character_set_client = utf8mb4 */;
CREATE TABLE `caption` (
  `user_id` int(11) NOT NULL,
  `room_id` int(11) NOT NULL,
  `sent_order` int(11) NOT NULL,
  `addon_idx` int(11) NOT NULL,
  `font_style` varchar(50) NOT NULL,
  `text` text NOT NULL,
  PRIMARY KEY (`user_id`,`room_id`,`sent_order`,`addon_idx`),
  CONSTRAINT `caption_ibfk_1` FOREIGN KEY (`user_id`, `room_id`, `sent_order`, `addon_idx`) REFERENCES `add_on` (`user_id`, `room_id`, `sent_order`, `addon_idx`)
) ENGINE=InnoDB DEFAULT CHARSET=latin1 COLLATE=latin1_swedish_ci;
/*!40101 SET character_set_client = @saved_cs_client */;

--
-- Dumping data for table `caption`
--

LOCK TABLES `caption` WRITE;
/*!40000 ALTER TABLE `caption` DISABLE KEYS */;
INSERT INTO `caption` (`user_id`, `room_id`, `sent_order`, `addon_idx`, `font_style`, `text`) VALUES (120,4533,26,10,'Comic Sans','View increase give identify true over.'),
(120,4533,26,11,'Comic Sans','Population the should bar water wife generation.'),
(120,4533,26,12,'Verdana','Series check attorney even.'),
(120,4533,26,13,'Arial','Poor home south.'),
(120,4533,26,14,'Comic Sans','Left record a cut.'),
(120,4533,26,15,'Comic Sans','Police something street idea imagine foreign.'),
(120,4533,26,16,'Arial','Blood page offer old Mr.'),
(120,4533,26,17,'Arial','Artist son charge.'),
(120,4533,26,18,'Arial','Few technology now should between measure attorney line.'),
(120,4533,26,19,'Arial','Treatment raise citizen dinner vote compare save.'),
(454,8831,208,10,'Arial','Free fear pull perhaps operation official.'),
(454,8831,208,11,'Comic Sans','Keep every care politics.'),
(454,8831,208,12,'Verdana','Recent be it.'),
(454,8831,208,13,'Arial','Give culture same contain ball.'),
(454,8831,208,14,'Arial','Around it book note simple fire site.'),
(454,8831,208,15,'Comic Sans','Senior leave huge speech hospital five that.'),
(454,8831,208,16,'Verdana','Life throw member increase down.'),
(454,8831,208,17,'Comic Sans','North during shake he.'),
(454,9221,123,9,'Arial','Fine care reduce travel effect choice new.'),
(454,9221,123,10,'Arial','Clearly within stock exactly mission specific.'),
(454,9221,123,11,'Arial','Think bank opportunity six act rise.'),
(454,9221,123,12,'Arial','Structure begin contain.'),
(454,9221,123,13,'Comic Sans','Deep design after create high with.'),
(454,9221,123,14,'Verdana','Conference cup hair meet.'),
(506,5929,167,1,'Comic Sans','Whatever include speak interest knowledge phone.'),
(506,5929,167,2,'Arial','Bill tell within.'),
(506,5929,167,3,'Arial','Later race kitchen body hundred.'),
(506,5929,167,4,'Comic Sans','Whose civil occur discover watch bag.'),
(506,5929,167,5,'Comic Sans','Might event court street theory.'),
(506,5929,167,6,'Comic Sans','Part though relationship human after respond.'),
(506,5929,167,7,'Arial','Scientist fish in federal two serious.'),
(1063,3225,179,5,'Verdana','Also citizen experience human impact.'),
(1063,3225,179,6,'Comic Sans','Could their hope explain.'),
(1063,3225,179,7,'Arial','Between again even start father still eye.'),
(1808,2493,72,10,'Arial','Change event avoid to activity oil.'),
(1808,2493,72,11,'Arial','Safe family receive sister.'),
(1808,2493,72,12,'Arial','Go second say summer production property ask.'),
(1808,2493,72,13,'Comic Sans','Product condition this training phone.'),
(1808,2493,72,14,'Verdana','Fast world economic thus debate those.'),
(1808,2493,72,15,'Verdana','Become gun order tax rather lead forward cost.'),
(1808,2493,72,16,'Comic Sans','More message body simple exactly whose trade single.'),
(1808,2493,72,17,'Comic Sans','Cause point I remember operation energy.'),
(1969,194,174,6,'Comic Sans','Already know special past page.'),
(1969,194,174,7,'Arial','Six style nice itself statement.'),
(1969,194,174,8,'Comic Sans','Treat trip class left international example fall.'),
(1969,194,174,9,'Comic Sans','Strong your wear lot.'),
(1969,194,174,10,'Arial','Happy half bank outside there would.'),
(1969,194,174,11,'Comic Sans','Stuff loss indeed every establish.'),
(1969,194,174,12,'Verdana','Per star five sing people believe.'),
(1969,194,174,13,'Comic Sans','Maybe care spend describe five.'),
(1969,194,174,14,'Verdana','Off they and report.'),
(1969,194,174,15,'Verdana','Economy everybody major community.'),
(1969,1879,127,9,'Verdana','Citizen visit wind land against.'),
(1969,1879,127,10,'Arial','As end fill five state.'),
(1969,1879,127,11,'Comic Sans','Moment entire between scene class.'),
(1969,1879,127,12,'Verdana','Rule toward open mention color condition opportunity find.'),
(1969,1879,127,13,'Arial','She ball herself officer institution wind.'),
(1969,1879,127,14,'Verdana','Despite get case federal appear teacher.'),
(1969,1879,127,15,'Verdana','Bag more government budget.'),
(1969,1879,127,16,'Comic Sans','Must population central whether design result.'),
(2107,53,146,10,'Comic Sans','Medical free field talk.'),
(2107,53,146,11,'Verdana','Simply great interview assume benefit.'),
(2107,53,146,12,'Arial','Best face certain lose manager.'),
(2107,53,146,13,'Verdana','New process she young.'),
(2107,53,146,14,'Verdana','Another realize pattern partner arrive drive wind.'),
(2107,53,146,15,'Comic Sans','Standard hard friend baby Mrs.'),
(2107,9015,214,2,'Arial','True page key not cell.'),
(2107,9015,214,3,'Comic Sans','Night able maintain western idea.'),
(2681,249,165,10,'Verdana','Enough candidate light food you another.'),
(2681,249,165,11,'Verdana','Possible thus lot hand lose.'),
(2681,249,165,12,'Verdana','Public benefit attack discover.'),
(2681,249,165,13,'Verdana','Age really enjoy town.'),
(2681,249,165,14,'Verdana','How onto goal network.'),
(2938,4393,84,3,'Arial','Anything candidate thank subject.'),
(2938,4393,84,4,'Arial','Price several across serious run second.'),
(2938,4393,84,5,'Verdana','Mouth response four history.'),
(2938,4393,84,6,'Arial','Same country fight arrive day open power thousand.'),
(2938,4393,84,7,'Verdana','We group general financial friend.'),
(2938,4393,84,8,'Verdana','Section anything better along.'),
(2938,4393,84,9,'Arial','You relate never fire wish sister material.'),
(2938,4393,84,10,'Arial','Last build paper history.'),
(2938,4393,84,11,'Verdana','Accept carry table born in position.'),
(2938,4393,84,12,'Verdana','Win discussion here example friend however eat.'),
(2997,8864,192,1,'Comic Sans','War maintain yourself effort main.'),
(2997,8864,192,2,'Comic Sans','Cold employee food test.'),
(2997,8864,192,3,'Arial','Evidence marriage range guy too not exactly.'),
(2997,8864,192,4,'Arial','Police Democrat school look should discover skin.'),
(2997,8864,192,5,'Arial','Happen for whether difficult ever.'),
(2997,8864,192,6,'Verdana','Build campaign simple worker pressure particularly.'),
(2997,8864,192,7,'Verdana','Player paper his development.'),
(3187,9402,114,1,'Comic Sans','Get grow that paper.'),
(3187,9402,114,2,'Arial','Education laugh describe election force although prove.'),
(3187,9402,114,3,'Comic Sans','Seat senior until example general forward important.'),
(3451,8612,130,2,'Comic Sans','Between billion according across ability item.'),
(3451,8612,130,3,'Comic Sans','Candidate executive Mr.'),
(3451,8612,130,4,'Comic Sans','Cup different resource article me by.'),
(3451,8612,130,5,'Verdana','Old bag western arm.'),
(3451,8612,130,6,'Verdana','Across particularly save series less.'),
(3459,694,245,3,'Arial','Politics kid up others modern better decade sport.'),
(3459,694,245,4,'Verdana','Space opportunity set which.'),
(3459,694,245,5,'Verdana','Company nothing easy look almost record assume.'),
(3459,694,245,6,'Verdana','This though degree particular across kid process.'),
(3459,694,245,7,'Verdana','Fire network ever cost serious might.'),
(3459,694,245,8,'Arial','Yeah edge plan good increase.'),
(3459,5036,270,3,'Comic Sans','Style people material purpose perhaps.'),
(3459,5036,270,4,'Verdana','Future eight marriage major mention.'),
(3459,5036,270,5,'Arial','Both explain state real job what.'),
(3459,5036,270,6,'Comic Sans','Run record cause total ability early civil.'),
(3505,249,168,5,'Verdana','Design conference option local much current technology.'),
(3505,249,168,6,'Arial','Will effort defense get commercial analysis.'),
(3505,249,168,7,'Verdana','Step one class activity account democratic.'),
(3505,249,168,8,'Verdana','Protect do start standard land its see.'),
(3505,249,168,9,'Comic Sans','Bag charge democratic poor lose.'),
(3505,249,168,10,'Arial','Possible during none may.'),
(3505,3949,248,8,'Comic Sans','Control really scene necessary public north too.'),
(3505,3949,248,9,'Arial','Become husband step take people.'),
(3505,3949,248,10,'Comic Sans','Business look free serve federal without do speech.'),
(3505,3949,248,11,'Arial','Piece leave employee do sit.'),
(3505,3949,248,12,'Arial','Standard capital fund return night.'),
(3505,3949,248,13,'Verdana','As few season trip news remain production.'),
(3505,3949,248,14,'Arial','Never bed interview small forget sometimes already senior.'),
(3505,3949,248,15,'Arial','Throughout main source no throughout.'),
(3505,3949,248,16,'Comic Sans','News both because.'),
(3505,3949,248,17,'Comic Sans','Describe finally Republican lay coach four.'),
(3999,2265,73,5,'Comic Sans','Seem economic somebody.'),
(3999,2265,73,6,'Verdana','Girl about concern reduce effort bring.'),
(3999,2265,73,7,'Arial','Mr receive program friend strategy gun.'),
(3999,2265,73,8,'Verdana','Behavior me meeting pay no meeting.'),
(3999,2265,73,9,'Verdana','Nor own phone eat maybe toward.'),
(4863,5061,240,11,'Arial','Catch cultural light herself owner occur exactly race.'),
(4863,5061,240,12,'Comic Sans','Chance manager his keep everybody statement.'),
(4863,5061,240,13,'Verdana','Help relationship provide right.'),
(4863,5061,240,14,'Comic Sans','Why artist method crime practice culture show.'),
(4863,5061,240,15,'Comic Sans','East dark still since box section six.'),
(4952,1550,206,1,'Verdana','Management executive American race agency cold sense various.'),
(4952,1550,206,2,'Verdana','Step training mean national.'),
(4952,1550,206,3,'Comic Sans','Happen though course respond serious lose area.'),
(4952,1550,206,4,'Comic Sans','Specific feel cell wind administration pressure rule.'),
(5212,6415,237,11,'Comic Sans','Them ever us defense foreign.'),
(5212,6415,237,12,'Verdana','Star though effort color region.'),
(5363,3394,153,10,'Verdana','Assume reach certainly he line summer.'),
(5363,3394,153,11,'Arial','List practice effect item last.'),
(5363,3394,153,12,'Comic Sans','Drive end attack.'),
(5392,9825,90,1,'Comic Sans','Always Mr more give forward.'),
(5392,9825,90,2,'Verdana','Eight policy give.'),
(5740,6613,62,4,'Verdana','Them agent wish statement purpose.'),
(5740,6613,62,5,'Comic Sans','Fear same sense suddenly and suffer network.'),
(5740,6613,62,6,'Arial','List chance oil carry collection audience oil task.'),
(6446,3026,229,3,'Arial','Mind color pay see.'),
(6446,3026,229,4,'Verdana','Artist sense former gas several financial create reveal.'),
(6446,3026,229,5,'Arial','Report green difficult animal best southern indeed.'),
(6446,3026,229,6,'Verdana','Bag general bring organization.'),
(6446,3026,229,7,'Verdana','Page young every out per call series improve.'),
(6446,3026,229,8,'Verdana','Month sing all at my whole.'),
(6446,3026,229,9,'Comic Sans','Dog happen save quickly hospital mother continue.'),
(6446,3026,229,10,'Comic Sans','Study author adult.'),
(6446,3026,229,11,'Verdana','Medical training stuff nation fight hard visit.'),
(6446,3026,229,12,'Arial','Notice development film human yard pass.'),
(6446,5238,9,4,'Comic Sans','Your leave performance nice main.'),
(6510,5598,43,7,'Comic Sans','Your worker piece amount state per hope.'),
(6510,5598,43,8,'Arial','Study hand level society carry cause yes.'),
(6510,5598,43,9,'Arial','Else reality test force nearly myself cover available.'),
(6510,5598,43,10,'Verdana','Think off family price break different owner.'),
(6510,5598,43,11,'Comic Sans','Series environment rule increase star garden.'),
(6510,5598,43,12,'Verdana','Leader pull style crime.'),
(6510,5598,43,13,'Verdana','Program commercial major course event indeed.'),
(6510,5598,43,14,'Arial','Create fight if born manager young.'),
(6751,7150,113,11,'Comic Sans','Officer blue morning single organization treat.'),
(6751,7150,113,12,'Comic Sans','Edge throughout response affect respond fire past remember.'),
(6751,7150,113,13,'Comic Sans','Wide call foreign.'),
(6751,7150,113,14,'Comic Sans','Fine tend generation position all.'),
(6751,7150,113,15,'Comic Sans','Body race return effect table.'),
(6751,7150,113,16,'Comic Sans','List usually large street consumer.'),
(6751,7150,113,17,'Verdana','Charge source health Mr less generation.'),
(7140,694,193,6,'Arial','Probably sense attorney lead.'),
(7417,1326,242,4,'Arial','Activity mother none director.'),
(7417,1326,242,5,'Comic Sans','Keep to certain environment their speak.'),
(7417,1326,242,6,'Verdana','Official performance business white.'),
(7417,1326,242,7,'Verdana','Base operation not break plant.'),
(7417,1326,242,8,'Verdana','Report kid prevent group near take.'),
(7417,1326,242,9,'Comic Sans','Give again big boy.'),
(7417,1326,242,10,'Verdana','When financial poor thousand yet writer.'),
(7417,1326,242,11,'Verdana','Information scene cost plant cut floor.'),
(7417,1326,242,12,'Verdana','Center store owner professor task learn he.'),
(7417,1326,242,13,'Comic Sans','Account plan coach tend lead out.'),
(7417,7811,33,10,'Comic Sans','Feeling man eat possible beat city.'),
(7439,9322,94,3,'Arial','Marriage camera return drug still.'),
(7439,9322,94,4,'Comic Sans','Range magazine trade offer case throughout.'),
(7439,9322,94,5,'Verdana','Represent establish view rule after individual doctor.'),
(7517,194,142,1,'Verdana','This all foot purpose product item election talk.'),
(7679,8070,156,1,'Arial','Special her future push book.'),
(7679,8070,156,2,'Comic Sans','Feel new quite option bed high reason development.'),
(7679,8070,156,3,'Comic Sans','Ability guy one add special whether interesting.'),
(7679,8070,156,4,'Verdana','Seat whole turn trip.'),
(7679,8070,156,5,'Comic Sans','Let so bed store need.'),
(7679,8070,156,6,'Arial','Agreement environmental better raise common amount film.'),
(7679,8070,156,7,'Verdana','Camera mouth what nor they Mrs.'),
(7679,8070,156,8,'Verdana','Ability operation century know each discussion American.'),
(7888,2400,185,3,'Comic Sans','Receive shake customer thought hard.'),
(7888,2400,185,4,'Arial','Single staff order contain yeah.'),
(7888,2400,185,5,'Verdana','Food involve main final.'),
(7888,2400,185,6,'Comic Sans','Line open next level agree sister.'),
(7888,2400,185,7,'Verdana','Capital understand experience pretty again minute free situation.'),
(7888,2400,185,8,'Verdana','Fast soon just benefit west season.'),
(8144,5238,64,10,'Arial','Look beautiful unit Republican mention consumer consider size.'),
(8144,5238,64,11,'Arial','Evening friend west especially computer collection eight.'),
(8144,5238,64,12,'Arial','Contain finish since include.'),
(8144,5238,64,13,'Arial','Style sit idea animal idea four agency husband.'),
(8149,4295,16,11,'Arial','Player material else cup interesting.'),
(8149,4295,16,12,'Verdana','Find oil participant eight treat avoid.'),
(8149,4295,16,13,'Comic Sans','Will late live role it.'),
(8149,4295,16,14,'Comic Sans','Something story national.'),
(8406,325,273,3,'Arial','Hour all cell second series evening stay.'),
(8406,325,273,4,'Arial','Agent relate support standard beat reveal company value.'),
(8406,325,273,5,'Arial','Measure night single analysis.'),
(8406,325,273,6,'Verdana','Someone just simply few.'),
(8406,325,273,7,'Verdana','Voice course event agreement film third.'),
(8406,325,273,8,'Comic Sans','Dream sister investment.'),
(8406,325,273,9,'Comic Sans','Indicate Democrat decision garden listen.'),
(8406,325,273,10,'Comic Sans','Old thank face perform attention.'),
(8406,325,273,11,'Comic Sans','Address own north politics across.'),
(8406,325,273,12,'Arial','Wife actually number appear world grow.'),
(8406,3225,45,4,'Arial','There poor significant night.'),
(8406,3225,45,5,'Comic Sans','Discussion nothing state story street view.'),
(8406,3225,45,6,'Comic Sans','Blood officer north soon.'),
(8406,3225,45,7,'Verdana','Author another option side manage nothing.'),
(8406,3225,45,8,'Arial','Tend foreign book single toward specific.'),
(8406,3225,45,9,'Verdana','Once occur it character long friend.'),
(8406,3225,45,10,'Comic Sans','Want idea consumer whom others collection.'),
(8406,3225,45,11,'Arial','Lead Mrs cell about song allow.'),
(8406,3225,45,12,'Verdana','Night federal safe nature natural sea.'),
(8406,8824,99,5,'Comic Sans','Central it price now want.'),
(8406,8824,99,6,'Verdana','Form animal finally move share lose.'),
(8406,8824,99,7,'Arial','Bank hot really news.'),
(8406,8824,99,8,'Arial','Far data subject these news bag.'),
(8500,6415,253,9,'Comic Sans','After need improve can individual our.'),
(8500,6415,253,10,'Arial','President toward decide future local near.'),
(8500,6415,253,11,'Arial','Society number small network fact plant floor.'),
(8500,6415,253,12,'Arial','Outside magazine natural myself believe view she.'),
(8500,6415,253,13,'Comic Sans','Check road factor society.'),
(8500,6415,253,14,'Arial','Third run religious sense evidence finish store.'),
(8500,6415,253,15,'Arial','Return rise student law very scene.'),
(8500,7778,128,6,'Verdana','Toward product happen quite.'),
(8500,7778,128,7,'Verdana','Tree system top without quality past visit.'),
(8500,7778,128,8,'Comic Sans','Personal half against popular suffer more small drug.'),
(8520,411,51,10,'Arial','Current class serve support.'),
(8799,5231,68,3,'Verdana','Increase own lose yourself writer.'),
(8799,5231,68,4,'Verdana','Protect decide manager painting whom appear challenge them.'),
(8799,5231,68,5,'Verdana','Nation others imagine purpose always.'),
(8799,5231,68,6,'Arial','Grow keep community area case type security.'),
(8799,5231,68,7,'Verdana','Yourself this home capital.'),
(8799,5231,68,8,'Arial','Another stay avoid perhaps force bad.'),
(8799,9402,263,5,'Comic Sans','Down room baby happen least power successful spring.'),
(8799,9402,263,6,'Verdana','Although increase throughout hard medical suggest because.'),
(8799,9402,263,7,'Verdana','Bed wrong evidence ever election without.'),
(8799,9402,263,8,'Arial','Sit up serve billion research although better physical.'),
(8799,9402,263,9,'Comic Sans','Policy summer agree glass beautiful.'),
(8801,194,79,11,'Comic Sans','Threat PM others behind laugh today.'),
(8801,194,79,12,'Comic Sans','Strategy issue suffer person.'),
(8801,194,79,13,'Comic Sans','Seek responsibility early new include.'),
(8801,194,79,14,'Comic Sans','Many than interesting family attention.'),
(8801,194,79,15,'Verdana','Traditional open south ok class.'),
(8801,194,79,16,'Arial','Performance past employee road bed but may.'),
(9665,1410,209,5,'Verdana','Song gun those rule whether possible.'),
(9665,3490,274,1,'Arial','Prove size would fight exactly building team hair.'),
(9665,3490,274,2,'Arial','In organization news fly few civil experience.'),
(9665,3490,274,3,'Verdana','Black strong Congress poor.'),
(9665,3490,274,4,'Comic Sans','Add minute management job several than.'),
(9665,3490,274,5,'Arial','Personal yard standard treatment success hot director.'),
(9665,3490,274,6,'Comic Sans','Century manager story realize notice weight fish real.'),
(9665,3490,274,7,'Verdana','Section on practice often grow yet.'),
(9665,8721,291,6,'Arial','Talk inside add recent today whole.'),
(9665,8721,291,7,'Comic Sans','Join environment science campaign fight truth.'),
(9665,8721,291,8,'Arial','Sometimes next new mother wind.'),
(9665,8721,291,9,'Verdana','Subject growth reduce green build shoulder.'),
(9665,8721,291,10,'Comic Sans','Can require four appear.'),
(9665,8824,6,10,'Comic Sans','Section guy buy add card reason gas.'),
(9665,8824,6,11,'Comic Sans','Reduce those company become.'),
(9665,8824,6,12,'Comic Sans','As exactly hard per night key anyone.'),
(9844,325,92,10,'Verdana','Computer third population wall.'),
(9844,325,92,11,'Verdana','Executive truth for model home sound.'),
(9844,325,92,12,'Comic Sans','Only only exactly bit power a.'),
(9844,325,92,13,'Arial','West game wide himself including.');
/*!40000 ALTER TABLE `caption` ENABLE KEYS */;
UNLOCK TABLES;

--
-- Table structure for table `chat`
--

DROP TABLE IF EXISTS `chat`;
/*!40101 SET @saved_cs_client     = @@character_set_client */;
/*!40101 SET character_set_client = utf8mb4 */;
CREATE TABLE `chat` (
  `user_id` int(11) NOT NULL,
  `room_id` int(11) NOT NULL,
  `sent_order` int(11) NOT NULL,
  `message` text NOT NULL,
  PRIMARY KEY (`user_id`,`room_id`,`sent_order`),
  CONSTRAINT `chat_ibfk_1` FOREIGN KEY (`user_id`, `room_id`, `sent_order`) REFERENCES `content` (`user_id`, `room_id`, `sent_order`)
) ENGINE=InnoDB DEFAULT CHARSET=latin1 COLLATE=latin1_swedish_ci;
/*!40101 SET character_set_client = @saved_cs_client */;

--
-- Dumping data for table `chat`
--

LOCK TABLES `chat` WRITE;
/*!40000 ALTER TABLE `chat` DISABLE KEYS */;
INSERT INTO `chat` (`user_id`, `room_id`, `sent_order`, `message`) VALUES (111,1550,267,'Morning prove often.'),
(180,4258,138,'International together heart.'),
(285,4930,249,'Yard east what quite talk room control.'),
(312,3104,279,'Organization ok performance.'),
(312,8381,98,'Between draw sister agree media year.'),
(454,2320,30,'Middle teach research front name.'),
(506,3026,278,'Head other son property campaign news chair.'),
(506,5036,149,'Whatever because create walk.'),
(506,6548,269,'Side model staff whole argue.'),
(506,9840,18,'Finally realize force space.'),
(849,5036,215,'Camera collection arrive.'),
(849,5238,126,'Score exactly country a great.'),
(849,9250,198,'Staff exactly summer no every customer.'),
(873,8831,276,'Accept big worry option bad.'),
(1063,4533,25,'Be senior floor send administration interesting.'),
(1063,5036,108,'Interview especially size different where there free.'),
(1063,9250,101,'Then officer race.'),
(1384,3949,228,'Position with easy during that indeed whose expert.'),
(1384,4295,225,'Past parent opportunity to third hold yet.'),
(1442,1410,161,'House industry allow stage provide.'),
(1442,3225,148,'Daughter life chance truth pull.'),
(1442,3424,268,'Keep teach ten land member.'),
(1442,3540,58,'Include level word me I rest minute cover.'),
(1442,5795,284,'Before fall leave offer specific within.'),
(1564,2891,191,'Create person particular reduce economy several expect sit.'),
(1564,7511,226,'Benefit our practice black end raise available.'),
(1564,8417,10,'Same feeling seek morning mean.'),
(1808,7511,155,'Support leave right clearly happen hospital.'),
(1808,9821,256,'Eight conference rule home record brother.'),
(1969,455,28,'Image especially partner politics while.'),
(2107,1326,261,'Policy west particularly.'),
(2120,187,230,'Lose machine lose southern list day.'),
(2120,455,17,'Factor instead miss that research know color.'),
(2120,5628,189,'Matter read term.'),
(2190,2265,91,'Administration middle begin own.'),
(2190,2731,252,'Could lose reveal.'),
(2293,682,144,'Four keep whom local ask.'),
(2293,3490,158,'These war approach will benefit sound.'),
(2382,1550,178,'Really condition know sea near.'),
(2382,7511,175,'Capital church too skin grow.'),
(2527,6071,275,'Value central land walk fast it.'),
(2686,53,75,'Seek here campaign language deep month general.'),
(2686,1879,219,'Dog nature stuff western should argue.'),
(2686,5795,23,'Reality apply bed quickly first authority car.'),
(2686,9821,49,'Test less indicate buy and represent.'),
(2909,1985,69,'Base little receive leave theory leave.'),
(2909,2891,87,'Agency work firm.'),
(2938,2736,151,'Debate cause business especially.'),
(2938,2891,160,'Yeah why level face offer box.'),
(2997,3449,265,'Call response view establish real indeed gun.'),
(3187,4295,236,'We bill brother Democrat.'),
(3330,2143,296,'Republican order clearly theory director game weight the.'),
(3330,3394,257,'Theory support kid event.'),
(3330,7811,293,'Vote woman clearly increase leg senior war.'),
(3330,9840,120,'Soldier effect it quickly.'),
(3363,5036,221,'Lay record population reason natural law.'),
(3363,8831,3,'Lawyer remember far computer coach team well especially.'),
(3380,3394,147,'Fall project yourself win traditional stop game.'),
(3459,3594,132,'Stop page threat gun past.'),
(3459,9015,246,'Reflect much analysis central also.'),
(3471,7150,250,'Open discuss number role ten data moment.'),
(3471,9825,41,'Management mission him.'),
(3505,6653,24,'Better study summer.'),
(3505,9825,190,'We change war each space from model.'),
(3552,933,27,'Plan name admit opportunity.'),
(3552,1326,199,'Million opportunity doctor friend road right generation.'),
(3552,2400,31,'Term cover likely day out beat foreign court.'),
(3552,9015,110,'Ok face forward together.'),
(3552,9402,171,'Avoid fill major.'),
(3999,6109,244,'Song memory possible media.'),
(3999,8612,231,'Such allow behind with section open.'),
(3999,9364,102,'Charge after everything.'),
(4073,3490,170,'Mother energy agency financial identify director military.'),
(4073,4179,294,'Gas analysis nature apply add.'),
(4073,5598,259,'At ground office itself can.'),
(4140,2891,19,'Rich whom set board writer.'),
(4140,8070,300,'Nearly ten maybe why.'),
(4353,6071,35,'Side even this important event campaign reveal exist.'),
(4437,6109,186,'Side compare above.'),
(4547,2265,187,'Three time reason way pick garden board.'),
(4803,2493,196,'Edge suddenly town significant.'),
(4803,2589,239,'Allow chair data seem need they avoid.'),
(4863,4930,287,'Suddenly address name institution collection general.'),
(4863,6071,266,'Decide technology energy thing full wonder.'),
(4952,455,39,'Us from friend material feel person woman.'),
(4952,694,285,'Step reveal marriage century development true baby.'),
(4965,249,115,'Current suggest letter join.'),
(4965,4258,52,'Kid activity must able when fear.'),
(4965,6548,29,'Technology skin bit.'),
(5212,8486,180,'Drive together right thousand.'),
(5363,1985,12,'As on order cause morning popular.'),
(5363,9788,117,'Cold throughout nice court.'),
(5392,4930,55,'On late contain factor.'),
(5739,249,232,'Might whatever hair not season can little.'),
(5739,1550,289,'Leave Mrs quality success college series direction.'),
(5740,455,66,'Four read section deal represent.'),
(5740,6548,103,'Enjoy player nature girl.'),
(5839,3490,112,'Serve common director more agency minute.'),
(6032,1768,182,'Pm small test side state south.'),
(6295,6641,181,'Involve people top quickly together hour north.'),
(6373,8070,183,'Special dog lawyer arm race gun.'),
(6446,1768,81,'Reach increase treatment management.'),
(6510,4258,217,'Power political as suddenly performance reflect fight.'),
(6638,2143,77,'Anyone degree white word cause couple point especially.'),
(6638,5231,140,'Great on charge number.'),
(6638,9821,201,'Course southern long reflect others anything offer.'),
(6751,933,218,'Tend too large fire answer life.'),
(6751,8417,223,'Run threat dream foot.'),
(6751,9825,111,'I total common bed doctor his remain.'),
(6762,682,106,'Blue drug religious bank manage pattern all after.'),
(6762,2736,134,'Find PM product college lay situation rule.'),
(6762,6415,288,'Would spend thus behavior.'),
(6842,2589,277,'Follow accept air finish.'),
(6857,2589,241,'Leader heavy hope blood bank my finish.'),
(6914,2143,212,'Set including our community at food college sea.'),
(6914,2265,139,'Herself morning fill.'),
(6914,2891,255,'Later skill product together.'),
(7082,1985,76,'Upon board eye record fact its yourself.'),
(7082,2736,42,'Thought instead decide step space edge here game.'),
(7082,9885,173,'Forward only energy above change.'),
(7140,1326,82,'Evening above air trial wait age matter.'),
(7140,2400,74,'Drug fill significant day option upon.'),
(7174,4497,197,'Again son paper investment travel country bill.'),
(7174,5231,107,'Enough where budget question indicate four.'),
(7194,9322,251,'Support road argue during exist yeah act.'),
(7417,2736,122,'Throw me offer have still save.'),
(7417,8070,34,'Such painting drive fill.'),
(7578,3924,220,'Network thus become health.'),
(7659,249,297,'Risk college lay sure audience among heavy.'),
(7659,7778,272,'Man soon air our specific stand become.'),
(7659,8864,194,'Continue list police low.'),
(7810,2891,213,'Record could maybe town adult these that director.'),
(8048,3949,135,'Begin agent think over stand.'),
(8048,6071,166,'Join indeed theory.'),
(8083,9821,281,'Care develop turn interesting.'),
(8144,5929,20,'Attack hair success often season lead.'),
(8149,7258,238,'Pattern coach structure black provide hair challenge north.'),
(8406,9825,97,'Matter sea partner hot.'),
(8500,7811,95,'Treat full development method issue vote.'),
(8520,2736,11,'Require return unit between.'),
(8660,1768,286,'From safe source over.'),
(8660,3026,141,'Five respond enjoy opportunity money.'),
(8660,4533,4,'Increase significant consumer anyone.'),
(8696,3780,264,'Agree help everything network stand.'),
(8696,8612,60,'Watch take beyond why.'),
(8696,9015,129,'Response support guy resource hold receive analysis compare.'),
(8707,1410,234,'Pm official evening me find life.'),
(8799,8721,216,'Staff law decision available.'),
(8801,7150,290,'Any quality author church low everybody present.'),
(9502,6109,63,'Congress popular health project garden discuss officer.'),
(9646,1410,7,'Type scientist its himself ask sure recent.'),
(9646,4179,44,'Chair box work skill.'),
(9646,4393,5,'Third bit which head assume.'),
(9665,7511,37,'Near capital employee.'),
(9665,7811,280,'Whatever start peace condition door.'),
(9803,3924,46,'Chair ahead couple final expect as their rule.'),
(9844,5231,96,'Someone effort yes medical program dark challenge.'),
(9844,6613,8,'Discover sound hold mouth figure.'),
(9844,8612,36,'With pressure resource street environment.'),
(9907,8831,164,'Much address control call yet item specific talk.'),
(9974,9364,104,'Six management discover way director.');
/*!40000 ALTER TABLE `chat` ENABLE KEYS */;
UNLOCK TABLES;

--
-- Table structure for table `content`
--

DROP TABLE IF EXISTS `content`;
/*!40101 SET @saved_cs_client     = @@character_set_client */;
/*!40101 SET character_set_client = utf8mb4 */;
CREATE TABLE `content` (
  `user_id` int(11) NOT NULL,
  `room_id` int(11) NOT NULL,
  `sent_order` int(11) NOT NULL,
  `send_time` datetime NOT NULL,
  `is_exists` tinyint(4) NOT NULL,
  PRIMARY KEY (`user_id`,`room_id`,`sent_order`),
  KEY `room_id` (`room_id`),
  CONSTRAINT `content_ibfk_1` FOREIGN KEY (`user_id`) REFERENCES `user` (`user_id`),
  CONSTRAINT `content_ibfk_2` FOREIGN KEY (`room_id`) REFERENCES `room_chat` (`room_id`)
) ENGINE=InnoDB DEFAULT CHARSET=latin1 COLLATE=latin1_swedish_ci;
/*!40101 SET character_set_client = @saved_cs_client */;

--
-- Dumping data for table `content`
--

LOCK TABLES `content` WRITE;
/*!40000 ALTER TABLE `content` DISABLE KEYS */;
INSERT INTO `content` (`user_id`, `room_id`, `sent_order`, `send_time`, `is_exists`) VALUES (111,1550,267,'2025-05-10 03:13:40',1),
(111,9402,169,'2025-01-19 08:44:37',1),
(120,4533,26,'2025-03-14 23:20:46',1),
(120,6800,283,'2025-01-09 00:39:26',1),
(120,8486,136,'2025-01-20 18:12:14',1),
(180,2400,131,'2025-04-23 13:54:06',1),
(180,3026,71,'2025-03-24 15:43:36',1),
(180,4258,138,'2025-02-17 09:42:25',1),
(285,249,89,'2025-03-19 20:27:04',1),
(285,4930,249,'2025-01-05 09:10:22',1),
(312,3104,279,'2025-05-12 21:55:02',1),
(312,3780,56,'2025-04-12 21:09:02',1),
(312,4393,222,'2025-01-21 09:54:12',1),
(312,8253,243,'2025-02-14 03:45:23',1),
(312,8381,98,'2025-03-10 20:11:31',1),
(454,2320,30,'2025-03-20 05:49:20',1),
(454,8831,208,'2025-04-09 21:38:57',1),
(454,9221,123,'2025-04-03 14:53:30',1),
(506,1985,80,'2025-04-25 15:40:55',1),
(506,3026,278,'2025-01-08 02:37:12',1),
(506,4497,59,'2025-01-29 01:38:22',1),
(506,5036,149,'2025-04-05 03:18:43',1),
(506,5929,167,'2025-01-20 21:46:48',1),
(506,6548,269,'2025-04-03 23:36:17',1),
(506,9840,18,'2025-04-11 03:51:02',1),
(849,5036,215,'2025-03-02 11:39:58',1),
(849,5238,126,'2025-03-21 01:50:07',1),
(849,9250,198,'2025-03-18 02:18:29',1),
(873,455,121,'2025-01-09 20:29:37',1),
(873,2891,200,'2025-02-14 11:46:10',1),
(873,8831,276,'2025-02-02 11:48:14',1),
(1063,3225,179,'2025-05-12 17:57:48',1),
(1063,4533,25,'2025-03-04 00:36:11',1),
(1063,5036,108,'2025-04-02 07:09:54',1),
(1063,9250,101,'2025-05-13 00:10:08',1),
(1384,3949,228,'2025-05-06 20:10:45',1),
(1384,4295,225,'2025-01-06 17:33:11',1),
(1442,1410,161,'2025-04-10 08:48:47',1),
(1442,3225,148,'2025-03-02 13:27:10',1),
(1442,3424,268,'2025-02-02 22:01:08',1),
(1442,3540,58,'2025-03-11 18:43:04',1),
(1442,5795,284,'2025-02-01 06:21:52',1),
(1564,2891,191,'2025-04-02 11:37:10',1),
(1564,7511,226,'2025-05-14 04:51:47',1),
(1564,8417,10,'2025-03-29 15:31:22',1),
(1631,3225,61,'2025-04-06 06:00:06',1),
(1808,2493,72,'2025-04-07 01:09:42',1),
(1808,7511,155,'2025-04-30 02:09:08',1),
(1808,9821,256,'2025-02-28 10:57:08',1),
(1969,194,174,'2025-02-07 05:45:26',1),
(1969,455,28,'2025-01-10 07:41:36',1),
(1969,1879,127,'2025-04-22 19:22:35',1),
(2107,53,146,'2025-03-30 10:08:28',1),
(2107,1326,261,'2025-03-18 04:26:53',1),
(2107,2731,159,'2025-01-27 01:27:30',1),
(2107,6415,100,'2025-01-01 02:12:52',1),
(2107,9015,214,'2025-04-29 23:33:22',1),
(2120,187,230,'2025-01-21 15:31:46',1),
(2120,455,17,'2025-04-17 17:23:35',1),
(2120,5628,189,'2025-03-12 18:43:56',1),
(2120,5929,254,'2025-04-14 04:42:30',1),
(2190,2265,91,'2025-01-21 08:01:28',1),
(2190,2731,252,'2025-02-09 02:36:32',1),
(2190,4930,210,'2025-04-12 03:42:33',1),
(2190,7029,235,'2025-01-22 02:35:05',1),
(2293,682,144,'2025-04-01 15:26:33',1),
(2293,3490,158,'2025-05-16 08:57:57',1),
(2293,4179,207,'2025-05-14 00:41:17',1),
(2293,6641,38,'2025-04-25 18:51:46',1),
(2382,933,137,'2025-01-04 07:26:20',1),
(2382,1550,178,'2025-01-14 02:20:40',1),
(2382,3386,299,'2025-01-20 20:00:39',1),
(2382,7511,175,'2025-02-26 14:13:22',1),
(2382,9821,211,'2025-04-03 14:29:44',1),
(2527,6071,275,'2025-04-14 11:31:32',1),
(2527,9015,271,'2025-03-09 04:26:06',1),
(2681,249,165,'2025-04-01 05:14:55',1),
(2686,53,75,'2025-02-09 00:29:57',1),
(2686,1879,219,'2025-03-14 13:58:58',1),
(2686,5795,23,'2025-01-31 01:22:50',1),
(2686,9821,49,'2025-03-11 13:35:44',1),
(2909,1985,69,'2025-05-04 02:45:43',1),
(2909,2891,87,'2025-02-26 22:40:03',1),
(2938,2736,151,'2025-03-30 12:40:20',1),
(2938,2891,160,'2025-04-27 07:46:43',1),
(2938,4393,84,'2025-05-11 20:26:19',1),
(2997,3449,265,'2025-05-13 02:09:30',1),
(2997,4179,295,'2025-03-03 17:57:25',1),
(2997,8824,262,'2025-02-07 23:50:23',1),
(2997,8864,192,'2025-01-06 15:59:13',1),
(3187,4295,236,'2025-03-13 09:47:33',1),
(3187,5036,176,'2025-04-05 04:42:40',1),
(3187,9402,114,'2025-02-08 22:01:15',1),
(3330,2143,296,'2025-04-04 15:52:18',1),
(3330,3394,257,'2025-02-02 11:41:45',1),
(3330,7811,293,'2025-03-23 23:50:40',1),
(3330,9840,120,'2025-03-07 09:23:11',1),
(3363,5036,221,'2025-01-03 15:37:25',1),
(3363,8417,162,'2025-04-16 03:24:55',1),
(3363,8831,3,'2025-03-16 00:08:13',1),
(3363,9885,157,'2025-05-13 06:13:52',1),
(3380,1768,78,'2025-01-12 17:18:46',1),
(3380,3394,147,'2025-02-23 21:46:58',1),
(3451,8612,130,'2025-05-04 22:27:06',1),
(3459,694,245,'2025-01-27 00:54:10',1),
(3459,3594,132,'2025-04-30 21:15:29',1),
(3459,5036,270,'2025-03-16 10:34:13',1),
(3459,8253,14,'2025-03-06 14:32:50',1),
(3459,9015,246,'2025-04-11 11:22:59',1),
(3471,7150,250,'2025-03-15 10:56:17',1),
(3471,9825,41,'2025-01-28 20:04:24',1),
(3505,249,168,'2025-05-05 09:48:30',1),
(3505,3949,248,'2025-02-28 18:36:01',1),
(3505,5628,298,'2025-05-05 14:55:34',1),
(3505,6653,24,'2025-04-20 09:35:50',1),
(3505,9825,190,'2025-02-22 07:35:47',1),
(3552,933,27,'2025-05-01 04:14:11',1),
(3552,1326,199,'2025-04-14 15:22:05',1),
(3552,2320,195,'2025-02-21 19:46:43',1),
(3552,2400,31,'2025-02-02 12:33:15',1),
(3552,9015,110,'2025-02-06 01:40:55',1),
(3552,9402,171,'2025-01-04 02:00:25',1),
(3552,9821,21,'2025-02-13 18:50:51',1),
(3750,249,124,'2025-04-23 04:35:41',1),
(3750,392,224,'2025-03-29 14:26:22',1),
(3750,7258,40,'2025-04-29 15:25:05',1),
(3999,2143,227,'2025-01-27 23:58:10',1),
(3999,2265,73,'2025-03-18 08:38:58',1),
(3999,6109,244,'2025-04-11 22:37:19',1),
(3999,8612,231,'2025-04-23 15:29:31',1),
(3999,9364,102,'2025-04-03 07:15:09',1),
(4073,3490,170,'2025-02-16 21:30:12',1),
(4073,4179,294,'2025-04-23 23:58:59',1),
(4073,5598,259,'2025-03-07 04:32:22',1),
(4140,2400,116,'2025-02-19 23:40:08',1),
(4140,2891,19,'2025-01-21 23:23:09',1),
(4140,7150,118,'2025-04-03 04:07:21',1),
(4140,8070,300,'2025-04-04 19:22:19',1),
(4353,6071,35,'2025-03-13 09:35:37',1),
(4437,6109,186,'2025-04-23 08:12:05',1),
(4547,2265,187,'2025-05-03 04:55:28',1),
(4547,5231,143,'2025-01-07 01:36:58',1),
(4803,2493,196,'2025-01-27 00:13:15',1),
(4803,2589,239,'2025-01-09 06:06:02',1),
(4803,7811,163,'2025-02-06 20:05:34',1),
(4863,4930,287,'2025-01-24 12:34:56',1),
(4863,5061,240,'2025-01-10 07:21:52',1),
(4863,6071,266,'2025-01-27 19:20:58',1),
(4863,7150,203,'2025-04-19 23:41:47',1),
(4952,455,39,'2025-01-17 02:03:45',1),
(4952,694,285,'2025-02-11 00:47:15',1),
(4952,1550,206,'2025-03-15 01:18:33',1),
(4952,3780,292,'2025-01-05 02:56:30',1),
(4965,249,115,'2025-01-11 09:38:12',1),
(4965,2589,258,'2025-03-28 04:44:23',1),
(4965,4258,52,'2025-01-22 10:21:25',1),
(4965,6548,29,'2025-03-20 15:16:33',1),
(5212,1879,109,'2025-05-11 03:51:37',1),
(5212,6415,237,'2025-05-01 20:12:16',1),
(5212,8486,180,'2025-01-02 21:13:54',1),
(5363,1985,12,'2025-03-10 18:18:41',1),
(5363,3394,153,'2025-01-30 05:58:45',1),
(5363,6641,57,'2025-05-11 16:10:22',1),
(5363,9788,117,'2025-03-05 02:14:56',1),
(5392,4930,55,'2025-02-27 17:57:33',1),
(5392,9825,90,'2025-05-06 10:38:06',1),
(5392,9840,2,'2025-02-02 10:13:22',1),
(5739,249,232,'2025-04-17 10:35:38',1),
(5739,1550,289,'2025-02-23 22:53:08',1),
(5740,455,66,'2025-02-09 05:55:02',1),
(5740,6548,103,'2025-03-20 21:56:00',1),
(5740,6613,62,'2025-02-03 13:51:30',1),
(5839,3490,112,'2025-03-31 22:51:38',1),
(6032,1768,182,'2025-01-04 18:21:29',1),
(6032,2493,48,'2025-01-24 10:02:45',1),
(6295,6641,181,'2025-03-24 21:02:10',1),
(6373,3594,85,'2025-05-09 03:02:21',1),
(6373,4295,1,'2025-04-22 20:50:40',1),
(6373,8070,183,'2025-02-28 13:55:44',1),
(6446,1768,81,'2025-05-14 13:48:43',1),
(6446,3026,229,'2025-01-23 03:40:00',1),
(6446,5238,9,'2025-01-24 22:27:05',1),
(6510,3759,15,'2025-05-11 14:13:01',1),
(6510,4258,217,'2025-04-11 17:59:58',1),
(6510,5598,43,'2025-05-09 14:18:50',1),
(6510,5795,13,'2025-01-02 05:26:04',1),
(6638,2143,77,'2025-02-19 07:20:56',1),
(6638,5231,140,'2025-04-21 10:58:30',1),
(6638,5598,83,'2025-02-22 06:12:46',1),
(6638,8187,260,'2025-04-01 06:49:12',1),
(6638,9821,201,'2025-02-11 05:55:44',1),
(6751,933,218,'2025-01-13 20:57:48',1),
(6751,7150,113,'2025-02-09 21:42:22',1),
(6751,8417,223,'2025-05-08 06:18:05',1),
(6751,9825,53,'2025-01-14 22:16:50',1),
(6751,9825,111,'2025-01-11 09:08:02',1),
(6762,682,106,'2025-04-09 05:52:12',1),
(6762,2731,50,'2025-03-13 04:06:15',1),
(6762,2736,134,'2025-04-03 22:13:52',1),
(6762,6415,288,'2025-01-09 23:17:16',1),
(6842,2589,277,'2025-01-28 10:08:41',1),
(6842,3026,282,'2025-02-19 22:34:27',1),
(6842,3780,145,'2025-03-25 22:16:52',1),
(6842,6613,93,'2025-03-25 00:16:40',1),
(6842,7029,125,'2025-01-24 22:37:03',1),
(6857,2589,241,'2025-05-04 12:48:08',1),
(6914,2143,212,'2025-02-23 16:41:11',1),
(6914,2265,139,'2025-01-12 03:32:12',1),
(6914,2891,255,'2025-04-10 12:25:18',1),
(7082,1985,76,'2025-04-30 23:08:06',1),
(7082,2736,42,'2025-03-10 18:57:37',1),
(7082,9885,173,'2025-01-16 14:50:36',1),
(7140,694,193,'2025-04-16 02:12:23',1),
(7140,1326,82,'2025-05-04 08:41:51',1),
(7140,2320,184,'2025-01-04 14:01:07',1),
(7140,2400,74,'2025-03-13 11:46:08',1),
(7174,694,154,'2025-01-25 17:00:52',1),
(7174,4497,197,'2025-04-22 12:26:58',1),
(7174,5231,107,'2025-04-29 17:44:34',1),
(7194,455,67,'2025-01-14 02:47:00',1),
(7194,9322,251,'2025-05-09 04:51:14',1),
(7417,1326,242,'2025-02-17 16:21:38',1),
(7417,2736,122,'2025-01-05 13:44:11',1),
(7417,7811,33,'2025-02-21 23:56:44',1),
(7417,8070,34,'2025-04-03 18:28:05',1),
(7439,7029,133,'2025-04-19 03:37:06',1),
(7439,9322,94,'2025-05-08 06:28:04',1),
(7473,4295,152,'2025-04-15 20:49:21',1),
(7473,9825,172,'2025-02-08 04:29:39',1),
(7517,194,142,'2025-03-29 10:58:59',1),
(7578,3924,220,'2025-03-03 15:35:59',1),
(7578,8187,177,'2025-01-10 11:41:55',1),
(7659,249,297,'2025-01-21 21:10:24',1),
(7659,7778,272,'2025-01-20 00:58:44',1),
(7659,8864,194,'2025-03-26 16:01:06',1),
(7679,8070,156,'2025-04-05 16:00:44',1),
(7810,2891,213,'2025-04-29 03:56:22',1),
(7888,2400,185,'2025-03-06 06:48:33',1),
(8048,682,70,'2025-01-14 04:30:16',1),
(8048,3949,135,'2025-03-10 16:43:45',1),
(8048,6071,166,'2025-02-22 06:33:04',1),
(8083,6415,119,'2025-04-17 01:58:15',1),
(8083,9821,281,'2025-01-05 20:13:13',1),
(8144,249,233,'2025-01-17 13:29:13',1),
(8144,2589,65,'2025-02-03 09:01:59',1),
(8144,5238,64,'2025-05-04 07:17:04',1),
(8144,5929,20,'2025-03-19 03:24:42',1),
(8149,541,202,'2025-01-25 00:33:03',1),
(8149,4295,16,'2025-04-24 16:16:14',1),
(8149,7258,238,'2025-03-12 13:48:07',1),
(8149,8831,32,'2025-02-15 08:33:29',1),
(8406,325,273,'2025-05-15 20:49:06',1),
(8406,3225,45,'2025-01-15 01:18:00',1),
(8406,8824,99,'2025-03-17 11:56:17',1),
(8406,9825,97,'2025-03-08 18:19:27',1),
(8500,6415,253,'2025-04-30 04:51:01',1),
(8500,7778,128,'2025-03-25 12:47:54',1),
(8500,7811,95,'2025-01-15 12:37:06',1),
(8520,411,51,'2025-03-08 07:24:00',1),
(8520,2736,11,'2025-01-18 13:00:52',1),
(8520,9840,47,'2025-03-31 20:02:48',1),
(8660,1768,286,'2025-02-01 23:19:28',1),
(8660,3026,141,'2025-01-20 04:13:04',1),
(8660,4533,4,'2025-04-28 11:38:25',1),
(8660,8023,86,'2025-04-25 10:59:52',1),
(8696,3780,264,'2025-05-12 18:06:19',1),
(8696,4209,188,'2025-01-10 16:39:25',1),
(8696,7811,205,'2025-02-08 07:30:51',1),
(8696,8612,60,'2025-05-04 16:19:52',1),
(8696,9015,129,'2025-05-05 16:04:09',1),
(8707,1410,234,'2025-01-03 06:20:31',1),
(8707,9221,150,'2025-03-15 12:57:08',1),
(8799,5231,68,'2025-04-12 22:28:35',1),
(8799,8721,216,'2025-02-04 00:01:35',1),
(8799,9402,263,'2025-03-30 11:05:34',1),
(8801,194,79,'2025-05-09 10:13:58',1),
(8801,3104,204,'2025-01-14 07:42:59',1),
(8801,7150,290,'2025-05-01 22:25:48',1),
(8801,9821,247,'2025-04-20 06:47:17',1),
(9502,6109,63,'2025-02-20 16:49:39',1),
(9502,7258,105,'2025-04-10 18:53:33',1),
(9568,8486,22,'2025-05-16 16:01:27',1),
(9646,1410,7,'2025-04-19 16:59:35',1),
(9646,4179,44,'2025-05-01 00:36:16',1),
(9646,4393,5,'2025-01-29 22:17:56',1),
(9665,1410,209,'2025-01-04 07:14:39',1),
(9665,3490,274,'2025-03-22 16:43:22',1),
(9665,7511,37,'2025-01-09 13:51:35',1),
(9665,7811,280,'2025-02-03 16:42:21',1),
(9665,8721,291,'2025-01-03 21:25:03',1),
(9665,8824,6,'2025-02-23 17:35:01',1),
(9803,3924,46,'2025-01-26 09:03:11',1),
(9803,3949,88,'2025-04-10 05:32:07',1),
(9844,325,92,'2025-01-31 00:26:06',1),
(9844,5231,96,'2025-04-21 08:30:50',1),
(9844,6613,8,'2025-01-01 01:43:51',1),
(9844,8612,36,'2025-01-20 08:01:55',1),
(9907,8831,164,'2025-02-10 12:02:27',1),
(9974,6415,54,'2025-05-09 11:51:51',1),
(9974,9364,104,'2025-03-10 19:28:06',1);
/*!40000 ALTER TABLE `content` ENABLE KEYS */;
UNLOCK TABLES;

--
-- Table structure for table `friend`
--

DROP TABLE IF EXISTS `friend`;
/*!40101 SET @saved_cs_client     = @@character_set_client */;
/*!40101 SET character_set_client = utf8mb4 */;
CREATE TABLE `friend` (
  `user_id` int(11) NOT NULL,
  `friend_id` int(11) NOT NULL,
  PRIMARY KEY (`user_id`,`friend_id`),
  KEY `friend_id` (`friend_id`),
  CONSTRAINT `friend_ibfk_1` FOREIGN KEY (`user_id`) REFERENCES `user` (`user_id`),
  CONSTRAINT `friend_ibfk_2` FOREIGN KEY (`friend_id`) REFERENCES `user` (`user_id`)
) ENGINE=InnoDB DEFAULT CHARSET=latin1 COLLATE=latin1_swedish_ci;
/*!40101 SET character_set_client = @saved_cs_client */;

--
-- Dumping data for table `friend`
--

LOCK TABLES `friend` WRITE;
/*!40000 ALTER TABLE `friend` DISABLE KEYS */;
INSERT INTO `friend` (`user_id`, `friend_id`) VALUES (2120,111),
(6857,111),
(1442,120),
(2527,120),
(4863,120),
(2190,180),
(2681,180),
(4547,180),
(6762,180),
(8696,180),
(6914,285),
(2190,312),
(3471,312),
(7810,312),
(3505,454),
(3999,454),
(4803,454),
(6446,454),
(6751,454),
(4965,506),
(8144,506),
(9803,506),
(6638,849),
(4863,873),
(8660,873),
(8799,873),
(9568,873),
(6373,1063),
(6914,1063),
(3187,1384),
(4437,1384),
(5839,1384),
(6857,1384),
(7351,1384),
(9844,1384),
(120,1442),
(2527,1442),
(4965,1442),
(7351,1442),
(7417,1442),
(6295,1564),
(7140,1564),
(7888,1564),
(8660,1564),
(1969,1631),
(2107,1631),
(8083,1631),
(4803,1808),
(6510,1808),
(1631,1969),
(2107,1969),
(8083,1969),
(8660,1969),
(1631,2107),
(1969,2107),
(4952,2107),
(111,2120),
(4952,2120),
(5363,2120),
(5740,2120),
(6032,2120),
(6446,2120),
(180,2190),
(312,2190),
(9844,2190),
(3187,2293),
(3552,2293),
(6373,2382),
(7439,2382),
(120,2527),
(1442,2527),
(6295,2527),
(7174,2527),
(180,2681),
(3363,2681),
(6446,2681),
(6751,2681),
(8406,2681),
(6032,2686),
(7473,2686),
(9502,2686),
(4140,2909),
(5739,2909),
(7439,2909),
(8149,2909),
(5392,2938),
(5839,2997),
(1384,3187),
(2293,3187),
(4353,3187),
(7174,3187),
(7679,3187),
(8660,3187),
(5739,3330),
(6295,3330),
(8801,3330),
(2681,3363),
(3552,3363),
(5740,3363),
(6842,3363),
(8149,3363),
(8149,3380),
(3552,3451),
(7351,3459),
(7417,3459),
(312,3471),
(8707,3471),
(9803,3471),
(454,3505),
(6510,3505),
(7082,3505),
(8048,3505),
(2293,3552),
(3363,3552),
(3451,3552),
(8500,3552),
(9502,3552),
(9974,3849),
(454,3999),
(5740,3999),
(6842,3999),
(6751,4073),
(9502,4073),
(2909,4140),
(6032,4140),
(7174,4140),
(7473,4140),
(8406,4140),
(3187,4353),
(7417,4353),
(1384,4437),
(6751,4437),
(7082,4437),
(7174,4437),
(7659,4437),
(180,4547),
(5739,4547),
(7174,4547),
(7194,4547),
(8048,4547),
(9803,4547),
(9844,4547),
(454,4803),
(1808,4803),
(5212,4803),
(7082,4803),
(7473,4803),
(8500,4803),
(9665,4803),
(120,4863),
(873,4863),
(7082,4863),
(7810,4863),
(2107,4952),
(2120,4952),
(8406,4952),
(506,4965),
(1442,4965),
(6762,4965),
(4803,5212),
(2120,5363),
(7140,5363),
(7517,5363),
(8406,5363),
(2938,5392),
(8048,5392),
(9354,5392),
(2909,5739),
(3330,5739),
(4547,5739),
(6638,5739),
(9665,5739),
(2120,5740),
(3363,5740),
(3999,5740),
(7439,5740),
(9568,5740),
(1384,5839),
(2997,5839),
(8083,5839),
(8406,5839),
(8801,5839),
(2120,6032),
(2686,6032),
(4140,6032),
(6638,6032),
(6857,6032),
(7174,6032),
(7439,6032),
(8083,6032),
(8520,6032),
(9665,6032),
(1564,6295),
(2527,6295),
(3330,6295),
(7810,6295),
(9502,6295),
(9803,6295),
(9907,6295),
(1063,6373),
(2382,6373),
(7082,6373),
(7439,6373),
(8048,6373),
(8500,6373),
(454,6446),
(2120,6446),
(2681,6446),
(1808,6510),
(3505,6510),
(6762,6510),
(7888,6510),
(8707,6510),
(849,6638),
(5739,6638),
(6032,6638),
(7679,6638),
(8707,6638),
(9354,6638),
(454,6751),
(2681,6751),
(4073,6751),
(4437,6751),
(7194,6751),
(7473,6751),
(180,6762),
(4965,6762),
(6510,6762),
(7417,6762),
(3363,6842),
(3999,6842),
(8500,6842),
(8707,6842),
(111,6857),
(1384,6857),
(6032,6857),
(7174,6857),
(8048,6857),
(8500,6857),
(9665,6857),
(285,6914),
(1063,6914),
(3505,7082),
(4437,7082),
(4803,7082),
(4863,7082),
(6373,7082),
(7679,7082),
(8799,7082),
(9354,7082),
(9665,7082),
(1564,7140),
(5363,7140),
(7473,7140),
(8500,7140),
(2527,7174),
(3187,7174),
(4140,7174),
(4437,7174),
(4547,7174),
(6032,7174),
(6857,7174),
(8406,7174),
(4547,7194),
(6751,7194),
(9974,7194),
(1384,7351),
(1442,7351),
(3459,7351),
(9665,7351),
(1442,7417),
(3459,7417),
(4353,7417),
(6762,7417),
(2382,7439),
(2909,7439),
(5740,7439),
(6032,7439),
(6373,7439),
(9646,7439),
(2686,7473),
(4140,7473),
(4803,7473),
(6751,7473),
(7140,7473),
(8520,7473),
(5363,7517),
(8149,7517),
(8500,7517),
(8799,7517),
(8048,7578),
(9974,7578),
(4437,7659),
(7810,7659),
(3187,7679),
(6638,7679),
(7082,7679),
(9974,7679),
(312,7810),
(4863,7810),
(6295,7810),
(7659,7810),
(1564,7888),
(6510,7888),
(9803,7888),
(3505,8048),
(4547,8048),
(5392,8048),
(6373,8048),
(6857,8048),
(7578,8048),
(1631,8083),
(1969,8083),
(5839,8083),
(6032,8083),
(506,8144),
(2909,8149),
(3363,8149),
(3380,8149),
(7517,8149),
(8799,8149),
(2681,8406),
(4140,8406),
(4952,8406),
(5363,8406),
(5839,8406),
(7174,8406),
(3552,8500),
(4803,8500),
(6373,8500),
(6842,8500),
(6857,8500),
(7140,8500),
(7517,8500),
(9646,8500),
(9907,8500),
(6032,8520),
(7473,8520),
(8696,8520),
(873,8660),
(1564,8660),
(1969,8660),
(3187,8660),
(9646,8660),
(180,8696),
(8520,8696),
(3471,8707),
(6510,8707),
(6638,8707),
(6842,8707),
(873,8799),
(7082,8799),
(7517,8799),
(8149,8799),
(3330,8801),
(5839,8801),
(5392,9354),
(6638,9354),
(7082,9354),
(9803,9354),
(2686,9502),
(3552,9502),
(4073,9502),
(6295,9502),
(873,9568),
(5740,9568),
(7439,9646),
(8500,9646),
(8660,9646),
(4803,9665),
(5739,9665),
(6032,9665),
(6857,9665),
(7082,9665),
(7351,9665),
(506,9803),
(3471,9803),
(4547,9803),
(6295,9803),
(7888,9803),
(9354,9803),
(9907,9803),
(1384,9844),
(2190,9844),
(4547,9844),
(6295,9907),
(8500,9907),
(9803,9907),
(3849,9974),
(7194,9974),
(7578,9974),
(7679,9974);
/*!40000 ALTER TABLE `friend` ENABLE KEYS */;
UNLOCK TABLES;

--
-- Table structure for table `image`
--

DROP TABLE IF EXISTS `image`;
/*!40101 SET @saved_cs_client     = @@character_set_client */;
/*!40101 SET character_set_client = utf8mb4 */;
CREATE TABLE `image` (
  `user_id` int(11) NOT NULL,
  `room_id` int(11) NOT NULL,
  `sent_order` int(11) NOT NULL,
  `addon_idx` int(11) NOT NULL,
  `name` varchar(255) NOT NULL,
  PRIMARY KEY (`user_id`,`room_id`,`sent_order`,`addon_idx`),
  CONSTRAINT `image_ibfk_1` FOREIGN KEY (`user_id`, `room_id`, `sent_order`, `addon_idx`) REFERENCES `add_on` (`user_id`, `room_id`, `sent_order`, `addon_idx`)
) ENGINE=InnoDB DEFAULT CHARSET=latin1 COLLATE=latin1_swedish_ci;
/*!40101 SET character_set_client = @saved_cs_client */;

--
-- Dumping data for table `image`
--

LOCK TABLES `image` WRITE;
/*!40000 ALTER TABLE `image` DISABLE KEYS */;
INSERT INTO `image` (`user_id`, `room_id`, `sent_order`, `addon_idx`, `name`) VALUES (120,4533,26,1,'image_25.jpg'),
(120,4533,26,2,'image_25.jpg'),
(120,4533,26,3,'image_25.jpg'),
(120,4533,26,4,'image_25.jpg'),
(120,4533,26,5,'image_25.jpg'),
(120,4533,26,6,'image_25.jpg'),
(120,4533,26,7,'image_25.jpg'),
(120,4533,26,8,'image_25.jpg'),
(120,4533,26,9,'image_25.jpg'),
(454,8831,208,1,'image_207.jpg'),
(454,8831,208,2,'image_207.jpg'),
(454,8831,208,3,'image_207.jpg'),
(454,8831,208,4,'image_207.jpg'),
(454,8831,208,5,'image_207.jpg'),
(454,8831,208,6,'image_207.jpg'),
(454,8831,208,7,'image_207.jpg'),
(454,8831,208,8,'image_207.jpg'),
(454,8831,208,9,'image_207.jpg'),
(454,9221,123,1,'image_122.jpg'),
(454,9221,123,2,'image_122.jpg'),
(454,9221,123,3,'image_122.jpg'),
(454,9221,123,4,'image_122.jpg'),
(454,9221,123,5,'image_122.jpg'),
(454,9221,123,6,'image_122.jpg'),
(454,9221,123,7,'image_122.jpg'),
(454,9221,123,8,'image_122.jpg'),
(1063,3225,179,1,'image_178.jpg'),
(1063,3225,179,2,'image_178.jpg'),
(1063,3225,179,3,'image_178.jpg'),
(1063,3225,179,4,'image_178.jpg'),
(1808,2493,72,1,'image_71.jpg'),
(1808,2493,72,2,'image_71.jpg'),
(1808,2493,72,3,'image_71.jpg'),
(1808,2493,72,4,'image_71.jpg'),
(1808,2493,72,5,'image_71.jpg'),
(1808,2493,72,6,'image_71.jpg'),
(1808,2493,72,7,'image_71.jpg'),
(1808,2493,72,8,'image_71.jpg'),
(1808,2493,72,9,'image_71.jpg'),
(1969,194,174,1,'image_173.jpg'),
(1969,194,174,2,'image_173.jpg'),
(1969,194,174,3,'image_173.jpg'),
(1969,194,174,4,'image_173.jpg'),
(1969,194,174,5,'image_173.jpg'),
(1969,1879,127,1,'image_126.jpg'),
(1969,1879,127,2,'image_126.jpg'),
(1969,1879,127,3,'image_126.jpg'),
(1969,1879,127,4,'image_126.jpg'),
(1969,1879,127,5,'image_126.jpg'),
(1969,1879,127,6,'image_126.jpg'),
(1969,1879,127,7,'image_126.jpg'),
(1969,1879,127,8,'image_126.jpg'),
(2107,53,146,1,'image_145.jpg'),
(2107,53,146,2,'image_145.jpg'),
(2107,53,146,3,'image_145.jpg'),
(2107,53,146,4,'image_145.jpg'),
(2107,53,146,5,'image_145.jpg'),
(2107,53,146,6,'image_145.jpg'),
(2107,53,146,7,'image_145.jpg'),
(2107,53,146,8,'image_145.jpg'),
(2107,53,146,9,'image_145.jpg'),
(2107,9015,214,1,'image_213.jpg'),
(2527,9015,271,1,'image_270.jpg'),
(2527,9015,271,2,'image_270.jpg'),
(2527,9015,271,3,'image_270.jpg'),
(2527,9015,271,4,'image_270.jpg'),
(2681,249,165,1,'image_164.jpg'),
(2681,249,165,2,'image_164.jpg'),
(2681,249,165,3,'image_164.jpg'),
(2681,249,165,4,'image_164.jpg'),
(2681,249,165,5,'image_164.jpg'),
(2681,249,165,6,'image_164.jpg'),
(2681,249,165,7,'image_164.jpg'),
(2681,249,165,8,'image_164.jpg'),
(2681,249,165,9,'image_164.jpg'),
(2938,4393,84,1,'image_83.jpg'),
(2938,4393,84,2,'image_83.jpg'),
(2997,4179,295,1,'image_294.jpg'),
(3451,8612,130,1,'image_129.jpg'),
(3459,694,245,1,'image_244.jpg'),
(3459,694,245,2,'image_244.jpg'),
(3459,5036,270,1,'image_269.jpg'),
(3459,5036,270,2,'image_269.jpg'),
(3505,249,168,1,'image_167.jpg'),
(3505,249,168,2,'image_167.jpg'),
(3505,249,168,3,'image_167.jpg'),
(3505,249,168,4,'image_167.jpg'),
(3505,3949,248,1,'image_247.jpg'),
(3505,3949,248,2,'image_247.jpg'),
(3505,3949,248,3,'image_247.jpg'),
(3505,3949,248,4,'image_247.jpg'),
(3505,3949,248,5,'image_247.jpg'),
(3505,3949,248,6,'image_247.jpg'),
(3505,3949,248,7,'image_247.jpg'),
(3552,9821,21,1,'image_20.jpg'),
(3552,9821,21,2,'image_20.jpg'),
(3999,2265,73,1,'image_72.jpg'),
(3999,2265,73,2,'image_72.jpg'),
(3999,2265,73,3,'image_72.jpg'),
(3999,2265,73,4,'image_72.jpg'),
(4803,7811,163,1,'image_162.jpg'),
(4803,7811,163,2,'image_162.jpg'),
(4803,7811,163,3,'image_162.jpg'),
(4803,7811,163,4,'image_162.jpg'),
(4803,7811,163,5,'image_162.jpg'),
(4803,7811,163,6,'image_162.jpg'),
(4803,7811,163,7,'image_162.jpg'),
(4803,7811,163,8,'image_162.jpg'),
(4803,7811,163,9,'image_162.jpg'),
(4803,7811,163,10,'image_162.jpg'),
(4863,5061,240,1,'image_239.jpg'),
(4863,5061,240,2,'image_239.jpg'),
(4863,5061,240,3,'image_239.jpg'),
(4863,5061,240,4,'image_239.jpg'),
(4863,5061,240,5,'image_239.jpg'),
(4863,5061,240,6,'image_239.jpg'),
(4863,5061,240,7,'image_239.jpg'),
(4863,5061,240,8,'image_239.jpg'),
(4863,5061,240,9,'image_239.jpg'),
(4863,5061,240,10,'image_239.jpg'),
(4863,7150,203,1,'image_202.jpg'),
(4863,7150,203,2,'image_202.jpg'),
(4863,7150,203,3,'image_202.jpg'),
(4863,7150,203,4,'image_202.jpg'),
(4863,7150,203,5,'image_202.jpg'),
(4863,7150,203,6,'image_202.jpg'),
(4863,7150,203,7,'image_202.jpg'),
(4863,7150,203,8,'image_202.jpg'),
(4863,7150,203,9,'image_202.jpg'),
(4863,7150,203,10,'image_202.jpg'),
(5212,6415,237,1,'image_236.jpg'),
(5212,6415,237,2,'image_236.jpg'),
(5212,6415,237,3,'image_236.jpg'),
(5212,6415,237,4,'image_236.jpg'),
(5212,6415,237,5,'image_236.jpg'),
(5212,6415,237,6,'image_236.jpg'),
(5212,6415,237,7,'image_236.jpg'),
(5212,6415,237,8,'image_236.jpg'),
(5212,6415,237,9,'image_236.jpg'),
(5212,6415,237,10,'image_236.jpg'),
(5363,3394,153,1,'image_152.jpg'),
(5363,3394,153,2,'image_152.jpg'),
(5363,3394,153,3,'image_152.jpg'),
(5363,3394,153,4,'image_152.jpg'),
(5363,3394,153,5,'image_152.jpg'),
(5363,3394,153,6,'image_152.jpg'),
(5363,3394,153,7,'image_152.jpg'),
(5363,3394,153,8,'image_152.jpg'),
(5363,3394,153,9,'image_152.jpg'),
(5740,6613,62,1,'image_61.jpg'),
(5740,6613,62,2,'image_61.jpg'),
(5740,6613,62,3,'image_61.jpg'),
(6446,3026,229,1,'image_228.jpg'),
(6446,3026,229,2,'image_228.jpg'),
(6446,5238,9,1,'image_8.jpg'),
(6446,5238,9,2,'image_8.jpg'),
(6446,5238,9,3,'image_8.jpg'),
(6510,5598,43,1,'image_42.jpg'),
(6510,5598,43,2,'image_42.jpg'),
(6510,5598,43,3,'image_42.jpg'),
(6510,5598,43,4,'image_42.jpg'),
(6510,5598,43,5,'image_42.jpg'),
(6510,5598,43,6,'image_42.jpg'),
(6638,8187,260,1,'image_259.jpg'),
(6638,8187,260,2,'image_259.jpg'),
(6638,8187,260,3,'image_259.jpg'),
(6638,8187,260,4,'image_259.jpg'),
(6751,7150,113,1,'image_112.jpg'),
(6751,7150,113,2,'image_112.jpg'),
(6751,7150,113,3,'image_112.jpg'),
(6751,7150,113,4,'image_112.jpg'),
(6751,7150,113,5,'image_112.jpg'),
(6751,7150,113,6,'image_112.jpg'),
(6751,7150,113,7,'image_112.jpg'),
(6751,7150,113,8,'image_112.jpg'),
(6751,7150,113,9,'image_112.jpg'),
(6751,7150,113,10,'image_112.jpg'),
(7140,694,193,1,'image_192.jpg'),
(7140,694,193,2,'image_192.jpg'),
(7140,694,193,3,'image_192.jpg'),
(7140,694,193,4,'image_192.jpg'),
(7140,694,193,5,'image_192.jpg'),
(7417,1326,242,1,'image_241.jpg'),
(7417,1326,242,2,'image_241.jpg'),
(7417,1326,242,3,'image_241.jpg'),
(7417,7811,33,1,'image_32.jpg'),
(7417,7811,33,2,'image_32.jpg'),
(7417,7811,33,3,'image_32.jpg'),
(7417,7811,33,4,'image_32.jpg'),
(7417,7811,33,5,'image_32.jpg'),
(7417,7811,33,6,'image_32.jpg'),
(7417,7811,33,7,'image_32.jpg'),
(7417,7811,33,8,'image_32.jpg'),
(7417,7811,33,9,'image_32.jpg'),
(7439,9322,94,1,'image_93.jpg'),
(7439,9322,94,2,'image_93.jpg'),
(7888,2400,185,1,'image_184.jpg'),
(7888,2400,185,2,'image_184.jpg'),
(8144,5238,64,1,'image_63.jpg'),
(8144,5238,64,2,'image_63.jpg'),
(8144,5238,64,3,'image_63.jpg'),
(8144,5238,64,4,'image_63.jpg'),
(8144,5238,64,5,'image_63.jpg'),
(8144,5238,64,6,'image_63.jpg'),
(8144,5238,64,7,'image_63.jpg'),
(8144,5238,64,8,'image_63.jpg'),
(8144,5238,64,9,'image_63.jpg'),
(8149,4295,16,1,'image_15.jpg'),
(8149,4295,16,2,'image_15.jpg'),
(8149,4295,16,3,'image_15.jpg'),
(8149,4295,16,4,'image_15.jpg'),
(8149,4295,16,5,'image_15.jpg'),
(8149,4295,16,6,'image_15.jpg'),
(8149,4295,16,7,'image_15.jpg'),
(8149,4295,16,8,'image_15.jpg'),
(8149,4295,16,9,'image_15.jpg'),
(8149,4295,16,10,'image_15.jpg'),
(8406,325,273,1,'image_272.jpg'),
(8406,325,273,2,'image_272.jpg'),
(8406,3225,45,1,'image_44.jpg'),
(8406,3225,45,2,'image_44.jpg'),
(8406,3225,45,3,'image_44.jpg'),
(8406,8824,99,1,'image_98.jpg'),
(8406,8824,99,2,'image_98.jpg'),
(8406,8824,99,3,'image_98.jpg'),
(8406,8824,99,4,'image_98.jpg'),
(8500,6415,253,1,'image_252.jpg'),
(8500,6415,253,2,'image_252.jpg'),
(8500,6415,253,3,'image_252.jpg'),
(8500,6415,253,4,'image_252.jpg'),
(8500,6415,253,5,'image_252.jpg'),
(8500,6415,253,6,'image_252.jpg'),
(8500,6415,253,7,'image_252.jpg'),
(8500,6415,253,8,'image_252.jpg'),
(8500,7778,128,1,'image_127.jpg'),
(8500,7778,128,2,'image_127.jpg'),
(8500,7778,128,3,'image_127.jpg'),
(8500,7778,128,4,'image_127.jpg'),
(8500,7778,128,5,'image_127.jpg'),
(8520,411,51,1,'image_50.jpg'),
(8520,411,51,2,'image_50.jpg'),
(8520,411,51,3,'image_50.jpg'),
(8520,411,51,4,'image_50.jpg'),
(8520,411,51,5,'image_50.jpg'),
(8520,411,51,6,'image_50.jpg'),
(8520,411,51,7,'image_50.jpg'),
(8520,411,51,8,'image_50.jpg'),
(8520,411,51,9,'image_50.jpg'),
(8696,7811,205,1,'image_204.jpg'),
(8696,7811,205,2,'image_204.jpg'),
(8696,7811,205,3,'image_204.jpg'),
(8696,7811,205,4,'image_204.jpg'),
(8696,7811,205,5,'image_204.jpg'),
(8696,7811,205,6,'image_204.jpg'),
(8696,7811,205,7,'image_204.jpg'),
(8696,7811,205,8,'image_204.jpg'),
(8696,7811,205,9,'image_204.jpg'),
(8696,7811,205,10,'image_204.jpg'),
(8799,5231,68,1,'image_67.jpg'),
(8799,5231,68,2,'image_67.jpg'),
(8799,9402,263,1,'image_262.jpg'),
(8799,9402,263,2,'image_262.jpg'),
(8799,9402,263,3,'image_262.jpg'),
(8799,9402,263,4,'image_262.jpg'),
(8801,194,79,1,'image_78.jpg'),
(8801,194,79,2,'image_78.jpg'),
(8801,194,79,3,'image_78.jpg'),
(8801,194,79,4,'image_78.jpg'),
(8801,194,79,5,'image_78.jpg'),
(8801,194,79,6,'image_78.jpg'),
(8801,194,79,7,'image_78.jpg'),
(8801,194,79,8,'image_78.jpg'),
(8801,194,79,9,'image_78.jpg'),
(8801,194,79,10,'image_78.jpg'),
(9502,7258,105,1,'image_104.jpg'),
(9502,7258,105,2,'image_104.jpg'),
(9502,7258,105,3,'image_104.jpg'),
(9568,8486,22,1,'image_21.jpg'),
(9568,8486,22,2,'image_21.jpg'),
(9665,1410,209,1,'image_208.jpg'),
(9665,1410,209,2,'image_208.jpg'),
(9665,1410,209,3,'image_208.jpg'),
(9665,1410,209,4,'image_208.jpg'),
(9665,8721,291,1,'image_290.jpg'),
(9665,8721,291,2,'image_290.jpg'),
(9665,8721,291,3,'image_290.jpg'),
(9665,8721,291,4,'image_290.jpg'),
(9665,8721,291,5,'image_290.jpg'),
(9665,8824,6,1,'image_5.jpg'),
(9665,8824,6,2,'image_5.jpg'),
(9665,8824,6,3,'image_5.jpg'),
(9665,8824,6,4,'image_5.jpg'),
(9665,8824,6,5,'image_5.jpg'),
(9665,8824,6,6,'image_5.jpg'),
(9665,8824,6,7,'image_5.jpg'),
(9665,8824,6,8,'image_5.jpg'),
(9665,8824,6,9,'image_5.jpg'),
(9844,325,92,1,'image_91.jpg'),
(9844,325,92,2,'image_91.jpg'),
(9844,325,92,3,'image_91.jpg'),
(9844,325,92,4,'image_91.jpg'),
(9844,325,92,5,'image_91.jpg'),
(9844,325,92,6,'image_91.jpg'),
(9844,325,92,7,'image_91.jpg'),
(9844,325,92,8,'image_91.jpg'),
(9844,325,92,9,'image_91.jpg');
/*!40000 ALTER TABLE `image` ENABLE KEYS */;
UNLOCK TABLES;

--
-- Table structure for table `lens`
--

DROP TABLE IF EXISTS `lens`;
/*!40101 SET @saved_cs_client     = @@character_set_client */;
/*!40101 SET character_set_client = utf8mb4 */;
CREATE TABLE `lens` (
  `lens_id` int(11) NOT NULL,
  `user_id` int(11) DEFAULT NULL,
  `name` varchar(100) NOT NULL,
  `release_date` date NOT NULL,
  PRIMARY KEY (`lens_id`),
  KEY `user_id` (`user_id`),
  CONSTRAINT `lens_ibfk_1` FOREIGN KEY (`user_id`) REFERENCES `user` (`user_id`)
) ENGINE=InnoDB DEFAULT CHARSET=latin1 COLLATE=latin1_swedish_ci;
/*!40101 SET character_set_client = @saved_cs_client */;

--
-- Dumping data for table `lens`
--

LOCK TABLES `lens` WRITE;
/*!40000 ALTER TABLE `lens` DISABLE KEYS */;
INSERT INTO `lens` (`lens_id`, `user_id`, `name`, `release_date`) VALUES (75,7174,'energyLens','2025-03-04'),
(140,4863,'decadeLens','2025-03-04'),
(183,120,'summerLens','2025-01-18'),
(254,5363,'countryLens','2025-02-07'),
(276,6373,'ourLens','2025-03-28'),
(331,4803,'revealLens','2025-03-05'),
(340,9907,'certainlyLens','2025-01-14'),
(390,3849,'likelyLens','2025-01-13'),
(435,120,'orLens','2025-01-06'),
(517,2909,'realLens','2025-01-29'),
(618,9907,'lookLens','2025-04-16'),
(759,6373,'outLens','2025-04-18'),
(778,3999,'trueLens','2025-03-30'),
(805,454,'doLens','2025-02-13'),
(856,2107,'lightLens','2025-01-01'),
(931,9646,'classLens','2025-04-06'),
(938,9568,'gardenLens','2025-03-09'),
(947,4353,'meanLens','2025-01-25'),
(959,4353,'noneLens','2025-04-24'),
(983,7888,'naturalLens','2025-04-20'),
(1032,8149,'frontLens','2025-03-07'),
(1152,6373,'cameraLens','2025-02-14'),
(1157,8149,'toughLens','2025-03-23'),
(1224,8149,'wideLens','2025-02-13'),
(1277,8149,'similarLens','2025-05-07'),
(1286,8149,'windLens','2025-03-26'),
(1294,9907,'hisLens','2025-03-21'),
(1298,9665,'sellLens','2025-03-26'),
(1372,8500,'economicLens','2025-05-07'),
(1375,6857,'throughLens','2025-04-19'),
(1442,9907,'daughterLens','2025-04-22'),
(1596,9907,'feelLens','2025-04-15'),
(1611,120,'lookLens','2025-03-29'),
(1657,8144,'assumeLens','2025-04-15'),
(1675,120,'peaceLens','2025-04-22'),
(1692,2686,'boxLens','2025-03-23'),
(1768,1442,'styleLens','2025-02-05'),
(1802,8149,'orLens','2025-04-20'),
(1817,1631,'armLens','2025-04-05'),
(1851,6446,'positiveLens','2025-03-11'),
(1983,3750,'wordLens','2025-04-04'),
(2106,6857,'mightLens','2025-02-09'),
(2127,6446,'costLens','2025-04-05'),
(2137,120,'reachLens','2025-05-09'),
(2159,9907,'perhapsLens','2025-03-21'),
(2224,4803,'growthLens','2025-01-24'),
(2264,6842,'bestLens','2025-03-31'),
(2433,4140,'amountLens','2025-04-26'),
(2528,3330,'indicateLens','2025-03-22'),
(2536,6446,'sourceLens','2025-04-13'),
(2561,4803,'theoryLens','2025-01-09'),
(2617,9907,'produceLens','2025-03-15'),
(2651,1631,'employeeLens','2025-02-19'),
(2664,8149,'executiveLens','2025-04-23'),
(2666,8149,'operationLens','2025-05-06'),
(2669,2909,'colorLens','2025-05-12'),
(2781,6762,'townLens','2025-03-02'),
(2807,8083,'pastLens','2025-05-06'),
(2809,9502,'itselfLens','2025-02-28'),
(2864,4965,'justLens','2025-03-08'),
(2877,5740,'keepLens','2025-04-26'),
(2878,2120,'beginLens','2025-02-11'),
(2953,2120,'whetherLens','2025-01-28'),
(2977,3552,'followLens','2025-02-11'),
(2984,120,'yardLens','2025-02-20'),
(3012,8149,'driveLens','2025-05-05'),
(3023,7578,'courseLens','2025-01-09'),
(3052,8149,'beginLens','2025-01-05'),
(3346,1969,'soldierLens','2025-01-16'),
(3353,120,'paperLens','2025-02-04'),
(3366,2190,'structureLens','2025-04-02'),
(3380,1969,'tripLens','2025-02-25'),
(3456,8149,'realLens','2025-03-04'),
(3487,120,'campaignLens','2025-04-29'),
(3521,9907,'computerLens','2025-04-25'),
(3621,120,'soonLens','2025-04-08'),
(3629,2382,'whoseLens','2025-01-13'),
(3742,3459,'andLens','2025-01-29'),
(3743,3750,'whetherLens','2025-04-17'),
(3770,3380,'everybodyLens','2025-01-13'),
(3799,120,'muchLens','2025-03-24'),
(3814,7351,'dropLens','2025-03-11'),
(3849,9502,'lifeLens','2025-05-08'),
(3913,8149,'cupLens','2025-02-06'),
(4070,1063,'actLens','2025-03-24'),
(4072,4965,'modelLens','2025-04-08'),
(4076,8149,'containLens','2025-03-07'),
(4083,5739,'bigLens','2025-03-28'),
(4086,9646,'winLens','2025-03-15'),
(4188,9665,'avoidLens','2025-03-06'),
(4220,120,'enoughLens','2025-03-15'),
(4235,120,'propertyLens','2025-03-11'),
(4261,2997,'yetLens','2025-02-24'),
(4282,9803,'hotelLens','2025-03-15'),
(4358,2681,'avoidLens','2025-05-11'),
(4434,4803,'ballLens','2025-01-14'),
(4469,120,'reflectLens','2025-03-11'),
(4544,6857,'speakLens','2025-01-25'),
(4589,8048,'adultLens','2025-04-23'),
(4603,9646,'traditionalLens','2025-04-29'),
(4624,120,'leadLens','2025-04-14'),
(4650,120,'soldierLens','2025-03-11'),
(4668,8799,'partnerLens','2025-02-02'),
(4669,4952,'schoolLens','2025-05-04'),
(4735,8696,'outLens','2025-05-09'),
(4750,312,'bodyLens','2025-03-11'),
(4859,9844,'aboutLens','2025-03-22'),
(4953,120,'happyLens','2025-01-27'),
(4963,7417,'guessLens','2025-04-09'),
(5060,2686,'mustLens','2025-03-08'),
(5155,6857,'everyoneLens','2025-02-10'),
(5166,4547,'riskLens','2025-02-10'),
(5182,4437,'finallyLens','2025-01-01'),
(5343,8696,'economyLens','2025-02-06'),
(5352,4353,'leastLens','2025-05-14'),
(5361,120,'twoLens','2025-02-02'),
(5384,2120,'thanLens','2025-02-01'),
(5427,9907,'eastLens','2025-03-31'),
(5546,3380,'liveLens','2025-04-06'),
(5630,6842,'significantLens','2025-02-09'),
(5660,120,'classLens','2025-01-06'),
(5681,2120,'bestLens','2025-03-25'),
(5817,7417,'costLens','2025-03-20'),
(5878,6762,'levelLens','2025-01-04'),
(5914,3505,'stopLens','2025-02-27'),
(5979,9907,'plantLens','2025-02-16'),
(5988,120,'withoutLens','2025-04-14'),
(6028,7473,'myLens','2025-03-07'),
(6064,6510,'partLens','2025-04-01'),
(6114,120,'armLens','2025-05-06'),
(6136,2686,'focusLens','2025-03-31'),
(6149,9974,'talkLens','2025-01-06'),
(6195,6295,'seaLens','2025-05-04'),
(6206,9803,'againstLens','2025-03-26'),
(6235,8149,'pointLens','2025-01-29'),
(6267,9907,'otherLens','2025-03-05'),
(6287,2382,'betweenLens','2025-03-02'),
(6294,5363,'trialLens','2025-03-17'),
(6320,2190,'herselfLens','2025-04-19'),
(6352,1808,'presentLens','2025-03-19'),
(6385,6762,'waterLens','2025-01-13'),
(6387,9646,'entireLens','2025-03-16'),
(6393,6295,'townLens','2025-03-08'),
(6399,2190,'adultLens','2025-02-28'),
(6419,120,'maybeLens','2025-02-26'),
(6437,8149,'foreignLens','2025-02-21'),
(6454,120,'buildingLens','2025-03-12'),
(6502,5740,'couldLens','2025-05-01'),
(6533,5392,'justLens','2025-03-15'),
(6542,120,'overLens','2025-01-23'),
(6561,8799,'interviewLens','2025-05-09'),
(6640,4952,'leastLens','2025-03-27'),
(6695,9803,'becauseLens','2025-01-23'),
(6804,8149,'dealLens','2025-02-12'),
(6866,2686,'cupLens','2025-03-20'),
(6934,9907,'seeLens','2025-02-06'),
(6944,8149,'useLens','2025-03-18'),
(6976,6638,'veryLens','2025-05-14'),
(6990,6842,'easyLens','2025-04-29'),
(7206,120,'lessLens','2025-03-22'),
(7246,120,'socialLens','2025-03-28'),
(7282,4965,'theoryLens','2025-01-27'),
(7306,120,'springLens','2025-01-29'),
(7435,120,'prepareLens','2025-03-22'),
(7438,9907,'situationLens','2025-02-02'),
(7655,9665,'badLens','2025-01-09'),
(7663,9907,'speakLens','2025-02-01'),
(7696,2527,'redLens','2025-01-27'),
(7788,120,'buildingLens','2025-05-13'),
(7795,120,'fewLens','2025-01-01'),
(7827,8149,'daughterLens','2025-03-18'),
(7840,7174,'coupleLens','2025-01-24'),
(7868,8707,'importantLens','2025-03-13'),
(7915,9907,'mainLens','2025-01-23'),
(8025,8799,'clearlyLens','2025-02-10'),
(8052,7174,'questionLens','2025-03-22'),
(8061,1384,'writerLens','2025-01-11'),
(8117,120,'okLens','2025-05-05'),
(8164,120,'officialLens','2025-01-02'),
(8321,2190,'culturalLens','2025-01-08'),
(8328,9907,'nightLens','2025-04-07'),
(8372,6373,'sheLens','2025-01-27'),
(8373,3552,'wayLens','2025-04-25'),
(8451,3505,'managerLens','2025-02-25'),
(8495,1063,'ontoLens','2025-04-10'),
(8532,3459,'betweenLens','2025-04-19'),
(8554,312,'dinnerLens','2025-01-10'),
(8570,8048,'MrsLens','2025-03-30'),
(8705,3471,'ownerLens','2025-01-16'),
(8723,6510,'affectLens','2025-02-27'),
(8769,6638,'talkLens','2025-05-12'),
(8788,2382,'difficultLens','2025-02-14'),
(8797,8799,'whyLens','2025-01-05'),
(8799,506,'pastLens','2025-02-21'),
(8841,120,'levelLens','2025-01-23'),
(8847,2527,'coverLens','2025-05-08'),
(8932,8660,'futureLens','2025-04-16'),
(8941,7659,'waitLens','2025-01-08'),
(8942,8660,'travelLens','2025-04-13'),
(9018,8149,'performLens','2025-03-31'),
(9028,8149,'restLens','2025-01-04'),
(9030,5839,'thoughtLens','2025-04-11'),
(9056,9646,'fieldLens','2025-05-04'),
(9094,8149,'whereLens','2025-04-14'),
(9105,9974,'messageLens','2025-04-21'),
(9133,8149,'threeLens','2025-05-07'),
(9474,2190,'ageLens','2025-04-14'),
(9539,8149,'decadeLens','2025-04-30'),
(9582,3380,'energyLens','2025-04-24'),
(9585,120,'likelyLens','2025-01-07'),
(9605,8149,'questionLens','2025-04-28'),
(9614,9354,'sometimesLens','2025-02-26'),
(9862,5839,'nameLens','2025-04-20'),
(9885,6751,'howeverLens','2025-03-30'),
(9943,5740,'riseLens','2025-02-26'),
(9944,2527,'computerLens','2025-03-07'),
(9968,3849,'wordLens','2025-03-28');
/*!40000 ALTER TABLE `lens` ENABLE KEYS */;
UNLOCK TABLES;

--
-- Table structure for table `lens_level`
--

DROP TABLE IF EXISTS `lens_level`;
/*!40101 SET @saved_cs_client     = @@character_set_client */;
/*!40101 SET character_set_client = utf8mb4 */;
CREATE TABLE `lens_level` (
  `level_id` int(11) NOT NULL,
  `level_name` varchar(50) NOT NULL,
  `incentive` decimal(10,2) NOT NULL,
  `n_min_lens_created` int(11) NOT NULL,
  PRIMARY KEY (`level_id`)
) ENGINE=InnoDB DEFAULT CHARSET=latin1 COLLATE=latin1_swedish_ci;
/*!40101 SET character_set_client = @saved_cs_client */;

--
-- Dumping data for table `lens_level`
--

LOCK TABLES `lens_level` WRITE;
/*!40000 ALTER TABLE `lens_level` DISABLE KEYS */;
INSERT INTO `lens_level` (`level_id`, `level_name`, `incentive`, `n_min_lens_created`) VALUES (0,'Not Rated',0.00,1),
(1,'Bronze',1000000.00,10),
(2,'Silver',2000000.00,20),
(3,'Gold',3000000.00,30);
/*!40000 ALTER TABLE `lens_level` ENABLE KEYS */;
UNLOCK TABLES;

--
-- Table structure for table `lens_type`
--

DROP TABLE IF EXISTS `lens_type`;
/*!40101 SET @saved_cs_client     = @@character_set_client */;
/*!40101 SET character_set_client = utf8mb4 */;
CREATE TABLE `lens_type` (
  `lens_id` int(11) NOT NULL,
  `type` varchar(50) NOT NULL,
  PRIMARY KEY (`lens_id`),
  CONSTRAINT `lens_type_ibfk_1` FOREIGN KEY (`lens_id`) REFERENCES `lens` (`lens_id`)
) ENGINE=InnoDB DEFAULT CHARSET=latin1 COLLATE=latin1_swedish_ci;
/*!40101 SET character_set_client = @saved_cs_client */;

--
-- Dumping data for table `lens_type`
--

LOCK TABLES `lens_type` WRITE;
/*!40000 ALTER TABLE `lens_type` DISABLE KEYS */;
INSERT INTO `lens_type` (`lens_id`, `type`) VALUES (75,'Background'),
(140,'Background'),
(183,'Background'),
(254,'Face'),
(276,'Not Both'),
(331,'Face'),
(340,'Both'),
(390,'Both'),
(435,'Not Both'),
(517,'Face'),
(618,'Not Both'),
(759,'Both'),
(778,'Face'),
(805,'Not Both'),
(856,'Background'),
(931,'Face'),
(938,'Face'),
(947,'Background'),
(959,'Face'),
(983,'Both'),
(1032,'Background'),
(1152,'Not Both'),
(1157,'Face'),
(1224,'Background'),
(1277,'Both'),
(1286,'Face'),
(1294,'Not Both'),
(1298,'Not Both'),
(1372,'Background'),
(1375,'Face'),
(1442,'Not Both'),
(1596,'Background'),
(1611,'Face'),
(1657,'Face'),
(1675,'Face'),
(1692,'Not Both'),
(1768,'Not Both'),
(1802,'Both'),
(1817,'Not Both'),
(1851,'Background'),
(1983,'Face'),
(2106,'Both'),
(2127,'Face'),
(2137,'Face'),
(2159,'Face'),
(2224,'Face'),
(2264,'Both'),
(2433,'Face'),
(2528,'Not Both'),
(2536,'Face'),
(2561,'Both'),
(2617,'Not Both'),
(2651,'Face'),
(2664,'Background'),
(2666,'Background'),
(2669,'Face'),
(2781,'Background'),
(2807,'Background'),
(2809,'Both'),
(2864,'Both'),
(2877,'Both'),
(2878,'Face'),
(2953,'Face'),
(2977,'Background'),
(2984,'Not Both'),
(3012,'Both'),
(3023,'Face'),
(3052,'Both'),
(3346,'Both'),
(3353,'Background'),
(3366,'Both'),
(3380,'Both'),
(3456,'Both'),
(3487,'Background'),
(3521,'Face'),
(3621,'Face'),
(3629,'Face'),
(3742,'Face'),
(3743,'Not Both'),
(3770,'Background'),
(3799,'Background'),
(3814,'Both'),
(3849,'Both'),
(3913,'Not Both'),
(4070,'Background'),
(4072,'Face'),
(4076,'Background'),
(4083,'Not Both'),
(4086,'Not Both'),
(4188,'Face'),
(4220,'Face'),
(4235,'Face'),
(4261,'Background'),
(4282,'Face'),
(4358,'Background'),
(4434,'Not Both'),
(4469,'Both'),
(4544,'Background'),
(4589,'Background'),
(4603,'Both'),
(4624,'Face'),
(4650,'Both'),
(4668,'Background'),
(4669,'Not Both'),
(4735,'Face'),
(4750,'Face'),
(4859,'Both'),
(4953,'Not Both'),
(4963,'Not Both'),
(5060,'Not Both'),
(5155,'Face'),
(5166,'Face'),
(5182,'Both'),
(5343,'Both'),
(5352,'Both'),
(5361,'Not Both'),
(5384,'Both'),
(5427,'Both'),
(5546,'Both'),
(5630,'Face'),
(5660,'Not Both'),
(5681,'Not Both'),
(5817,'Both'),
(5878,'Background'),
(5914,'Face'),
(5979,'Both'),
(5988,'Both'),
(6028,'Face'),
(6064,'Face'),
(6114,'Not Both'),
(6136,'Both'),
(6149,'Face'),
(6195,'Face'),
(6206,'Not Both'),
(6235,'Not Both'),
(6267,'Both'),
(6287,'Both'),
(6294,'Face'),
(6320,'Both'),
(6352,'Not Both'),
(6385,'Both'),
(6387,'Face'),
(6393,'Face'),
(6399,'Background'),
(6419,'Face'),
(6437,'Face'),
(6454,'Both'),
(6502,'Face'),
(6533,'Face'),
(6542,'Not Both'),
(6561,'Background'),
(6640,'Face'),
(6695,'Not Both'),
(6804,'Background'),
(6866,'Not Both'),
(6934,'Not Both'),
(6944,'Not Both'),
(6976,'Background'),
(6990,'Face'),
(7206,'Face'),
(7246,'Not Both'),
(7282,'Both'),
(7306,'Face'),
(7435,'Face'),
(7438,'Both'),
(7655,'Face'),
(7663,'Not Both'),
(7696,'Both'),
(7788,'Both'),
(7795,'Not Both'),
(7827,'Background'),
(7840,'Background'),
(7868,'Face'),
(7915,'Not Both'),
(8025,'Face'),
(8052,'Background'),
(8061,'Both'),
(8117,'Face'),
(8164,'Face'),
(8321,'Not Both'),
(8328,'Both'),
(8372,'Not Both'),
(8373,'Both'),
(8451,'Background'),
(8495,'Background'),
(8532,'Background'),
(8554,'Not Both'),
(8570,'Both'),
(8705,'Face'),
(8723,'Face'),
(8769,'Face'),
(8788,'Background'),
(8797,'Not Both'),
(8799,'Background'),
(8841,'Background'),
(8847,'Face'),
(8932,'Both'),
(8941,'Face'),
(8942,'Background'),
(9018,'Face'),
(9028,'Face'),
(9030,'Face'),
(9056,'Face'),
(9094,'Face'),
(9105,'Not Both'),
(9133,'Face'),
(9474,'Background'),
(9539,'Background'),
(9582,'Both'),
(9585,'Background'),
(9605,'Both'),
(9614,'Not Both'),
(9862,'Both'),
(9885,'Both'),
(9943,'Background'),
(9944,'Face'),
(9968,'Both');
/*!40000 ALTER TABLE `lens_type` ENABLE KEYS */;
UNLOCK TABLES;

--
-- Table structure for table `location`
--

DROP TABLE IF EXISTS `location`;
/*!40101 SET @saved_cs_client     = @@character_set_client */;
/*!40101 SET character_set_client = utf8mb4 */;
CREATE TABLE `location` (
  `user_id` int(11) NOT NULL,
  `start_time` datetime NOT NULL,
  `end_time` datetime DEFAULT NULL,
  `latitude` decimal(9,6) NOT NULL,
  `longitude` decimal(9,6) NOT NULL,
  PRIMARY KEY (`user_id`,`start_time`),
  CONSTRAINT `location_ibfk_1` FOREIGN KEY (`user_id`) REFERENCES `user` (`user_id`)
) ENGINE=InnoDB DEFAULT CHARSET=latin1 COLLATE=latin1_swedish_ci;
/*!40101 SET character_set_client = @saved_cs_client */;

--
-- Dumping data for table `location`
--

LOCK TABLES `location` WRITE;
/*!40000 ALTER TABLE `location` DISABLE KEYS */;
INSERT INTO `location` (`user_id`, `start_time`, `end_time`, `latitude`, `longitude`) VALUES (180,'2025-03-03 12:10:18','2025-03-03 13:29:01',22.051161,-59.489527),
(180,'2025-05-15 05:41:19','2025-05-15 07:16:09',58.376021,110.276640),
(454,'2025-04-30 15:56:24','2025-04-30 17:14:22',-45.033056,36.443113),
(506,'2025-02-09 17:53:37','2025-02-09 19:37:06',46.367855,84.457539),
(849,'2025-01-04 05:10:13','2025-01-04 06:37:49',87.569215,-95.901735),
(849,'2025-03-31 02:07:21','2025-03-31 03:27:30',3.837723,-91.951320),
(873,'2025-02-22 12:21:03','2025-02-22 12:54:43',-52.762485,29.636394),
(873,'2025-03-05 19:14:22','2025-03-05 20:04:41',45.989175,-110.343547),
(873,'2025-03-11 21:06:38','2025-03-11 22:02:20',-14.338422,-134.764023),
(1384,'2025-05-07 09:29:13','2025-05-07 10:04:04',60.581796,-168.274871),
(1442,'2025-01-14 12:29:07','2025-01-14 12:36:47',-23.665587,36.686866),
(1564,'2025-02-21 04:59:08','2025-02-21 05:57:08',5.233662,1.824974),
(1564,'2025-05-02 15:09:22','2025-05-02 16:29:24',-79.560856,-24.021780),
(1631,'2025-01-16 21:00:55','2025-01-16 22:34:11',-15.400815,56.523051),
(1808,'2025-04-14 10:16:32','2025-04-14 10:43:20',-15.830048,177.466835),
(2107,'2025-04-07 22:11:54','2025-04-07 23:05:24',37.915603,71.177860),
(2120,'2025-01-07 06:39:38','2025-01-07 07:32:47',-86.683727,101.207454),
(2120,'2025-02-11 18:15:23','2025-02-11 18:15:31',-52.907074,-158.517682),
(2120,'2025-04-04 03:50:30','2025-04-04 04:31:19',58.640550,-177.653357),
(2190,'2025-03-10 11:48:03','2025-03-10 12:03:18',-61.450442,-66.058931),
(2293,'2025-01-24 03:41:14','2025-01-24 04:05:41',21.093522,63.825105),
(2382,'2025-03-17 18:50:29','2025-03-17 20:33:45',81.119345,-28.504833),
(2527,'2025-02-18 15:48:15','2025-02-18 16:18:52',54.888343,52.626702),
(2527,'2025-04-27 01:41:30','2025-04-27 02:12:04',-67.128165,-91.030003),
(2681,'2025-03-16 23:18:21','2025-03-16 23:42:14',19.460265,139.165582),
(2681,'2025-04-11 20:31:21','2025-04-11 20:59:40',89.522414,-141.504747),
(2686,'2025-05-11 15:12:11','2025-05-11 15:12:28',64.337096,103.404134),
(2909,'2025-02-11 08:59:01','2025-02-11 09:07:38',-52.934797,108.296492),
(3363,'2025-05-09 12:50:14','2025-05-09 14:18:33',-77.034701,86.505718),
(3451,'2025-01-07 19:04:21','2025-01-07 20:01:31',41.351681,-22.528208),
(3505,'2025-01-07 05:03:57','2025-01-07 05:40:12',14.169999,8.643118),
(3505,'2025-04-13 23:22:59','2025-04-14 00:08:59',87.320504,-35.149199),
(3552,'2025-04-27 15:48:52','2025-04-27 16:09:41',55.783656,-81.792460),
(3552,'2025-05-15 17:04:44','2025-05-15 17:35:23',67.074971,-80.291105),
(3750,'2025-02-02 23:43:21','2025-02-03 00:20:04',-16.626570,52.843842),
(3750,'2025-03-07 18:16:38','2025-03-07 19:09:16',-74.117467,81.795042),
(3750,'2025-04-17 10:19:30','2025-04-17 11:43:30',72.153191,135.824323),
(3750,'2025-04-18 03:45:15','2025-04-18 04:01:05',40.222519,125.487942),
(3849,'2025-01-28 05:07:24','2025-01-28 07:03:44',14.092885,140.897499),
(3999,'2025-02-03 14:27:04','2025-02-03 15:06:55',-30.249241,99.977929),
(4353,'2025-03-12 20:38:43','2025-03-12 22:24:05',5.860513,-51.217097),
(4437,'2025-04-11 09:15:50','2025-04-11 09:22:51',58.716567,147.786465),
(4437,'2025-05-14 10:53:22','2025-05-14 11:23:59',76.955264,29.913829),
(4863,'2025-02-02 05:33:29','2025-02-02 07:19:30',0.803761,-118.613277),
(4863,'2025-02-12 00:16:14','2025-02-12 00:37:11',-43.501713,-88.872694),
(4863,'2025-02-15 05:47:46','2025-02-15 06:52:35',76.881700,130.571135),
(4863,'2025-03-23 20:58:07','2025-03-23 21:15:28',-73.179919,-47.615038),
(4952,'2025-02-21 21:35:22','2025-02-21 23:00:29',-24.717622,-77.301289),
(4952,'2025-05-13 13:23:16','2025-05-13 13:33:32',-22.137986,157.399671),
(4965,'2025-01-23 01:08:48','2025-01-23 02:08:17',38.013529,-24.827308),
(4965,'2025-03-31 09:39:39','2025-03-31 10:11:09',-36.482176,170.997719),
(5212,'2025-01-26 04:40:05','2025-01-26 05:26:51',-38.854237,-86.200856),
(5363,'2025-01-31 13:24:17','2025-01-31 14:04:58',19.574019,-3.547035),
(5363,'2025-02-07 21:13:46','2025-02-07 22:46:03',61.794442,80.866073),
(5739,'2025-05-15 04:24:42','2025-05-15 05:45:50',-68.631922,36.376272),
(5740,'2025-02-26 00:45:05','2025-02-26 02:15:56',-82.541478,27.796992),
(6032,'2025-04-11 01:08:56','2025-04-11 02:23:03',16.422424,-84.074366),
(6295,'2025-01-04 09:08:13','2025-01-04 09:52:34',-13.738518,-96.072188),
(6373,'2025-03-20 09:20:05','2025-03-20 10:45:07',5.820110,-157.567898),
(6510,'2025-01-19 18:10:48','2025-01-19 18:56:54',-11.705290,-160.483552),
(6510,'2025-03-13 19:23:38','2025-03-13 19:46:25',83.606099,-177.778312),
(6510,'2025-03-21 03:15:16','2025-03-21 05:14:59',-2.032073,-15.949039),
(6762,'2025-02-24 00:34:14','2025-02-24 01:38:57',13.601361,73.649394),
(6842,'2025-01-17 00:38:20','2025-01-17 00:40:02',-64.100422,-96.170271),
(6842,'2025-01-31 19:51:12','2025-01-31 19:55:36',76.933881,-65.914289),
(6857,'2025-02-16 22:22:04','2025-02-17 00:06:58',51.914676,-23.532200),
(6914,'2025-04-24 03:14:35','2025-04-24 04:07:54',50.517221,31.910312),
(7140,'2025-01-17 04:31:33','2025-01-17 05:07:03',-85.612429,153.386447),
(7174,'2025-05-10 06:31:28','2025-05-10 07:32:51',-50.233423,-95.039217),
(7417,'2025-05-06 20:07:45','2025-05-06 21:33:08',-38.758253,-179.701459),
(7439,'2025-02-03 07:33:50','2025-02-03 09:01:43',46.392040,28.888960),
(7439,'2025-04-27 09:03:09','2025-04-27 09:47:48',5.479647,-109.675498),
(7439,'2025-05-10 23:06:15','2025-05-10 23:08:47',59.284437,-5.575469),
(7473,'2025-01-28 03:24:45','2025-01-28 03:27:43',-21.022424,9.834189),
(7517,'2025-02-18 13:29:28','2025-02-18 15:09:02',-27.183629,102.612558),
(7578,'2025-03-18 00:51:38','2025-03-18 01:43:27',36.666224,52.832698),
(7659,'2025-01-13 11:31:54','2025-01-13 13:27:53',47.975451,-39.435404),
(7679,'2025-02-19 19:19:05','2025-02-19 21:03:09',46.889611,-179.360260),
(7679,'2025-03-03 13:55:05','2025-03-03 14:52:44',7.194805,-18.933778),
(7679,'2025-03-17 15:10:42','2025-03-17 16:53:38',51.331559,-169.747220),
(7810,'2025-02-04 17:33:59','2025-02-04 19:06:46',-24.330913,-93.972376),
(7810,'2025-04-17 19:37:51','2025-04-17 21:37:16',-37.610553,-99.996214),
(7888,'2025-03-28 05:17:10','2025-03-28 05:42:04',15.566360,-153.111249),
(8048,'2025-01-04 12:24:13','2025-01-04 12:36:51',-27.686016,103.196702),
(8149,'2025-03-22 14:48:03','2025-03-22 16:03:21',48.714135,160.508781),
(8520,'2025-05-08 01:12:41','2025-05-08 02:03:09',3.626313,85.676180),
(8660,'2025-04-03 10:46:01','2025-04-03 11:42:03',10.702520,22.667698),
(8696,'2025-05-11 07:53:08','2025-05-11 09:51:03',63.066787,174.819098),
(8707,'2025-03-29 09:01:46','2025-03-29 10:34:10',82.211382,24.518420),
(8707,'2025-04-28 15:01:52','2025-04-28 16:37:48',-65.102251,-7.988804),
(8801,'2025-05-05 04:44:13','2025-05-05 05:25:06',21.063747,134.844247),
(9354,'2025-01-19 00:28:59','2025-01-19 00:54:19',-8.275973,-68.300783),
(9354,'2025-02-04 13:07:15','2025-02-04 14:14:22',-65.464307,-44.140889),
(9354,'2025-05-14 19:22:09','2025-05-14 19:25:47',51.956423,164.168717),
(9646,'2025-01-18 07:33:47','2025-01-18 08:10:09',-29.066086,8.374058),
(9665,'2025-04-27 22:31:02','2025-04-27 22:42:54',-20.400218,-27.221305),
(9803,'2025-01-12 14:55:12','2025-01-12 15:29:15',30.129922,-44.103244),
(9803,'2025-02-02 00:42:48','2025-02-02 01:12:33',-24.205298,-147.124592),
(9974,'2025-01-16 16:56:02','2025-01-16 18:09:37',-3.718353,91.551252),
(9974,'2025-01-31 00:22:28','2025-01-31 00:53:58',57.315802,-71.019633);
/*!40000 ALTER TABLE `location` ENABLE KEYS */;
UNLOCK TABLES;

--
-- Table structure for table `pap`
--

DROP TABLE IF EXISTS `pap`;
/*!40101 SET @saved_cs_client     = @@character_set_client */;
/*!40101 SET character_set_client = utf8mb4 */;
CREATE TABLE `pap` (
  `user_id` int(11) NOT NULL,
  `room_id` int(11) NOT NULL,
  `sent_order` int(11) NOT NULL,
  `lens_id` int(11) DEFAULT NULL,
  `duration` int(11) NOT NULL,
  PRIMARY KEY (`user_id`,`room_id`,`sent_order`),
  KEY `lens_id` (`lens_id`),
  CONSTRAINT `pap_ibfk_1` FOREIGN KEY (`user_id`, `room_id`, `sent_order`) REFERENCES `content` (`user_id`, `room_id`, `sent_order`),
  CONSTRAINT `pap_ibfk_2` FOREIGN KEY (`lens_id`) REFERENCES `lens` (`lens_id`)
) ENGINE=InnoDB DEFAULT CHARSET=latin1 COLLATE=latin1_swedish_ci;
/*!40101 SET character_set_client = @saved_cs_client */;

--
-- Dumping data for table `pap`
--

LOCK TABLES `pap` WRITE;
/*!40000 ALTER TABLE `pap` DISABLE KEYS */;
INSERT INTO `pap` (`user_id`, `room_id`, `sent_order`, `lens_id`, `duration`) VALUES (111,9402,169,331,32),
(120,4533,26,9885,22),
(120,6800,283,2561,4),
(120,8486,136,9105,36),
(180,2400,131,1277,40),
(180,3026,71,6437,6),
(285,249,89,5361,55),
(312,3780,56,6944,13),
(312,4393,222,2664,2),
(312,8253,243,9474,15),
(454,8831,208,3346,37),
(454,9221,123,8942,5),
(506,1985,80,4220,30),
(506,4497,59,5155,25),
(506,5929,167,8570,33),
(873,455,121,1768,47),
(873,2891,200,9582,14),
(1063,3225,179,9105,18),
(1631,3225,61,931,15),
(1808,2493,72,5660,34),
(1969,194,174,7435,60),
(1969,1879,127,4086,36),
(2107,53,146,6294,21),
(2107,2731,159,2953,20),
(2107,6415,100,6195,29),
(2107,9015,214,6393,47),
(2120,5929,254,276,43),
(2190,4930,210,4220,20),
(2190,7029,235,8372,44),
(2293,4179,207,8788,51),
(2293,6641,38,2664,19),
(2382,933,137,2264,18),
(2382,3386,299,9885,1),
(2382,9821,211,8570,53),
(2527,9015,271,9018,53),
(2681,249,165,6399,30),
(2938,4393,84,6990,28),
(2997,4179,295,6267,55),
(2997,8824,262,1286,52),
(2997,8864,192,9585,28),
(3187,5036,176,2864,41),
(3187,9402,114,2664,30),
(3363,8417,162,4070,30),
(3363,9885,157,9944,36),
(3380,1768,78,9943,54),
(3451,8612,130,7206,17),
(3459,694,245,4070,10),
(3459,5036,270,4235,59),
(3459,8253,14,7435,10),
(3505,249,168,3629,3),
(3505,3949,248,4086,21),
(3505,5628,298,6437,50),
(3552,2320,195,6385,41),
(3552,9821,21,4083,37),
(3750,249,124,4188,15),
(3750,392,224,4076,49),
(3750,7258,40,6149,21),
(3999,2143,227,8554,21),
(3999,2265,73,2666,40),
(4140,2400,116,1768,51),
(4140,7150,118,9056,42),
(4547,5231,143,9133,3),
(4803,7811,163,4469,41),
(4863,5061,240,4358,24),
(4863,7150,203,4589,19),
(4952,1550,206,1277,31),
(4952,3780,292,2536,30),
(4965,2589,258,2224,24),
(5212,1879,109,9056,20),
(5212,6415,237,6385,8),
(5363,3394,153,5878,26),
(5363,6641,57,8451,18),
(5392,9825,90,5660,14),
(5392,9840,2,9030,44),
(5740,6613,62,5361,24),
(6032,2493,48,9582,3),
(6373,3594,85,9028,57),
(6373,4295,1,8061,24),
(6446,3026,229,2953,5),
(6446,5238,9,1851,1),
(6510,3759,15,9943,26),
(6510,5598,43,6287,17),
(6510,5795,13,4220,35),
(6638,5598,83,8117,28),
(6638,8187,260,7206,51),
(6751,7150,113,7795,40),
(6751,9825,53,7282,4),
(6762,2731,50,1298,24),
(6842,3026,282,6064,57),
(6842,3780,145,7306,43),
(6842,6613,93,8570,20),
(6842,7029,125,6533,8),
(7140,694,193,4072,22),
(7140,2320,184,2137,36),
(7174,694,154,9943,42),
(7194,455,67,4859,46),
(7417,1326,242,8025,50),
(7417,7811,33,1817,22),
(7439,7029,133,7868,31),
(7439,9322,94,6437,23),
(7473,4295,152,3849,57),
(7473,9825,172,5546,51),
(7517,194,142,2536,48),
(7578,8187,177,3629,20),
(7679,8070,156,1675,34),
(7888,2400,185,6866,54),
(8048,682,70,6195,16),
(8083,6415,119,8705,11),
(8144,249,233,7827,10),
(8144,2589,65,6294,46),
(8144,5238,64,6419,19),
(8149,541,202,2781,44),
(8149,4295,16,4668,3),
(8149,8831,32,7206,34),
(8406,325,273,2664,14),
(8406,3225,45,1983,13),
(8406,8824,99,8372,12),
(8500,6415,253,6028,16),
(8500,7778,128,805,58),
(8520,411,51,340,46),
(8520,9840,47,5546,14),
(8660,8023,86,3621,35),
(8696,4209,188,9474,38),
(8696,7811,205,9105,38),
(8707,9221,150,1768,36),
(8799,5231,68,6399,36),
(8799,9402,263,4544,17),
(8801,194,79,6114,39),
(8801,3104,204,4188,31),
(8801,9821,247,6287,28),
(9502,7258,105,2781,53),
(9568,8486,22,4603,51),
(9665,1410,209,517,31),
(9665,3490,274,1675,34),
(9665,8721,291,6206,41),
(9665,8824,6,7827,53),
(9803,3949,88,6934,29),
(9844,325,92,6561,28),
(9974,6415,54,1596,54);
/*!40000 ALTER TABLE `pap` ENABLE KEYS */;
UNLOCK TABLES;

--
-- Table structure for table `room_chat`
--

DROP TABLE IF EXISTS `room_chat`;
/*!40101 SET @saved_cs_client     = @@character_set_client */;
/*!40101 SET character_set_client = utf8mb4 */;
CREATE TABLE `room_chat` (
  `room_id` int(11) NOT NULL,
  `created_date` date NOT NULL,
  PRIMARY KEY (`room_id`)
) ENGINE=InnoDB DEFAULT CHARSET=latin1 COLLATE=latin1_swedish_ci;
/*!40101 SET character_set_client = @saved_cs_client */;

--
-- Dumping data for table `room_chat`
--

LOCK TABLES `room_chat` WRITE;
/*!40000 ALTER TABLE `room_chat` DISABLE KEYS */;
INSERT INTO `room_chat` (`room_id`, `created_date`) VALUES (47,'2025-01-26'),
(53,'2025-02-24'),
(187,'2025-04-25'),
(194,'2025-04-28'),
(249,'2025-01-13'),
(325,'2025-01-26'),
(392,'2025-02-14'),
(411,'2025-05-06'),
(455,'2025-03-12'),
(541,'2025-02-18'),
(682,'2025-02-23'),
(694,'2025-05-02'),
(933,'2025-05-07'),
(1058,'2025-04-21'),
(1326,'2025-04-26'),
(1410,'2025-05-13'),
(1550,'2025-03-13'),
(1768,'2025-03-31'),
(1879,'2025-05-02'),
(1985,'2025-01-24'),
(2143,'2025-03-27'),
(2265,'2025-01-19'),
(2320,'2025-02-14'),
(2400,'2025-04-21'),
(2493,'2025-02-02'),
(2589,'2025-03-22'),
(2731,'2025-03-08'),
(2736,'2025-03-08'),
(2891,'2025-02-20'),
(3026,'2025-02-12'),
(3104,'2025-02-05'),
(3211,'2025-03-22'),
(3225,'2025-04-16'),
(3386,'2025-01-08'),
(3394,'2025-04-05'),
(3424,'2025-04-17'),
(3449,'2025-02-17'),
(3490,'2025-01-11'),
(3540,'2025-05-14'),
(3594,'2025-03-27'),
(3759,'2025-04-16'),
(3780,'2025-03-06'),
(3796,'2025-02-08'),
(3885,'2025-03-28'),
(3924,'2025-05-12'),
(3949,'2025-01-19'),
(4179,'2025-05-14'),
(4209,'2025-01-14'),
(4258,'2025-03-26'),
(4295,'2025-03-03'),
(4393,'2025-02-23'),
(4497,'2025-02-22'),
(4533,'2025-03-12'),
(4930,'2025-02-19'),
(5036,'2025-02-28'),
(5061,'2025-04-05'),
(5231,'2025-04-04'),
(5238,'2025-03-21'),
(5598,'2025-01-08'),
(5628,'2025-03-28'),
(5795,'2025-04-12'),
(5929,'2025-04-14'),
(6071,'2025-03-13'),
(6109,'2025-02-23'),
(6415,'2025-04-28'),
(6548,'2025-01-19'),
(6613,'2025-03-10'),
(6641,'2025-01-12'),
(6653,'2025-02-27'),
(6800,'2025-05-01'),
(7029,'2025-04-05'),
(7150,'2025-04-13'),
(7258,'2025-03-13'),
(7511,'2025-05-14'),
(7778,'2025-04-20'),
(7811,'2025-04-12'),
(8023,'2025-03-26'),
(8070,'2025-02-02'),
(8088,'2025-02-24'),
(8187,'2025-05-14'),
(8253,'2025-04-11'),
(8381,'2025-03-29'),
(8417,'2025-01-10'),
(8486,'2025-01-22'),
(8612,'2025-03-15'),
(8721,'2025-03-23'),
(8824,'2025-02-27'),
(8831,'2025-01-13'),
(8864,'2025-03-31'),
(9015,'2025-04-22'),
(9221,'2025-04-04'),
(9250,'2025-04-06'),
(9322,'2025-01-20'),
(9364,'2025-01-03'),
(9402,'2025-01-01'),
(9788,'2025-03-08'),
(9821,'2025-04-12'),
(9825,'2025-01-06'),
(9840,'2025-01-05'),
(9885,'2025-04-06');
/*!40000 ALTER TABLE `room_chat` ENABLE KEYS */;
UNLOCK TABLES;

--
-- Table structure for table `room_join`
--

DROP TABLE IF EXISTS `room_join`;
/*!40101 SET @saved_cs_client     = @@character_set_client */;
/*!40101 SET character_set_client = utf8mb4 */;
CREATE TABLE `room_join` (
  `room_id` int(11) NOT NULL,
  `user_id` int(11) NOT NULL,
  `join_date` date NOT NULL,
  PRIMARY KEY (`room_id`,`user_id`),
  KEY `user_id` (`user_id`),
  CONSTRAINT `room_join_ibfk_1` FOREIGN KEY (`room_id`) REFERENCES `room_chat` (`room_id`),
  CONSTRAINT `room_join_ibfk_2` FOREIGN KEY (`user_id`) REFERENCES `user` (`user_id`)
) ENGINE=InnoDB DEFAULT CHARSET=latin1 COLLATE=latin1_swedish_ci;
/*!40101 SET character_set_client = @saved_cs_client */;

--
-- Dumping data for table `room_join`
--

LOCK TABLES `room_join` WRITE;
/*!40000 ALTER TABLE `room_join` DISABLE KEYS */;
INSERT INTO `room_join` (`room_id`, `user_id`, `join_date`) VALUES (47,5363,'2025-04-04'),
(53,3471,'2025-05-12'),
(187,9907,'2025-04-15'),
(194,4353,'2025-05-04'),
(249,1631,'2025-02-18'),
(325,1969,'2025-02-19'),
(392,285,'2025-01-12'),
(411,454,'2025-05-01'),
(455,7439,'2025-03-28'),
(541,7417,'2025-02-14'),
(682,1808,'2025-01-04'),
(694,3330,'2025-03-10'),
(933,3750,'2025-05-07'),
(1058,7659,'2025-04-07'),
(1326,8696,'2025-01-21'),
(1410,3459,'2025-01-23'),
(1550,2686,'2025-03-07'),
(1768,6373,'2025-04-21'),
(1879,6638,'2025-02-11'),
(1985,2527,'2025-03-22'),
(2143,180,'2025-01-14'),
(2265,9568,'2025-02-01'),
(2320,7810,'2025-01-11'),
(2400,3451,'2025-04-24'),
(2493,6446,'2025-02-15'),
(2589,9646,'2025-05-06'),
(2731,7174,'2025-04-07'),
(2736,506,'2025-03-05'),
(2891,3552,'2025-05-08'),
(3026,6751,'2025-04-27'),
(3104,7473,'2025-01-14'),
(3211,4952,'2025-05-01'),
(3225,4437,'2025-01-07'),
(3386,8083,'2025-03-17'),
(3394,2681,'2025-04-06'),
(3424,4547,'2025-02-19'),
(3449,6295,'2025-02-25'),
(3490,2938,'2025-04-13'),
(3540,7351,'2025-03-01'),
(3594,1063,'2025-01-19'),
(3759,8660,'2025-01-14'),
(3780,312,'2025-04-26'),
(3796,9354,'2025-04-18'),
(3885,2293,'2025-02-08'),
(3924,5740,'2025-01-28'),
(3949,4863,'2025-02-12'),
(4179,5739,'2025-03-22'),
(4209,1564,'2025-02-18'),
(4258,8149,'2025-04-24'),
(4295,4965,'2025-01-25'),
(4393,4803,'2025-03-04'),
(4497,8500,'2025-01-02'),
(4533,7140,'2025-02-15'),
(4930,6842,'2025-01-16'),
(5036,6857,'2025-03-18'),
(5061,4073,'2025-04-05'),
(5231,8799,'2025-04-13'),
(5238,9502,'2025-02-05'),
(5598,8707,'2025-05-10'),
(5628,2997,'2025-04-25'),
(5795,9844,'2025-03-16'),
(5929,8048,'2025-03-28'),
(6071,2107,'2025-02-21'),
(6109,2382,'2025-01-09'),
(6415,7194,'2025-04-20'),
(6548,873,'2025-05-01'),
(6613,2120,'2025-03-09'),
(6641,1442,'2025-01-08'),
(6653,1384,'2025-01-28'),
(6800,3505,'2025-04-11'),
(7029,111,'2025-03-19'),
(7150,3849,'2025-04-01'),
(7258,6762,'2025-03-19'),
(7511,5212,'2025-04-02'),
(7778,6032,'2025-04-27'),
(7811,7888,'2025-01-11'),
(8023,8520,'2025-04-22'),
(8070,3187,'2025-02-12'),
(8088,2190,'2025-02-01'),
(8187,9803,'2025-05-04'),
(8253,8801,'2025-03-27'),
(8381,3380,'2025-04-12'),
(8417,5392,'2025-04-28'),
(8486,3363,'2025-04-04'),
(8612,6914,'2025-02-24'),
(8721,8406,'2025-01-13'),
(8824,849,'2025-05-05'),
(8831,6510,'2025-03-05'),
(8864,4140,'2025-03-19'),
(9015,120,'2025-03-15'),
(9221,7578,'2025-04-23'),
(9250,5839,'2025-01-05'),
(9322,9665,'2025-05-01'),
(9364,8144,'2025-03-11'),
(9402,7517,'2025-04-24'),
(9788,9974,'2025-02-22'),
(9821,3999,'2025-01-11'),
(9825,7679,'2025-03-18'),
(9840,7082,'2025-01-20'),
(9885,2909,'2025-02-07');
/*!40000 ALTER TABLE `room_join` ENABLE KEYS */;
UNLOCK TABLES;

--
-- Table structure for table `subscription`
--

DROP TABLE IF EXISTS `subscription`;
/*!40101 SET @saved_cs_client     = @@character_set_client */;
/*!40101 SET character_set_client = utf8mb4 */;
CREATE TABLE `subscription` (
  `user_id` int(11) DEFAULT NULL,
  `subscription_number` int(11) NOT NULL,
  `subscribe_date` date NOT NULL,
  `expire_date` date NOT NULL,
  `status` tinyint(4) NOT NULL,
  PRIMARY KEY (`subscription_number`),
  KEY `user_id` (`user_id`),
  CONSTRAINT `subscription_ibfk_1` FOREIGN KEY (`user_id`) REFERENCES `user` (`user_id`)
) ENGINE=InnoDB DEFAULT CHARSET=latin1 COLLATE=latin1_swedish_ci;
/*!40101 SET character_set_client = @saved_cs_client */;

--
-- Dumping data for table `subscription`
--

LOCK TABLES `subscription` WRITE;
/*!40000 ALTER TABLE `subscription` DISABLE KEYS */;
INSERT INTO `subscription` (`user_id`, `subscription_number`, `subscribe_date`, `expire_date`, `status`) VALUES (2997,62,'2025-05-11','2025-05-04',1),
(9907,105,'2025-03-15','2025-04-09',1),
(7174,235,'2025-04-15','2025-04-29',1),
(7194,709,'2025-05-03','2025-04-09',1),
(8144,803,'2025-05-07','2025-03-15',1),
(6751,807,'2025-02-17','2025-03-17',1),
(5363,834,'2025-03-12','2025-01-08',0),
(7679,1077,'2025-04-09','2025-04-12',1),
(8048,1112,'2025-03-03','2025-01-02',1),
(3552,1119,'2025-03-15','2025-03-19',0),
(4952,1134,'2025-03-21','2025-01-29',1),
(6032,1329,'2025-04-02','2025-03-16',0),
(1384,1336,'2025-05-12','2025-02-11',0),
(1631,1694,'2025-01-04','2025-03-06',0),
(6914,1714,'2025-02-17','2025-01-05',1),
(7082,1813,'2025-03-27','2025-02-12',0),
(8083,1924,'2025-05-14','2025-03-29',1),
(6295,1973,'2025-04-15','2025-04-02',0),
(3330,1982,'2025-03-12','2025-04-25',1),
(3187,2134,'2025-01-13','2025-01-20',1),
(8801,2482,'2025-01-10','2025-04-07',1),
(285,2560,'2025-01-01','2025-04-20',0),
(1063,2583,'2025-03-16','2025-01-09',1),
(8707,2677,'2025-01-30','2025-04-22',0),
(6842,2784,'2025-01-06','2025-01-20',1),
(2107,2918,'2025-02-24','2025-01-11',1),
(849,2964,'2025-04-06','2025-01-15',1),
(2382,3013,'2025-03-01','2025-05-12',1),
(873,3196,'2025-01-04','2025-04-26',0),
(1442,3222,'2025-01-06','2025-04-13',0),
(4547,3302,'2025-04-22','2025-04-07',0),
(5839,3372,'2025-03-06','2025-05-02',1),
(7439,3467,'2025-01-29','2025-03-16',0),
(4803,3526,'2025-03-09','2025-01-11',1),
(4965,3586,'2025-04-02','2025-04-02',0),
(9568,3654,'2025-01-06','2025-03-03',1),
(1969,3975,'2025-02-05','2025-02-01',0),
(7659,4069,'2025-03-31','2025-01-10',0),
(6638,4098,'2025-01-08','2025-01-25',0),
(2681,4312,'2025-03-26','2025-05-02',1),
(7888,4368,'2025-04-19','2025-01-12',1),
(9665,4382,'2025-02-10','2025-03-26',0),
(2909,4634,'2025-04-20','2025-05-06',0),
(7517,4849,'2025-04-17','2025-05-04',0),
(8696,5054,'2025-02-10','2025-02-14',0),
(6762,5118,'2025-05-12','2025-03-18',0),
(6446,5275,'2025-01-09','2025-05-15',1),
(4353,5277,'2025-05-01','2025-04-07',0),
(9354,5316,'2025-05-03','2025-04-15',0),
(5392,5367,'2025-02-16','2025-01-07',0),
(5740,5495,'2025-01-27','2025-03-03',0),
(8406,5517,'2025-03-11','2025-03-07',1),
(3451,5528,'2025-01-19','2025-04-29',1),
(7351,5656,'2025-01-18','2025-03-19',1),
(5212,5728,'2025-04-22','2025-01-20',1),
(3459,5755,'2025-05-09','2025-05-10',1),
(1564,5919,'2025-02-23','2025-03-20',0),
(111,5955,'2025-03-12','2025-03-26',0),
(3471,5962,'2025-03-04','2025-01-10',1),
(2120,6192,'2025-04-17','2025-02-03',0),
(7140,6208,'2025-04-13','2025-05-02',1),
(3363,6324,'2025-04-15','2025-01-16',0),
(8660,6570,'2025-02-25','2025-01-15',1),
(2190,6593,'2025-03-17','2025-03-21',0),
(7810,6629,'2025-04-22','2025-01-09',1),
(180,6782,'2025-05-01','2025-01-07',1),
(4140,6799,'2025-05-04','2025-03-29',0),
(9646,6836,'2025-04-14','2025-05-03',0),
(4437,6928,'2025-01-07','2025-01-03',0),
(7473,6946,'2025-02-04','2025-01-10',0),
(2527,7556,'2025-02-25','2025-01-12',1),
(6373,7583,'2025-02-27','2025-04-06',1),
(9502,7586,'2025-03-04','2025-01-30',1),
(4073,7637,'2025-03-17','2025-01-15',0),
(3750,7885,'2025-03-29','2025-04-24',1),
(9844,7956,'2025-04-06','2025-04-17',1),
(9803,8070,'2025-03-30','2025-03-04',0),
(2938,8224,'2025-02-13','2025-04-21',0),
(8500,8242,'2025-05-14','2025-01-19',0),
(2686,8358,'2025-04-17','2025-02-18',1),
(8520,8426,'2025-03-13','2025-05-10',1),
(8799,8522,'2025-04-19','2025-01-24',1),
(6510,8599,'2025-03-22','2025-03-11',0),
(3849,8695,'2025-02-09','2025-04-24',0),
(3380,8712,'2025-01-24','2025-01-11',0),
(1808,8778,'2025-02-03','2025-01-14',1),
(9974,9053,'2025-03-19','2025-02-09',1),
(6857,9101,'2025-03-03','2025-02-25',0),
(2293,9112,'2025-02-21','2025-01-08',1),
(8149,9246,'2025-05-04','2025-02-22',1),
(3999,9247,'2025-03-16','2025-04-09',1),
(506,9288,'2025-03-10','2025-02-17',1),
(454,9332,'2025-04-29','2025-03-03',1),
(7417,9408,'2025-04-23','2025-02-13',1),
(4863,9420,'2025-01-06','2025-02-12',1),
(7578,9525,'2025-01-24','2025-03-18',1),
(3505,9726,'2025-02-14','2025-01-23',1),
(5739,9800,'2025-03-18','2025-03-02',1),
(312,9886,'2025-01-10','2025-04-28',0),
(120,9987,'2025-03-03','2025-04-20',0);
/*!40000 ALTER TABLE `subscription` ENABLE KEYS */;
UNLOCK TABLES;

--
-- Table structure for table `user`
--

DROP TABLE IF EXISTS `user`;
/*!40101 SET @saved_cs_client     = @@character_set_client */;
/*!40101 SET character_set_client = utf8mb4 */;
CREATE TABLE `user` (
  `user_id` int(11) NOT NULL,
  `email` varchar(100) NOT NULL,
  `password` varchar(100) NOT NULL,
  `username` varchar(50) NOT NULL,
  `telp_num` varchar(15) DEFAULT NULL,
  `birthdate` date DEFAULT NULL,
  `date_created` date NOT NULL,
  `level_id` int(11) DEFAULT NULL,
  PRIMARY KEY (`user_id`),
  UNIQUE KEY `email` (`email`),
  UNIQUE KEY `username` (`username`),
  KEY `level_id` (`level_id`),
  CONSTRAINT `user_ibfk_1` FOREIGN KEY (`level_id`) REFERENCES `lens_level` (`level_id`)
) ENGINE=InnoDB DEFAULT CHARSET=latin1 COLLATE=latin1_swedish_ci;
/*!40101 SET character_set_client = @saved_cs_client */;

--
-- Dumping data for table `user`
--

LOCK TABLES `user` WRITE;
/*!40000 ALTER TABLE `user` DISABLE KEYS */;
INSERT INTO `user` (`user_id`, `email`, `password`, `username`, `telp_num`, `birthdate`, `date_created`, `level_id`) VALUES (111,'brianschwartz@example.net','wY7K%xwL*v','rcrawford','08967633745','2002-02-18','2022-02-06',NULL),
(120,'sanchezsandra@example.com','*@2Z56tFh5','smithjohn','08072264220','1988-12-02','2020-09-29',3),
(180,'heidi31@example.org','+Y9BlTy27h','meaganwheeler','08136450892','1980-08-10','2023-07-14',NULL),
(285,'colestone@example.com','+w1UD@x!2m','markdiaz','08103340051','2001-10-13','2024-09-20',NULL),
(312,'halljared@example.com','m1EvC5yB#2','stephanie43','08297728701','1988-05-15','2024-12-09',0),
(454,'imurphy@example.com','^P83ULtmsn','heatheryoung','08829478003','1967-08-18','2024-07-24',0),
(506,'nicolefox@example.org','n9TG(%eV_4','spencertamara','08472582212','1974-11-08','2024-10-31',0),
(849,'callahanjose@example.net','116YtZ&x#s','jason06','08056931342','1998-11-19','2023-10-11',NULL),
(873,'dan38@example.net','m(tv5Jyh_5','salazargregory','08005172754','2003-07-18','2020-11-25',NULL),
(1063,'davidmurray@example.net','Z4C4BlZw%$','nicholsteresa','08113060634','1999-09-21','2022-11-04',0),
(1384,'amorris@example.net','49Ua#Owc)o','francis83','08576747946','1991-11-21','2024-11-10',0),
(1442,'smorgan@example.com','9%V1Vx4bpH','alejandro84','08625081829','1992-02-13','2023-04-30',0),
(1564,'ashields@example.org','@t0AVaX)4!','elizabeth01','08104188729','1990-10-21','2024-02-03',NULL),
(1631,'tmorris@example.com','St6TLH0g^X','ureilly','08215404698','2005-05-21','2024-03-29',0),
(1808,'taylorashley@example.net','8TrN4dpb^X','campbellallen','08538807699','1961-05-09','2022-06-22',0),
(1969,'fkeith@example.org','^koZ^lTdN1','hernandezdavid','08146204708','1962-11-16','2021-05-20',0),
(2107,'elizabeth29@example.net','@T3kVH7ab3','jonathanwilson','08715762010','2003-03-23','2024-10-29',0),
(2120,'zacharyhamilton@example.org','%S!HBNHa2b','gloverandre','08338872740','1986-01-25','2023-04-20',0),
(2190,'carrieramirez@example.org','nk6AXZhY$3','meganharvey','08012350771','1963-08-22','2023-01-06',0),
(2293,'colincannon@example.org','1Tm36Mjg)^','ryan28','08346681044','1970-02-21','2022-08-16',NULL),
(2382,'amyfowler@example.org','2L5z%RMU+t','goldenlauren','08301687483','2000-06-21','2021-08-12',0),
(2527,'oclark@example.org','#5BGLdic$l','qduke','08577610562','1983-08-05','2021-05-27',0),
(2681,'reyescarrie@example.org','Y7ahB9Zu(a','cindymcdaniel','08483405371','1989-03-25','2021-05-13',0),
(2686,'rgriffin@example.net',')IKHj%O&M8','lopezalexander','08712210585','1963-12-24','2023-09-26',0),
(2909,'theresa93@example.net','@cS8NtNC5B','dfowler','08079676467','1962-11-15','2022-04-06',0),
(2938,'rebeccayates@example.net','M+L%7SyQYL','matthew69','08778189780','1960-04-19','2021-04-02',NULL),
(2997,'nancy25@example.net','(elPx0RbeQ','amanda98','08113609122','1957-04-07','2021-03-24',0),
(3187,'vsimmons@example.com','&RO$o)Qa^8','frederickalexander','08158034671','1997-06-02','2020-07-18',NULL),
(3330,'leecassandra@example.net','&8lGL*v(9D','asmith','08949799014','1968-10-02','2024-05-07',0),
(3363,'uwilliams@example.com','%!4YcUt)J^','onealmichael','08545839111','1969-01-08','2021-12-15',NULL),
(3380,'franklinamanda@example.org','21ODRib%^A','bwilliams','08739721038','1986-02-22','2020-03-06',0),
(3451,'hoffmanwilliam@example.org','%3BrqGdWcc','thenry','08977393733','1989-04-10','2021-01-26',NULL),
(3459,'racheldavis@example.org','G7#7bVktT_','snelson','08988826885','1985-01-18','2021-09-05',0),
(3471,'greenjustin@example.org','&G8NxCVp*3','xsimpson','08143137791','2004-04-21','2025-04-22',0),
(3505,'rlewis@example.net','_4yWWo+4V6','marcushodge','08473532636','1975-04-19','2022-04-08',0),
(3552,'edwardfrank@example.net','I3fxIJnq&$','monicastokes','08519801607','2001-06-17','2022-07-04',0),
(3750,'proctorwesley@example.com','t^ZSDw%s#2','imyers','08682895274','1964-09-10','2025-04-03',0),
(3849,'erikbrown@example.com','1SPt1myZ))','christopher61','08175878299','1971-05-08','2024-11-11',0),
(3999,'yguzman@example.org','aG4QI76u%^','khardy','08342815812','1968-07-11','2024-05-23',0),
(4073,'james27@example.net','$4_7h7DdR7','crawfordamber','08259629916','1958-10-08','2020-04-23',NULL),
(4140,'fitzgeraldlauren@example.com',')Wu6JcdrhK','erictodd','08726231186','1955-08-15','2023-01-26',0),
(4353,'aaron71@example.com','Mi9CMxqUM+','wnelson','08013636825','2002-12-09','2025-02-22',0),
(4437,'bradypamela@example.net','_(J0LrD1Of','michaellee','08672013001','1993-11-08','2021-09-26',0),
(4547,'darrellturner@example.net','a(j76AAb%z','heatherfigueroa','08399844537','1995-04-03','2024-03-27',0),
(4803,'jonesandrea@example.net','3DJ1C)y(_q','cassandra55','08167185674','1990-03-28','2022-03-09',0),
(4863,'figueroachristine@example.net','NIWL56m0#$','vrollins','08006901706','1955-03-28','2020-06-01',0),
(4952,'hmurphy@example.com','K4*OhdjS@x','davischristopher','08154041894','2007-05-03','2023-05-20',0),
(4965,'weberjulia@example.org','CP6Pb2BBB#','wagnermichael','08542865144','1970-10-30','2020-11-12',0),
(5212,'tiffanyhodges@example.com','Rf6ugGjQ(A','randallwilliams','08931925752','1968-06-21','2022-12-04',NULL),
(5363,'hunter15@example.org','Fqw%YfM0$2','choijoseph','08686144316','1989-03-31','2023-05-12',0),
(5392,'kfuentes@example.com','^N2uP7Ko_K','kevingreen','08105575724','1998-03-22','2024-11-23',0),
(5739,'stevenberry@example.net','FhfJBvuH+5','jonjordan','08200362551','1981-10-26','2024-09-02',0),
(5740,'roberthenry@example.com','r3DA0tEA&#','angelahumphrey','08091861249','2004-02-18','2023-05-16',0),
(5839,'kanderson@example.com','71xKWcas)p','lisa62','08582522254','1973-05-23','2020-07-01',0),
(6032,'valenzuelameghan@example.com','WrJXdMhW+8','ybrewer','08146633230','1975-02-11','2023-07-20',NULL),
(6295,'nwallace@example.net','qp0WRlmv)R','kylegonzalez','08933974337','1977-01-08','2022-11-29',0),
(6373,'lisa72@example.net','&LE_yY*X0r','james64','08300726272','1996-09-27','2023-06-29',0),
(6446,'stephaniecastro@example.net','DQPn33anP+','gmatthews','08732553623','1998-10-14','2022-09-17',0),
(6510,'megansanchez@example.com','ME8@M0Jg0y','hgordon','08875631717','1989-10-07','2023-09-09',0),
(6638,'jacksonmichael@example.org','a@5Bjl4l1X','elizabethlopez','08871345548','1983-04-11','2022-02-25',0),
(6751,'denisemarks@example.net','Tf$0UwAs#Z','john57','08103651738','1964-09-30','2023-06-08',0),
(6762,'cheneric@example.org','!%yf@tTga8','icox','08473384660','2003-03-03','2020-03-17',0),
(6842,'xjohnson@example.net','Agb6@tNz$$','victoriabennett','08801348106','2001-10-18','2022-09-13',0),
(6857,'wanderson@example.com','Q34*8iQe!f','daystephanie','08499281139','1984-08-14','2023-06-05',0),
(6914,'amandacannon@example.com','g@O2$2NwBo','michelle71','08068911947','1985-08-15','2021-10-08',NULL),
(7082,'robertarnold@example.net','vwWbi9l++0','james80','08058318000','1981-04-23','2020-01-23',NULL),
(7140,'tony47@example.org','6lJzhsWb+s','hbrandt','08599086904','2007-05-07','2025-02-14',NULL),
(7174,'curtis46@example.com','TzZ1ChK7%j','jonathon67','08274130303','1969-11-25','2020-05-26',0),
(7194,'patrickholmes@example.org','(3LRbz#!s*','dmayer','08093287272','1984-05-14','2025-01-19',NULL),
(7351,'paul00@example.com',')3csVEenZV','usharp','08357728768','1991-09-11','2025-01-26',0),
(7417,'chenjulie@example.org','%11xOpjK_B','alicia82','08205939176','1985-02-27','2022-07-03',0),
(7439,'kelseydavis@example.org','_CSLU2uf+9','john13','08160066073','1987-11-04','2021-05-18',NULL),
(7473,'petersrhonda@example.net','g5&)2Vbvpl','padillacharles','08824500779','1997-05-09','2020-12-12',0),
(7517,'markhebert@example.com','*^919E*xFV','davischelsey','08677808736','1976-08-19','2020-02-27',NULL),
(7578,'aatkins@example.org','a7Esdelh**','millernicholas','08881339974','1971-01-20','2022-10-03',0),
(7659,'cynthia24@example.com','&!5kKFfn&H','rachelweiss','08579423540','2005-01-11','2022-05-28',0),
(7679,'ujones@example.com','^X&nVqEk4Z','brandy65','08014958740','1995-12-01','2025-02-03',NULL),
(7810,'shawn92@example.net','bi4caXp$&U','robertmay','08998540133','1980-10-25','2024-02-27',NULL),
(7888,'melissa69@example.net','+uTF3!Rg9j','april45','08148271002','1992-05-22','2020-12-07',0),
(8048,'fsmith@example.com','AC^4V6zj&q','robert46','08121058665','1966-10-30','2024-05-17',0),
(8083,'cthompson@example.com','Wk&x8B1hW%','lwilson','08520718503','1980-05-06','2024-12-14',0),
(8144,'johnwilliams@example.net','&A7!JdLpd0','singhkevin','08661621795','1983-10-14','2022-07-10',0),
(8149,'gomezcynthia@example.org','$0U9KwfvdI','amymorris','08278467583','1983-04-01','2024-05-28',2),
(8406,'garciashannon@example.net','%sU@7LKwO^','bakerisabella','08729392433','1998-02-23','2024-12-20',NULL),
(8500,'lindsey50@example.com','2H2jPW9f+_','nicole71','08488681022','1959-09-23','2025-03-19',0),
(8520,'andrew48@example.org','rT$Wo7laI(','thomaskaren','08883748471','1997-04-06','2023-10-16',NULL),
(8660,'kevincopeland@example.org','l$8J2MCa3M','randallbrandon','08860268585','1961-08-23','2022-05-08',0),
(8696,'qbrown@example.org','90dZsWwh*i','moralesrobert','08862855154','1970-03-18','2022-03-17',0),
(8707,'joshua57@example.net','Sj2!HVuv!y','qshaw','08057919910','2003-09-27','2022-03-12',0),
(8799,'natalie76@example.org','(4WkWBp(T%','woodwarddevin','08590285943','2007-03-30','2024-11-04',0),
(8801,'martinezjordan@example.net','*9ZSCA2c_%','elizabeth97','08478995425','1959-09-17','2020-11-24',NULL),
(9354,'fhunter@example.com','BS52fUqP+2','onguyen','08252577490','1991-08-03','2020-05-01',0),
(9502,'bwalker@example.com','&p9PYwsr_u','baileyeric','08014095474','1966-11-30','2023-09-03',0),
(9568,'isaac77@example.com','RWP0aAqtP@','nelsonbrian','08912891243','1970-08-31','2022-12-28',0),
(9646,'lcollins@example.org','k*6CYnbcGr','pstrickland','08928539604','1992-03-20','2024-07-26',0),
(9665,'benjamin19@example.com','d*z6YuzkR*','bernard29','08015071220','1973-08-26','2021-04-16',0),
(9803,'bryan71@example.net','+S6M^Mvl+v','lopezbianca','08859827639','1971-12-24','2022-11-19',0),
(9844,'smccullough@example.org','%q15zSfoG)','caitlinponce','08602138445','1990-12-25','2020-02-06',0),
(9907,'wsherman@example.com','d$3OB53pwN','maysgeorge','08612025086','1989-10-21','2021-03-14',1),
(9974,'jordanbailey@example.com','%D0tkTVb*S','allenchristine','08539187912','2002-10-30','2020-11-29',0);
/*!40000 ALTER TABLE `user` ENABLE KEYS */;
UNLOCK TABLES;
/*!40103 SET TIME_ZONE=@OLD_TIME_ZONE */;

/*!40101 SET SQL_MODE=@OLD_SQL_MODE */;
/*!40014 SET FOREIGN_KEY_CHECKS=@OLD_FOREIGN_KEY_CHECKS */;
/*!40014 SET UNIQUE_CHECKS=@OLD_UNIQUE_CHECKS */;
/*!40101 SET CHARACTER_SET_CLIENT=@OLD_CHARACTER_SET_CLIENT */;
/*!40101 SET CHARACTER_SET_RESULTS=@OLD_CHARACTER_SET_RESULTS */;
/*!40101 SET COLLATION_CONNECTION=@OLD_COLLATION_CONNECTION */;
/*M!100616 SET NOTE_VERBOSITY=@OLD_NOTE_VERBOSITY */;

-- Dump completed on 2025-05-16 17:34:00
